:020000040800F2
:1000000090DF012061020008B145010829E30008E2
:10001000BD1001081913000821B201087902000877
:1000200000000000000000000000000095590108D9
:10003000BD27000800000000B54501082969010836
:10004000830200088302000883020008830200087C
:10005000830200088302000883020008830200086C
:10006000830200088302000883020008C1270008F9
:1000700083020008D1270008D9270008830200085E
:10008000830200088302000883020008830200083C
:10009000830200088302000883020008830200082C
:1000A0008302000883020008C9270008D12C000839
:1000B000DD2C000883020008830200088302000888
:1000C00083020008830200088302000883020008FC
:1000D00000000000830200088302000801280008D5
:1000E00083020008830200088302000883020008DC
:1000F00083020008E98C01088302000883020008DB
:10010000F58C0108018D01080D8D0108830200089E
:1001100083020008830200088302000883020008AB
:100120008302000883020008C1AC010883020008B2
:10013000830200088302000883020008830200088B
:10014000830200088302000883020008830200087B
:10015000830200088302000883020008830200086B
:10016000830200088302000883020008830200085B
:10017000830200088302000883020008BD500108C2
:10018000830200088302000883020008830200083B
:10019000830200088302000883020008830200082B
:1001A0008302000883020008E92C0008830200088B
:1001B000830200088302000883020008830200080B
:1001C00083020008830200088302000883020008FB
:1001D00083020008830200088302000883020008EB
:1001E00083020008830200088302000883020008DB
:1001F000830200080D28000883020008830200081B
:100200008302000883020008830200080000000047
:1002100000000000830200080000000083020008C4
:10022000830200088302000883020008830200089A
:10023000830200088302000883020008830200088A
:10024000830200088302000883020008DFF80CD054
:1002500000F0EEF80048004731F8010890DF012077
:10026000084880F30A880848804708480047FEE7A6
:10027000FEE7FEE7FEE7FEE7FEE7FEE7FEE7FEE756
:10028000FEE7FEE790DB0120E17401084D02000863
:100290002DE9F05F0546002092469B4688460646BB
:1002A000814640241BE0284641464746224600F04E
:1002B000AEF853465A46C01A914110D3114618461B
:1002C000224600F095F82D1A67EB01084F462246AA
:1002D0000120002100F08CF817EB00094E41201E90
:1002E000A4F10104DFDC484631462A464346BDE816
:1002F000F09F2DE9F0410024061B254671F1000610
:1003000005DA01240027D0EB070067EB0101161E78
:1003100073F1000605DA0027D2EB0702012567EB2F
:100320000303FFF7B5FF86460E4617469C46AC42D0
:1003300004D00025D0EB050E65EB010624B10020AA
:10034000D2EB000760EB030C704631463A46634639
:10035000BDE8F08140EA01039B0703D009E008C92A
:10036000121F08C0042AFAD203E011F8013B00F87A
:10037000013B521EF9D27047D2B201E000F8012BC6
:10038000491EFBD270470022F6E710B513460A4615
:1003900004461946FFF7F0FF204610BD10B504468D
:1003A00004E00B7800F8013B03B1491C521EF8D25F
:1003B000204610BD421C10F8011B0029FBD1801AF9
:1003C0007047CBB203E00178994203D0401C521E23
:1003D000F9D20020704730B504460020034600E003
:1003E0005B1C934203D2E05CCD5C401BF8D030BD77
:1003F000202A04DB203A00FA02F1002070479140E5
:10040000C2F1200320FA03F3194390407047202AD9
:1004100004DB203A21FA02F00021704721FA02F3AE
:10042000D040C2F1200291400843194670470000B5
:10043000064C074D06E0E06840F0010394E8070031
:1004400098471034AC42F6D3FFF704FF705C020803
:10045000905C020870B58C1810F8015B15F007036A
:1004600001D110F8013B2A1106D110F8012B03E04D
:1004700010F8016B01F8016B5B1EF9D12B0705D455
:100480000023521E0DD401F8013BFAE710F8013B9E
:10049000CB1A921C03E013F8015B01F8015B521EBA
:1004A000F9D5A142D8D3002070BD000070B5044634
:1004B000006882688368DB0843EA9202D20704BFBF
:1004C000002070BDC268920120D5627E012A1DD134
:1004D000227E012A1AD10168490612D40421CAF2E7
:1004E000403100BF043953D0026852065FBF026832
:1004F0005FEA426202685FEA426202D40268520620
:10050000F0D540210160012106E000BF022903D19E
:100510000221082612E000BF826852070AD58268CD
:10052000920707D482684FF6C073C7F6FF731A406C
:100530001032826001294FF0040610D08268120741
:100540000AD58268920707D482684FF6C073C7F64F
:10055000FF731A4020328260032908BF0C2604F082
:1005600047FE21688968314204BF002070BD0546FE
:1005700005E000BF8068304204BF002070BD04F079
:1005800037FE411B20680629F4D381683142F1D03F
:10059000A06D40F01000A065E06D40F00100E06546
:1005A000012070BD0146C06D836D826D13F0500F48
:1005B00008D0D20648BF02F0D1BD006D826E084659
:1005C000104700BF42F40071816501680B68CA687A
:1005D0001B0711D491070CD4816D21F480718165C2
:1005E000816DC90448BF02F0A5BD816D41F00101D4
:1005F000816502F09FBD00BF12F4406FF9D1C96858
:100600008904F6D4816D21F480718165816DC904FE
:10061000EFD4816D41F00101816502F08BBD0000D6
:10062000C06D816D41F040018165C16D41F00401F3
:10063000C16502F093BD0000C06D02F08DBD0000E9
:10064000B0B50168044688688A6880074FF00000EA
:1006500033D412F0010208BFB0BD886800F00D006D
:1006600001281FD188684FF6C072C7F6FF7210408C
:10067000023088600320086004F0BAFD21688968B0
:10068000C90704BF0020B0BD054602E08068C0076E
:1006900012D004F0ADFD411B20680329F6D3816818
:1006A000C907F3D0A06D40F01000A065E06D40F0E8
:1006B0000100E0650120B0BD0020B0BD70B582B082
:1006C00004460020019021688A68D20743D14FF682
:1006D000C076C7F6FF76886806F17F0210420BD01D
:1006E000A06D40F01000A065E06D40F00100E065F5
:1006F000012002B070BD00BF8868304040F00100AA
:10070000886048F20830C4F202200068000225D454
:1007100004F06EFD21680A68D2071EBF002002B0F7
:1007200070BD054603E000BF0868C00712D18868A5
:10073000C00704D18868304040F00100886004F0B0
:1007400057FD401B21680328EED30868C007EBD192
:10075000C6E700BF002002B070BD00BF40F2180025
:10076000C2F20000006842F663518009C0F23E51B7
:10077000A0FB01018809022101EB400001900198D2
:100780000028C5D001980138019001980028BFD0F9
:1007900001980138019001980028B9D001980138DA
:1007A000019001980028B3D0019801380190019878
:1007B0000028E7D1ACE70000002804BF0020704704
:1007C00010B540F2804172B6C2F20001D1F808C003
:1007D000D1F80CE00A694B698C69C969416104610F
:1007E000C3608260C0F804E0C0F800C062B6007C5C
:1007F000002818BF012010BDB0B540F28044C2F2FD
:100800000004A068451C10F0C5FCC4E904010120E7
:10081000A56020762068002808BFB0BD4FF4807125
:10082000BDE8B04020F0DCBB40F2804172B6C2F2BD
:100830000001086062B6704740F2804072B6C2F2B2
:1008400000000021C0E90211C0E90411C0E906114D
:10085000016062B670470000F0B587B0002867D02D
:100860000446007C40F28046002814BF2768002719
:1008700072B6C2F20006B0680D460690F1683269A1
:100880007369059304920391317E8DF80810F27F0D
:100890008DF80620B6F81D20ADF80420D6F81920F2
:1008A000009262B621B1227C002A45D0B84243D1E1
:1008B0004FF4807020F044FB72B6B0680690F16887
:1008C00032697369059304920391317E8DF80810A3
:1008D000F27F8DF80620B6F81D20ADF80420D6F87A
:1008E0001920009262B619B1227C2AB3B84223D1F2
:1008F0004FF4807000212A46002520F0C9FBB0F19A
:10090000FF3F27DD72B6B068F16832697369B76975
:10091000F66966612761E360A2606160206062B68B
:10092000207C002808BF4FF0FF35284607B0F0BDF7
:100930006FF0030007B0F0BD03AF8CCF84E88D00EB
:1009400021740098DDF80310C4F8110061610020E3
:1009500007B0F0BD811C18BF4FF0FF3007B0F0BDED
:10096000B0B5002818BF002900D1B0BD1446002A38
:1009700008BFB0BD05460868D1E902C30A6928600E
:100980002069EB601043286105F118004FF46A728A
:10099000C5F808C0FFF7DEFC05F5707021464FF47E
:1009A000C072FFF7D7FCB0BD70B528B3049E1EB36C
:1009B000059D002D08BF70BD04460160826030694E
:1009C00029694FF4C0720843206104F1140006F154
:1009D0001401E360FFF7BEFC04F5CA7006F5CA71A6
:1009E0004FF48072FFF7B6FC04F5257005F1140191
:1009F0004FF48872FFF7AEFC70BD0000002808BFFE
:100A0000704780B54FF4A861FFF7BDFC80BD0000C2
:100A1000002808BF704780B54FF42671FFF7B3FC7C
:100A200080BD0000002808BF704780B54FF4C0713A
:100A3000FFF7A9FC80BD0000002808BF704780B503
:100A40004FF46A71FFF79FFC80BD0000002808BFCB
:100A5000704780B54FF49471FFF795FC80BD00009E
:100A6000F0B585B0B0B104464C21626800788DF8CD
:100A700011100DF111010126009102926B21232228
:100A8000012301960DF062FE054638B1284605B0F7
:100A9000F0BD00BF0425284605B0F0BD207865688C
:100AA0000DF112010027CDE900166B21242201234C
:100AB0008DF8127002950DF049FE05460028E5D12B
:100AC000616820780DF113028DF8137001270092F0
:100AD00002916B212522012301970DF037FE054677
:100AE0000028D3D16168207804AECDE901716B2173
:100AF0002322012300960DF0E5FD00284FF00105AB
:100B0000C4D19DF81000012500F07F004C28BDD114
:100B1000207867686B2124220123CDE900650297C4
:100B20000DF0D0FD0028B1D19DF81000012510F086
:100B3000090FABD1207867686B2125220123CDE90D
:100B4000006502970DF0BEFD00289FD19DF81000B2
:100B500010F0F90518BF0125284605B0F0BD0000CA
:100B600010B584B090B104460078D4F804C00121D7
:100B70000DF10E02CDE900216B2116220123CDF8E3
:100B800008C00DF09FFD28B104B010BD042004B0D2
:100B900010BD00BF9DF80E0000F0FC01814212D094
:100BA0002078D4F804C08DF80F1001210DF10F0248
:100BB000CDE900216B2116220123CDF808C00DF0EC
:100BC000C5FD0028E0D12078646801210DF10D02F7
:100BD000CDE900216B211622012302940DF072FD54
:100BE0000028D1D19DF80D10890718BF012004B04D
:100BF00010BD0000B0B584B004468C208DF80F0005
:100C000084B1616820780DF10F02012500920291F4
:100C10006B212622012301950DF098FD30B104B01F
:100C2000B0BD00BF042004B0B0BD00BF2078646830
:100C30000DF10E01CDE900156B212622012302944E
:100C40000DF040FD0028EAD19DF80E1001F0F801EA
:100C5000882918BF012004B0B0BD00002DE9F04381
:100C600085B098B1044661680078012704AE02910E
:100C70006B2114220123009601970DF023FD0546F8
:100C800050B1284605B0BDE8F08300BF04252846D2
:100C900005B0BDE8F08300BF9DF81000656840F026
:100CA000040020F001018DF8101020788DF811104B
:100CB0000DF11101CDE900176B21142201230295DA
:100CC0000DF044FD05460028DBD16168207801273E
:100CD0000DF10F0902916B2115220123CDF800902F
:100CE00001970DF0EFFC05460028CAD19DF80F00D2
:100CF000656840F0040020F001018DF80F102078A5
:100D00008DF812100DF11201CDE900176B2115229B
:100D1000012302950DF01AFD05460028B1D1616846
:100D2000207801270DF10E0802916B211622012374
:100D3000CDF8008001970DF0C5FC05460028A0D134
:100D40009DF80E00656840F0200020F003018DF84A
:100D50000E1020788DF813100DF11301CDE9001756
:100D60006B211622012302950DF0F0FC05460028A8
:100D700087D161682078012502916B21142201231B
:100D8000009601950DF09EFC00287FF47AAF9DF847
:100D90001000012500F0050004287FF472AF2078D0
:100DA00067686B2115220123CDE9009502970DF0AC
:100DB00089FC00287FF465AF9DF80F00012500F045
:100DC000050004287FF45DAF207867686B21162248
:100DD0000123CDE9008502970DF074FC00287FF413
:100DE00050AF9DF80E0000F02300B0F1200518BFB1
:100DF0000125284605B0BDE8F083000010B584B099
:100E000090B104460078D4F804C001210DF10E021F
:100E1000CDE900216B2119220123CDF808C00DF086
:100E200051FC28B104B010BD042004B010BD00BFB7
:100E30009DF80E0040F00401814212D02078D4F8D1
:100E400004C08DF80F1001210DF10F02CDE9002132
:100E50006B2119220123CDF808C00DF077FC002882
:100E6000E0D12078646801210DF10D02CDE9002167
:100E70006B211922012302940DF024FC0028D1D10A
:100E80009DF80D10490758BF012004B010BD0000A7
:100E9000002804BF042070470170002A08BF1422F4
:100EA000426000207047000070B584B005460028FD
:100EB0004FF004001CBF0C46002901D104B070BDE6
:100EC0000020206069682878012602916B21202289
:100ED0000123009401960DF0F5FB0028EED128784F
:100EE000D5F804C0611CCDE900166B212122012335
:100EF000CDF808C00DF0E6FB0028DFD128786E6839
:100F0000A11C0122CDE900126B21222201230296AD
:100F10000DF0D8FB04B070BD2DE9F04F87B0054649
:100F200000284FF004001CBF0C46002902D107B076
:100F3000BDE8F08F0020E060A0606060206069681C
:100F40002878E21C0126009202916B211D220123C8
:100F500001960DF0B7FB0028E9D128786F686B2166
:100F60001E220123CDE9004602970DF0ABFB0028BD
:100F7000DDD12078012210F00701C0F3C1006170BB
:100F80002070084618BF0120073918BF012108400A
:100F9000607128786F68211DCDE900126B211F2236
:100FA000012302970DF08EFB0028C0D120796A68DA
:100FB00000F007012878A17002260DF11A090292AB
:100FC0006B2128220123CDF8009001960DF07AFBC9
:100FD0000028ACD128786F689DF81A809DF81BB066
:100FE0006B212A220123CDE9009602970DF06AFBBE
:100FF00000289CD1696828789DF81A709DF81BA07C
:10100000022602916B212C220123CDF8009001963B
:101010000DF058FB00288AD19DF81A006B2105902D
:101020009DF81B003022049028786D680123CDE9DB
:10103000009602950DF046FB00287FF478AFDDE9BD
:1010400004219DF81B304FEA0B204FEA0A2641EAA3
:1010500002219DF81A20890842EA032208F0FE03C3
:101060001843E08107F0FC003043A081B0F5004058
:1010700018BF0120322340F28D1711FB0731A071F8
:1010800048F21F50C5F2EB10A1FB0017C2F34B0250
:101090007909C72712FB07326181A2FB00014809C9
:1010A0002081002007B0BDE8F08F0000F0B585B0CA
:1010B0000C46503989B20546B1F5576F4FF0040020
:1010C00022D8A1B24CF6CD42CCF6CC42A1FB021202
:1010D000910901EB8102A4EB0212120414D1ADB10B
:1010E00088016A688DF81200890828788DF8131035
:1010F00002260DF1120702926B21022201230097B2
:1011000001960DF023FB28B105B0F0BD042005B019
:10111000F0BD00BF28786D686B2102220123CDE964
:10112000007602950DF0CEFA0028EDD1BDF8121030
:10113000C1F3851101EB8101B4EB011F18BF012040
:1011400005B0F0BDF0B585B00546A1F6AC5080B253
:101150000C4640F2145188424FF0040022D8A1B24C
:101160004CF6CD42CCF6CC42A1FB0212D10801EBE9
:101170008102A4EB4202120414D1ADB1C8006A6826
:101180008DF81200490928788DF8131002260DF108
:10119000120702926B2104220123009701960DF0A1
:1011A000D5FA28B105B0F0BD042005B0F0BD00BFF0
:1011B00028786D686B2104220123CDE90076029521
:1011C0000DF080FA0028EDD1BDF81210C1F3C8016E
:1011D00001EB8101B4EB410F18BF012005B0F0BD58
:1011E000F0B585B00546A1F1640080B20C4640F62A
:1011F0001C4188424FF0040022D8A1B24CF6CD42E7
:10120000CCF6CC42A1FB0212110901EB8102A4EB46
:101210008202120414D1ADB108016A688DF812007F
:10122000090928788DF8131002260DF11207029291
:101230006B2106220123009701960DF087FA28B151
:1012400005B0F0BD042005B0F0BD00BF28786D6882
:101250006B2106220123CDE9007602950DF032FACA
:101260000028EDD1BDF81210C1F307120909920050
:1012700052FA81F1B4EB810F18BF012005B0F0BD27
:10128000F0B585B00446A1F10A0080B240F26222B6
:1012900090424FF0040022D88AB24CF6CD43CCF6EF
:1012A000CC43A2FB0323DA0802EB8203A1EB430148
:1012B000090414D1B4B1D5005109626820788DF8C1
:1012C000131002260DF1120702926B211222012344
:1012D0008DF81250009701960DF038FA30B105B034
:1012E000F0BD00BF042005B0F0BD00BF20786468E9
:1012F0006B2112220123CDE9007602940DF0E2F970
:101300000028ECD1BDF81210694011F4FC7F18BF21
:10131000012005B0F0BD0000FEE7000010B540F26E
:101320000040C2F20000017801291CBF002010BD5E
:101330005C3001F0DDFB38B10446FFF75FFB0120B4
:1013400084F84005204610BD21F0ACF940F2E07071
:10135000C2F20000416B0131416321F0B3F900207A
:1013600010BD000010B540F20040C2F2000001784C
:1013700001291CBF002010BD1C3001F0B9FB38B1A1
:101380000446FFF745FB012084F89802204610BD73
:1013900021F088F940F2E070C2F20000416B0131A7
:1013A000416321F08FF9002010BD000010B540F21C
:1013B0000040C2F20000017801291CBF002010BDCE
:1013C0003C3001F095FB38B10446FFF735FB0120B6
:1013D00084F8A803204610BD21F064F940F2E070C3
:1013E000C2F20000416B0131416321F06BF9002032
:1013F00010BD000010B540F20040C2F200000178BC
:1014000001291CBF002010BD2C3001F071FB38B148
:101410000446FFF71BFB012084F82801204610BD7D
:1014200021F040F940F2E070C2F20000416B01315E
:10143000416321F047F9002010BD00002DE9F04381
:1014400083B040F20048C2F2000898F8000001287A
:101450001AD140F2E077C2F20007386802A90022F0
:1014600000231FF083FB98B1786801A900220023B4
:101470001FF07CFB00283FD0B8686946002200239B
:101480001FF074FB00286BD003B0BDE8F08300BFF1
:1014900008F11C040DF108090AE000BF21F012F95F
:1014A00038684946002200231FF060FB0028DBD18A
:1014B000029E002EF4D098F800000028F0D02046BC
:1014C000314601F0E9FB0028EAD021F0EBF896F86C
:1014D00098020028E2D096F89802013886F898021F
:1014E00096F8985221F0EEF8002DD9D120463146D9
:1014F00001F022FBD4E700BF08F12C040DF1040930
:101500000AE000BF21F0DEF8786849460022002397
:101510001FF02CFB0028AFD1019E002EF4D098F8CC
:1015200000000028F0D02046314601F0B5FB00282D
:10153000EAD021F0B7F896F828010028E2D096F812
:101540002801013886F8280196F8285121F0BAF8C8
:10155000002DD9D12046314601F0EEFAD4E700BF84
:1015600008F13C04E9460AE021F0ACF8B8684946C5
:10157000002200231FF0FAFA00287FF485AF009EB6
:10158000002EF3D098F800000028EFD02046314616
:1015900001F082FB0028E9D021F084F896F8A80336
:1015A0000028E1D096F8A803013886F8A80396F839
:1015B000A85321F087F8002DD8D12046314601F0FC
:1015C000BBFAD3E72DE9F04182B0C9B30C4640F233
:1015D000E07115460128C2F2000105D002282FD182
:1015E00001F1100002E000BF01F10C0006680020CC
:1015F00001902EB3681C27D01FF062FA002140F240
:10160000E732E0FB0521A0FB057810464FF47A7223
:101610000023FEF73DFE034647EA0800B0FA80F0DB
:10162000002D18BF0125400928401CBF00210123BF
:101630006FF001001A1A71F1000128BF034605E09E
:10164000042002B0BDE8F0814FF0FF3301A930461D
:1016500000221FF08BFA38B102304FF0060008BFAD
:10166000022002B0BDE8F08101982060002002B0A5
:10167000BDE8F081002804BF042070472DE9F04147
:1016800082B0044640F2E070C2F20000056800201B
:1016900001903DB30E46481C28D01FF011FA0021DE
:1016A00040F2E732E0FB0621A0FB067810464FF43B
:1016B0007A720023FEF7ECFD034647EA0800B0FA11
:1016C00080F0002E18BF0126400930401CBF0021C9
:1016D00001236FF001001A1A71F1000128BF0346BF
:1016E00006E000BF042002B0BDE8F0814FF0FF33F8
:1016F00001A9284600221FF039FA38B102304FF014
:10170000060008BF022002B0BDE8F0810198206009
:10171000002002B0BDE8F0812DE9F04182B0002840
:101720004FF0040043D10C46002940D040F2E07055
:10173000C2F200008568002001903DB31646501C9F
:1017400028D01FF0BDF9002140F2E732E0FB06216E
:10175000A0FB067810464FF47A720023FEF798FD3E
:10176000034647EA0800B0FA80F0002E18BF0126B1
:10177000400930401CBF002101236FF001001A1AFC
:1017800071F1000128BF034606E000BF042002B04B
:10179000BDE8F0814FF0FF3301A9284600221FF079
:1017A000E5F938B102304FF0060008BF022002B060
:1017B000BDE8F08101982060002002B0BDE8F08112
:1017C000002808BF7047B0B5044620F06BFF40F218
:1017D000E070C2F20000D0E905CED0E90731D0E9CF
:1017E0000952C4E900CEC4E90231C4E9045200F14F
:1017F0002C03806B0ECB606204F118000EC020F049
:1018000061FF40F20045C2F2000504F1280105F134
:101810001C0001F0C5F904F1300105F12C0001F0C4
:10182000BFF904F1380105F13C0001F0B9F904F108
:10183000400105F15C00BDE8B04001F0B1B9000025
:10184000002804BF042070472DE9F04182B004460F
:1018500040F2E070C2F200004568002001903DB304
:101860000E46481C28D01FF02BF9002140F2E73229
:10187000E0FB0621A0FB067810464FF47A720023A5
:10188000FEF706FD034647EA0800B0FA80F0002E96
:1018900018BF0126400930401CBF002101236FF012
:1018A00001001A1A71F1000128BF034606E000BFCB
:1018B000042002B0BDE8F0814FF0FF3301A92846B3
:1018C00000221FF053F938B102304FF0060008BF74
:1018D000022002B0BDE8F08101982060002002B033
:1018E000BDE8F08170B588B040F2E074C2F2000447
:1018F0000020C4E90000C4E90200206104F11400E2
:101900002821FEF740FD40F20045C2F2000547F2F3
:101910008821AE1C05F11C00C2F200014FF42872B0
:101920000623009601F052F910B108B070BD00BF57
:101930004AF2903105F10E0605F12C00C2F20001C9
:101940004FF498720623009601F040F90028ECD17C
:1019500048F2482105F14C0605F13C00C2F20001B5
:101960004FF46C720823009601F030F90028DCD1A6
:1019700044F2187105F16C0605F15C00C2F2000139
:101980004FF4A9620823009601F020F90028CCD179
:101990002CA00026029002AA042004210796CDE97B
:1019A0000566CDE903661FF031F9206028A002909A
:1019B00002AA042004210796CDE90566CDE9036655
:1019C0001FF024F9606026A0029002AA04200421DE
:1019D0000796CDE90566CDE903661FF017F9A0600B
:1019E00021A0029002AA042004210796CDE90566F1
:1019F000CDE903661FF00AF9E0601EA0029002AA7A
:101A0000042004210796CDE90566CDE903661FF0A1
:101A1000FDF8206100284FF0030086D021680029DE
:101A20003FF483AF616800293FF47FAFA1680029CC
:101A30003FF47BAFE16800291EBF01202870002021
:101A400008B070BD73656E736F722E696D7500009E
:101A500073656E736F722E746F756368000000009B
:101A60007261772E616C670066756C6C2E73746F93
:101A70007265000066756C6C2E7273343835000028
:101A80002DE9F04F83B000284FF0040500F03781B6
:101A900040F20049C2F20009044699F8000000280B
:101AA00000F02D810E4620F0FDFD94F84005013038
:101AB00084F8400520F006FE40F2E078C2F200080B
:101AC000D8F80C5001943DB3701C2BD01EF0F8FFD9
:101AD000002140F2E732E0FB0621A0FB067A104627
:101AE0004FF47A720023FEF7D3FB47EA0A0203465B
:101AF0003046B2FA82F2002E18BF0120520910407F
:101B00001CBF002101236FF001001A1A71F10001BE
:101B100028BF034608E000BF042599F8000001280B
:101B200016D039E04FF0FF3301A9284600221FF0FC
:101B3000BFF858B320F0B6FDD8F838000130C8F827
:101B4000380020F0BFFD052599F80000012823D1B9
:101B500009F15C073846214601F09EF8E0B120F01B
:101B6000A1FD94F84005A8B194F84005013884F827
:101B7000400594F840A520F0A5FDBAF1000F0BD167
:101B80003846214600F0D8FF06E000BF4FF0010ABA
:101B9000002503E020F096FD4FF0000A20F082FDC2
:101BA00094F84005013084F8400520F08BFDD8F80A
:101BB0001070029467B3701C30D01EF081FF0021BA
:101BC00040F2E732E0FB0621C146A0FB06B8104612
:101BD0004FF47A720023FEF75BFB03464BEA0800E2
:101BE000B0FA80F0002E18BF0126400930401CBF1B
:101BF00000210123C84640F200496FF00100C2F203
:101C000000091A1A71F1000128BF034608E000BF5D
:101C1000042599F80000012816D061E04FF0FF3349
:101C200002A9384600221FF043F868B320F03AFDBD
:101C3000D8F838000130C8F8380020F043FD0525F9
:101C400099F8000001284BD109F15C063046214685
:101C500001F022F8D0B120F025FD94F84005A8B39A
:101C600094F84005013884F8400594F8407520F058
:101C700029FD5FB93046214600F05EFF99F800006B
:101C8000012807D02CE000BF4FF0010A99F80000AE
:101C9000012825D109F15C063046214600F0FCFF01
:101CA000F0B120F0FFFC94F84005B8B194F840057D
:101CB000013884F8400594F8407520F003FD7FB9A1
:101CC0003046214600F038FF0AE000BF20F0FAFC61
:101CD00099F800000128DDD002E000BF20F0F2FCFE
:101CE00020F0E0FC2020BAF1000F04BF05253020D1
:101CF00058F80010013148F8001020F0E3FC2846A5
:101D000003B0BDE8F08F00002DE9F04782B0002855
:101D100040D040F20047C2F200070446387801285C
:101D200038D140F2E078C2F20008D8F800500E46F0
:101D300020F0B8FC94F89802013084F8980220F062
:101D4000C1FC019465B3701C2CD01EF0B9FE0021BB
:101D500040F2E732E0FB0621A0FB069A10464FF462
:101D60007A720023FEF794FA034649EA0A00B0FAB1
:101D700080F0002E18BF0126400930401CBF002112
:101D800001236FF001001A1A71F1000128BF034608
:101D90000AE000BF0425284602B0BDE8F08700BF76
:101DA000042511E04FF0FF3301A9284600221EF060
:101DB0007FFF28B320F076FCD8F838000130C8F84F
:101DC000380020F07FFC052507F11C06304621462F
:101DD00000F062FF90B320F065FC94F8980258B3CD
:101DE00094F89802013884F8980294F8987220F0D8
:101DF00069FC1FBB3046214600F09EFE1EE000BF7E
:101E000007F11C052846214600F046FF002841D076
:101E100020F048FC94F89802D0B394F89802013866
:101E200084F8980294F8986220F04CFC96BB2846FF
:101E3000214600F081FE2DE020F044FC3046214692
:101E400000F02AFFB0B120F02DFC94F8980278B190
:101E500094F89802013884F8980294F8987220F067
:101E600031FC3FB93046214600F066FE02E000BF7B
:101E700020F028FC20F016FCD8F824000130C8F827
:101E8000240020F01FFC284602B0BDE8F08700BF08
:101E900020F018FC20F006FCD8F814000130C8F837
:101EA000140020F00FFC0025284602B0BDE8F087A2
:101EB0002DE9F04782B0002840D040F20047C2F23E
:101EC000000704463878012838D140F2E078C2F2A1
:101ED0000008D8F808500E4620F0E4FB94F8A80358
:101EE000013084F8A80320F0EDFB019465B3701C69
:101EF0002CD01EF0E5FD002140F2E732E0FB062188
:101F0000A0FB069A10464FF47A720023FEF7C0F940
:101F1000034649EA0A00B0FA80F0002E18BF0126F5
:101F2000400930401CBF002101236FF001001A1A44
:101F300071F1000128BF03460AE000BF04252846CE
:101F400002B0BDE8F08700BF042511E04FF0FF3379
:101F500001A9284600221EF0ABFE28B320F0A2FB08
:101F6000D8F838000130C8F8380020F0ABFB052560
:101F700007F13C063046214600F08EFE90B320F07B
:101F800091FB94F8A80358B394F8A803013884F897
:101F9000A80394F8A87320F095FB1FBB3046214698
:101FA00000F0CAFD1EE000BF07F13C0528462146AF
:101FB00000F072FE002841D020F074FB94F8A803D2
:101FC000D0B394F8A803013884F8A80394F8A86360
:101FD00020F078FB96BB2846214600F0ADFD2DE0B1
:101FE00020F070FB3046214600F056FEB0B120F0E4
:101FF00059FB94F8A80378B194F8A803013884F841
:10200000A80394F8A87320F05DFB3FB93046214641
:1020100000F092FD02E000BF20F054FB20F042FBF4
:10202000D8F82C000130C8F82C0020F04BFB2846D3
:1020300002B0BDE8F08700BF20F044FB20F032FB87
:10204000D8F81C000130C8F81C0020F03BFB00252C
:10205000284602B0BDE8F0872DE9F04782B000289D
:1020600040D040F20047C2F2000704463878012809
:1020700038D140F2E078C2F20008D8F804500E4699
:1020800020F010FB94F82801013084F8280120F09A
:1020900019FB019465B3701C2CD01EF011FD0021BA
:1020A00040F2E732E0FB0621A0FB069A10464FF40F
:1020B0007A720023FEF7ECF8034649EA0A00B0FA08
:1020C00080F0002E18BF0126400930401CBF0021BF
:1020D00001236FF001001A1A71F1000128BF0346B5
:1020E0000AE000BF0425284602B0BDE8F08700BF23
:1020F000042511E04FF0FF3301A9284600221EF00D
:10210000D7FD28B320F0CEFAD8F838000130C8F84F
:10211000380020F0D7FA052507F12C063046214675
:1021200000F0BAFD90B320F0BDFA94F8280158B33E
:1021300094F82801013884F8280194F8287120F0D7
:10214000C1FA1FBB3046214600F0F6FC1EE000BF7E
:1021500007F12C052846214600F09EFD002841D0BD
:1021600020F0A0FA94F82801D0B394F8280101389F
:1021700084F8280194F8286120F0A4FA96BB284638
:10218000214600F0D9FC2DE020F09CFA3046214693
:1021900000F082FDB0B120F085FA94F8280178B102
:1021A00094F82801013884F8280194F8287120F067
:1021B00089FA3FB93046214600F0BEFC02E000BF7C
:1021C00020F080FA20F06EFAD8F828000130C8F824
:1021D000280020F077FA284602B0BDE8F08700BF5B
:1021E00020F070FA20F05EFAD8F818000130C8F834
:1021F000180020F067FA0025284602B0BDE8F087F5
:1022000070B5044600284FF0040008BF70BD40F2CE
:102210000041C2F200010A782AB301F15C052846A8
:10222000214600F039FD002804BF042070BD20F0D5
:1022300039FA94F8400598B194F84005013884F8CB
:10224000400594F8406520F03DFA002E1CBF0020A8
:1022500070BD28462146BDE8704000F06DBC00BF4F
:1022600020F030FA002070BD70B5044600284FF011
:10227000040008BF70BD40F20041C2F200010A78BC
:102280002AB301F11C052846214600F005FD00286F
:1022900004BF042070BD20F005FA94F8980298B1AC
:1022A00094F89802013884F8980294F8986220F023
:1022B00009FA002E1CBF002070BD28462146BDE84B
:1022C000704000F039BC00BF20F0FCF9002070BD68
:1022D00070B5044600284FF0040008BF70BD40F2FE
:1022E0000041C2F200010A782AB301F13C052846F8
:1022F000214600F0D1FC002804BF042070BD20F06E
:10230000D1F994F8A80398B194F8A803013884F897
:10231000A80394F8A86320F0D5F9002E1CBF002074
:1023200070BD28462146BDE8704000F005BC00BFE6
:1023300020F0C8F9002070BD70B5044600284FF0A9
:10234000040008BF70BD40F20041C2F200010A78EB
:102350002AB301F12C052846214600F09DFC0028F7
:1023600004BF042070BD20F09DF994F8280198B1B5
:1023700094F82801013884F8280194F8286120F0A5
:10238000A1F9002E1CBF002070BD28462146BDE8E3
:10239000704000F0D1BB00BF20F094F9002070BD68
:1023A000ADF5727D44F228640020C2F200046B9007
:1023B00020463021FDF7E7FF00F09CFC0546013880
:1023C00001280CD8284600F0AFFC40B920F06AF98B
:1023D00040F21C00C2F20000057420F073F90AA854
:1023E00000F1140100F58A7004906CA846F6283AB2
:1023F000059100F1140100F58A706BAFC4F66E6AA6
:102400004FF0000B4FF000090391029005E000BF70
:1024100084F82C0001201EF0E9FA002039460A2237
:10242000FFF77AF9022817D00628F3D00028EFD159
:102430001EF046FBA0B105461EF026FB44F24021EB
:10244000C0F20F01A0FB01012A460023FDF720FF87
:102450008046089108E000BFE0680130E060D9E7FD
:1024600000204FF00008089020686B9D013020602C
:10247000286860620AA8FEF7D5FAD5E90223296820
:1024800028690A9181070D930C9207D5059805F5E7
:10249000CA714FF48072FDF75DFF2869B0F5803F87
:1024A000CDF81890CDF8248030D300F00300032835
:1024B0002CD120F0F7F86CAE40F21C013046C2F28D
:1024C00000014FF40672FDF745FF20F0FBF800F025
:1024D00011FC8DF8C001698A05F5CA70DDE9033584
:1024E000029A9DF8C4930092324601950AF048F88A
:1024F00048BB1820B9F1000F08BF08200E90201D1E
:1025000000214FF00108079125E000BF0720CDE929
:102510004FAACDE951AACDE953AACDE955AACDE9F3
:1025200057AACDE959AACDE95BAACDE95DAACDE9C3
:102530005FAACDE961AACDE963AACDE965AACDE993
:1025400067AACDF8A4A1079020694FF000080130D8
:10255000206104F1140001686B9D013101608DB1AF
:10256000FEF7DCFE90B129460AAA0646FEF7F8F906
:1025700030460021FFF784FA002861D0814604F13B
:102580001C0007E0099E4FF0040907E004F1180061
:102590004FF003090168099E013101605FFA8BF079
:1025A000032838BF0BF1010B5FFA8BF0032815D31A
:1025B0004FF000700121B9F1030F08BF4FF08060A8
:1025C000009144F203014FF0050208BF44F20401F8
:1025D0000023002514F056FC01E000BF00254FF059
:1025E00000086B98FFF774FE4FF000016B9118B173
:1025F000216A0131216204E00798002D18BF81464D
:102600004846C14684F82C001EF05AFA70B10546BF
:102610001EF03AFA44F24021C0F20F01A0FB010182
:102620002A460023FDF734FE02E000BF002000210F
:10263000821B089A914124BF801BA062EDE600BF77
:10264000A06806990130A060C8B2032838BF0131E4
:1026500040468846CDB214F051FA032D4FF00009E0
:1026600011D34FF08060002105220023CDF80090A7
:1026700014F008FC4FF00070002105220023CDF873
:10268000009014F0FFFB099E01254FF0000BA8E716
:10269000002808BF7047B0B5044620F003F844F2A4
:1026A0002860C2F20000D0E900CED0E90231D0E9C2
:1026B0000452C4E900CEC4E90231C4E90452D0E9AD
:1026C00006C2D0E90835D0E90A10C4E906C2C4E957
:1026D0000835C4E90A10BDE8B0401FF0F3BF0000A0
:1026E00010B51FF0DFFF44F6C060C0F60200D0E96D
:1026F00000E2D0E9023140F21C0C0020C2F2000CD2
:102700000CEB00044030B0F5807FC4E905E2C4E979
:102710000731C4E909E2C4E90B31C4E945E2C4E97F
:102720004731C4E949E2C4E94B31C4E90DE2C4E9E7
:102730000F31C4E911E2C4E91331C4E94DE2C4E93F
:102740004F31C4E951E2C4F84C31C4F85011D7D12B
:1027500000208CF81402ACF816021FF0B3FF002022
:1027600010BD0000F0B581B0064600284FF004000F
:102770001CBF0D46002901D101B0F0BD14461FF069
:1027800091FF40F21C07C2F2000707F11400314626
:102790004FF48072FDF7DEFD07F58A7029464FF48D
:1027A0008072FDF7D7FD012087F81402A7F81642C2
:1027B0001FF088FF002001B0F0BD0000704700004E
:1027C000012002F019BC00004FF4004002F014BCDC
:1027D000042002F011BC0000082002F00DBC000033
:1027E00002A022F0DBFA72B6FEE700BF5B45727210
:1027F0006F725D2068616E646C65720D0000000090
:1028000041F29830C2F2000002F016B841F2FC30FA
:10281000C2F2000002F010B886B040F2F0280020AA
:10282000C2F20008CDE9040008F108003821FDF7E4
:10283000AAFD002000214FF0000B4FF0000903918A
:1028400004E000BF01201EF0D1F80598002853D005
:10285000049800285ED0DDE90445002D18BF002C47
:1028600066D115B31EF010F90399451A1EF028F928
:10287000044640F2E73000216422E4FB02014FF4F9
:102880007A720023FDF704FD002C08BF0120854269
:102890000AD3D8F8141005980131C8F8141018B1EB
:1028A000FFF7E2FC00200590049C002CCAD01EF02B
:1028B000EBF8A0EB0B051EF003F9044640F2E730FD
:1028C00000216422E4FB02014FF47A720023FDF739
:1028D000DFFC002C08BF01208542B3D3D8F81810C4
:1028E000049801310028C8F81810ABD0FFF724FD78
:1028F00000200490A6E700BF05A80A21FEF7BAFE53
:102900000628A5D002285DD0002867D11EF0BCF8AB
:1029100003909DE704A80A21FEF792FF06289AD0AB
:10292000022855D000285DD11EF0AEF8834692E70C
:10293000D5E90220D4E902310027B2EB030E70EB97
:10294000010C38BF01279E1A61EB000A002F04BF5B
:102950007646E24641F28937F71B7AF10007C8E96B
:102960000C6A13D3D21AD8F81C20884102F1010056
:10297000C8F81C003AD2D8F814000130C8F8140086
:102980002846FFF771FC0020059039E0FEF70EFDA8
:10299000D0B3D5E90223D8F800100646CDE900549B
:1029A000FEF702F830460021FFF782FA002861D0D6
:1029B0000446D8F824000130C8F82400059858BB14
:1029C0002EE000BFD8F80C000130C8F80C003FE73B
:1029D000D8F810000130C8F810003CE788F838003B
:1029E00036E700BF88F8380035E700BFD8F8180090
:1029F0000130C8F818002046FFF79EFC0020049024
:102A0000022488F8384014E0D8F82000032401306C
:102A1000C8F82000059818B1FFF726FC00200590A3
:102A2000049818B1FFF788FC0020049088F838401B
:102A3000E4B15FFA89F0032838BF09F101095FFAB0
:102A400089F003287FF401AF44F20300032C08BF90
:102A500044F2040005210022022C08BF44F20200C7
:102A600014F0CEF805984FF00409EFE605984FF002
:102A70000009EBE6D8F80800D8F800100130C8F8D3
:102A80000800481C0024C8F82810C8F80000059861
:102A90000028C1D1C4E70000002808BF7047B0B5C6
:102AA00004461FF0FFFD40F2F020C2F20000D0E922
:102AB00002CED0E90431D0E90652C4E900CEC4E91F
:102AC0000231C4E90452D0E908CED0E90A35D0E990
:102AD0000C21C4E906CEC4E90835C4E90A21D0E9CD
:102AE0000E01C4E90C01BDE8B0401FF0EBBD0000D1
:102AF00010B5002804BF002010BD04461FF0D2FD11
:102B0000A08998B1616801EB4002411E8BB2E08957
:102B100032F8022C8342A18138BFE18120682189EB
:102B200001FB02041FF0CEFD204610BD00241FF063
:102B3000C9FD204610BD0000B0B5044600284FF086
:102B4000040018BF002901D1B0BD00BF226882B1C6
:102B50008A424FF00400F7D86589238903FB0525D5
:102B60008D4298BFB0BD881AB0FBF3F505FB13008A
:102B700010B10420B0BD00BF1FF094FDA089618991
:102B8000884209D2616821F81050A0890130A081E3
:102B90001FF098FD0020B0BD1FF094FD0120B0BDD6
:102BA000B0B500281ABF0C460029B0BD05461FF07D
:102BB00079FD6889A989EA892080401A6180A2800C
:102BC000E080BDE8B0401FF07DBD0000F0B5844658
:102BD000002B4FF0040018BF002A01D1F0BD00BF48
:102BE000BCF1000F18BF0029F8D0DDF814E0BEF1E9
:102BF000000F08BFF0BD88071CBF0420F0BD581EA1
:102C0000CCE9001EACF80820ACF80A30ACF80C3067
:102C1000ACF80E30032803F0030C03D2002100228D
:102C200018E000BF4FF6FD7023F00304AEF1080575
:102C300000210022D6431E4425F8086F861A1E4440
:102C40000431771CAE80013E8C4202F104026F8099
:102C5000EE80EFD1BCF1000F13D0D0431844BCF18B
:102C6000010F2EF8110001D10020F0BD6FF002001D
:102C7000801A1844441C0EEB4100BCF1020F448042
:102C800002D10020F0BD00BF4FF6FD71891A194432
:102C900081800020F0BD0000024600284FF00000B7
:102CA00018BF002900D1704713680020002B08BF0F
:102CB0007047B2F80AC012898B4202FB0C324FF007
:102CC000000398BF01238A4288BF01201840704743
:102CD00041F23020C2F2000000F076BE41F2A8209E
:102CE000C2F2000000F070BE41F22030C2F20000DB
:102CF00000F06ABE40F23420C2F200000078704753
:102D000080B541F20000C4F202204FF4805102F07D
:102D100063FA012840F234204FF00101C2F20000B2
:102D200008BF0221017080BD411E01298FBF042010
:102D300040F23421C2F20001087098BF00207047B1
:102D4000F0B581B00022009290F85420012A03D1FE
:102D50000221084601B0F0BD0123076880F8543015
:102D6000BB685B0746D40B68012B0AD00225C0F272
:102D70003045AB420BD1CD680024C4F27F04A5429C
:102D800005D1D7F8C85045F00105C7F8C8504D68BF
:102D90001F26C5F3012405F01F0507EB8404C3F3C8
:102DA0008463226BAE40B243AB401A432263BA68DD
:102DB000BB68DB0843EA9202D20740F0BC800A6895
:102DC00007F11403C2F34064D1F808E0042653F875
:102DD0002450C2F3045406EAD25C0722A240BEF19A
:102DE000004F25EA02050BD143F80C501A6842F057
:102DF00000430DE0816D41F020018165012192E1E8
:102E00000EFA04F22A4343F80C201A6822F0004319
:102E10007B61D1E90434FD68042B5FD13A6E3A6ED0
:102E20000B68C2F3846293FAA3F6C3F3846C6FF366
:102E30001F53B6FA86F5002B2C464FF6FF7E08BFCF
:102E40006446A242C0F20F0E0CD13A6E22F000424C
:102E50003A660A6802EA0E03C2F3846C92FAA2F29E
:102E6000B2FA82F57A6E7A6E002BC2F384622C4637
:102E700008BF6446A2420CD17A6E22F000427A6604
:102E80000A6802EA0E03C2F3846C92FAA2F2B2FA62
:102E900082F5BA6EBA6E002BC2F384622C4608BF6C
:102EA0006446A2420CD1BA6E22F00042BA660A68A9
:102EB00002EA0E03C2F3846C92FAA2F2B2FA82F52D
:102EC000FA6EFA6E002B08BF6546C2F38462AA420E
:102ED00031D1FA6E22F00042FA662CE0062202EAB4
:102EE000950207F16005D1F800C055F8236004FA97
:102EF00002F24FF20004C0F2FF3426400CF0F84416
:102F00002243324342F0004245F823200A698B698C
:102F100055F8226026F08076334345F822300A695E
:102F20000B7F55F82260012B26F0007608BF06F1D2
:102F3000007645F82260BA68D20752D10C68CA6898
:102F4000D7F8B06023466FF31F5326EA030C4FF601
:102F5000FF7602F01805C0F20F06EE40002526406D
:102F6000C4F27F0546EA0C06AA42C7F8B06038D121
:102F700093B194FAA4F2B2FA82F2013202F01E0383
:102F8000092B02F01F0310D8012203EB43069A40DD
:102F900042EA065316E000BF012202EB946202F0FF
:102FA0001E030A2B02F01F03EED303EB430200259E
:102FB000CFF62065012605EB025206FA03F31A4309
:102FC00042F00073C3F34062C3F3045307EB820281
:102FD0008E68556907249C40A54306FA03F32B43EA
:102FE00053610C680021C8F208010C4230D048F24D
:102FF0000831C4F202210B680022CCF22132944243
:1030000003F0E07C08BF13F4000223D00022C4F2D6
:103010002932944208BF13F0807221D00022CCF2F2
:103020005272944208BF13F480021FD0012C57D073
:103030000022C4F25A7294425AD14FF6C062CFF6BF
:10304000FF728B5843F001038B5000216BE000BFEF
:10305000002168E0A1F5427297420DD0002162E0A4
:10306000A1F50272974245D000215CE0A1F54272C1
:10307000974247D0002156E00A6822F0E07242EA07
:103080000C0242F400020A6040F21801C2F2000190
:10309000096842F663528909C0F23E52A1FB02124E
:1030A0009109022202EB410100910099A1B300991C
:1030B00001390091009989B3009901390091009973
:1030C00071B3009901390091009959B30099013900
:1030D0000091009900294FF00001E8D123E000BFE2
:1030E000D7F8C81041F00101C7F8C81000211AE054
:1030F000002118E00A6822F0E07242EA0C0242F075
:10310000807206E00A6822F0E07242EA0C0242F4A1
:1031100080020A60002106E0002104E0002102E0B4
:10312000002100E00021002280F85420084601B070
:10313000F0BD000041F2C811C2F20001884218BF80
:10314000704740F28430C2F20000406810B10121A3
:103150001DF046BF704700007047000041F2C811E3
:10316000C2F20001884218BF704740F28430C2F2B8
:103170000000406810B102211DF032BF704700000E
:10318000B0B582B00446002001904CB1A06D58B19A
:1031900021688868800012D48868C00019D54CE086
:1031A000012002B0B0BD00BF204600F0F3F80020BF
:1031B000E06584F85400216888688000ECD5886850
:1031C0004FF6C072C5F6FF72104088608868C00074
:1031D00033D44FF6C0728868C5F6FF7202F1805290
:1031E000104000F18050886040F21800C2F20000E8
:1031F000006842F663528009C0F23E52A0FB020210
:103200009009022202EB400001900198A8B100BF92
:10321000019801380190019878B101980138019026
:10322000019850B1019801380190019828B1019896
:103230000138019001980028EAD18868C00009D4BB
:10324000A06D40F01000A065E06D40F00100E06569
:10325000012000E000208A68A36DC2F3800203F021
:103260001003D218A26D05D042F010010120A16513
:1032700002B0B0BD22F481720232A2658A68D20720
:103280001AD148F2083C4FF600534FF60062C4F2E0
:10329000022CCFF6FF73CFF6FF725CF803305CF8B8
:1032A00002201A43D20707D16268DCF8003023F409
:1032B0007C131A43CCF80020627EA36B43EA4232AF
:1032C000D4E902C31A4394F8203042EA0C0242EADD
:1032D000034E012B08D1D4F824C00023CFF6FE738F
:1032E00003EB4C434EEA030EA36A3BB103F478733D
:1032F000D4F82CC043EA0E0242EA0C0ECB6844F22A
:103300000702CFF6F0721A4042EA0E02CA600A695A
:10331000236B22F040621A430A618A68120728D49C
:1033200094F83430227E5B0094F83CC043EA823E3D
:10333000CB6844F2020223EA020242EA0E02CA60A9
:103340000A69BCF1010F11D140F2FD7322EA030CAE
:10335000D4E91032D4E912E543EA0C031A4342EAF5
:103360000E022A4342F0010202E000BF22F00102F5
:103370000A6122690B6B012A23F00F0202BFE36985
:10338000013B1A430A63A16D012262F30101A165A9
:1033900002B0B0BD2DE9F041CAB0044602A8002633
:1033A00040F2000808304FF480714996CDE9476635
:1033B000CDE94566C4F20228FCF7E5FF206808F570
:1033C0000041884202D04AB0BDE8F0814FF40010BD
:1033D000029002A80396379603F0A6FE002818BFB5
:1033E000FFF7FEF940F68C40C4F20240016845AE9A
:1033F00041F4806101600168032701F4806101915B
:1034000001990168002541F004010160016801F0A3
:10341000040101910199016841F001010160016815
:1034200001F0010101910199016841F0020101607F
:103430000068314600F00200019001981D2045907F
:1034400008F500604697479501F0FEFD8820CDE91C
:10345000450740463146479501F0F6FD08F5806086
:103460003146CDE94577479501F0EEFD41F2203038
:10347000C2F200002065C4654AB0BDE8F0810000DA
:103480002DE9F0419CB048F200070446C4F202273F
:10349000D7F80803236816469B685A0704D4884661
:1034A00094F85410012903D102201CB0BDE8F0812A
:1034B00000F01F050120092D84F8540054D8A840BD
:1034C00040F2212108424FD02046FDF7F7F828B1FD
:1034D000002184F854101CB0BDE8F0812168A06D73
:1034E00040F60172904307F58072914218BF0F4673
:1034F00000F58070002DA06518BF8F4203D1A06D2C
:1035000020F48010A065A06D40F2A553C0044FF0D8
:10351000000044BFE06D20F00600E065206DC0F6BD
:10352000000340F23967036640F22163C0F60007EA
:10353000C0F600030022C0E919731C230B6084F855
:1035400054204A6842F010024A60CA6842F0010200
:10355000CA6090F8502012060ED48269012A1DD04C
:10356000022A08BFB6001AE0002084F854000120A7
:103570001CB0BDE8F08100BF406F0028F7D00168A3
:103580000029F4D001A800F077F80028EFD10798BF
:10359000012815D0022808BFB60012E0760040319D
:1035A0004246334600F0C0FD21684FF6C0738A687A
:1035B000C7F6FF731A4004328A601CB0BDE8F08180
:1035C0007600206D2268416F40320968C1E90262CD
:1035D000C1F8108000F0FAF8E6E70000B0B5044644
:1035E00090F85400012804BF0220B0BD012084F8E7
:1035F000540020460321FCF759FF054620B1002066
:1036000084F854002846B0BD2168206DCA6822F0B5
:103610000102CA6090F85420022A16D100F03EF947
:1036200090B105462068A16D41F04001A165416857
:1036300021F0100141602046FDF702F8002084F8D7
:1036400054002846B0BD00BF2168486820F0100033
:1036500048602046FCF7F4FF05460028CFD1A06D56
:1036600041F20111884301300025A065002084F853
:1036700054002846B0BD000080B500284FF001027C
:1036800018BF002902D1104680BD00BF91F820C0AC
:1036900042F20002C0F800C00B68C0F6004203F01E
:1036A000080303610B6803F4002343610B6803F014
:1036B000030383610B6803F44033C3610B68C3F3F6
:1036C0000513013343620B68C3F30553013383626F
:1036D0000B6803F04023C3620B681A4082630A68D8
:1036E00002F4C052C2634B689A0509D4DAB2426050
:1036F0004A79520754BF00224FF4806203E000BFB2
:103700004FF400724260C2604A685FEA8C7302F450
:10371000006282604A6802F4404202644A6802F031
:1037200040724264CA8802F03F0282644A6802F032
:10373000404202630A8982660CD40122C264CA68CC
:103740000266096900224166C0E91422C0E9162216
:10375000104680BD4A896FF3DF220132C264CA6815
:1037600002660A6942664B696FF35F330365B1F81D
:1037700016C06FF35F3CC0F854C0D1F808E05FEAB0
:10378000CE0203D55A420265D1F808E05FEA8E0204
:1037900044BFCCF100024265B1F818E0C0F858E02F
:1037A0008A694FEA124CC0F85CC08A68530003D59E
:1037B000CEF1000282658A68B2F1FF3FC4BF0020EB
:1037C00080BDCCF10001C165002080BD80B500281E
:1037D0005AD0436F002B57D0016D002954D090F878
:1037E0005410D0F800E00129DEF814C004D00229FA
:1037F0004CD11CF4803149D090F8541001293AD1B1
:1038000090F84C1001294FF0020145D0012280F8B8
:103810004C2080F854101973002181651961DEF87D
:10382000141041F4BA41CEF81410416E29B1DEF8FB
:10383000141041F40071CEF81410006F28B1DEF8B6
:10384000140040F40050CEF8140018680022016AF9
:10385000CFF60102490861F3596261F39A624FF6AB
:10386000FF7120EA0101CEF800104FF6FC7108400C
:103870001044CEF87C00DEF8140040F00100CEF8D1
:103880001400002080BD00BF012080BD4021816563
:10389000002180F84C100121084680BDB0B50446D7
:1038A00001F0A6FC002C04BF0120B0BD054694F831
:1038B000540002282ED12168486940F00400486174
:1038C000052084F854000869800408D401F090FCB5
:1038D000401B052826D8216808698004F6D5486968
:1038E000012240F002004861042084F854004FF4A3
:1038F000FE40C86084F8542094F8500000064FF051
:10390000000002D5636F1A738864002184F84C109C
:10391000B0BD00BF2020A0650120002184F84C101C
:10392000B0BD00BFA06D40F01000A065032084F87A
:10393000540094F8500000064FF0010044BF616F3E
:103940000873002184F84C10B0BD0000002804BFAB
:103950000120704790F8541002290BD1042180F8FF
:103960005410006842F20402416911434161002091
:10397000704700BF20218165012070470246002862
:103980004FF0010008BF7047CB065CBF00207047B6
:10399000136840F6FF7223EA020203F57B63C3F368
:1039A000C41301F01101112900FA03F004D1516888
:1039B0000843506000207047516821EA00005060C1
:1039C00000207047806D704710B5044600680C22D7
:1039D000034600F57B6162F30B03C1F3C4111A685F
:1039E00022FA01F1C90700F0CB800169490544BF03
:1039F00041695FEA415143D40169090544BF416906
:103A00005FEA015144D40169C90444BF41695FEAD6
:103A1000C14145D40169490444BF41695FEA41415C
:103A200046D40169890544BF41695FEA815147D4A1
:103A30000169890444BF41695FEA81414AD401694F
:103A4000C90544BF41695FEAC15169D4A06D00282E
:103A500000F096802068416941F002014161012037
:103A600084F8540094F85010090644BF616F08733D
:103A7000A16E0020002984F84C004CD180E000BFEA
:103A80004FF48061C160A16D41F00101A165B3E710
:103A90004FF40061C160A16D41F00201A165B2E780
:103AA0004FF48051C160A16D41F00401A165B1E7FF
:103AB0004FF48041C160A16D41F00801A165B0E7FC
:103AC0004FF40071C160616E0029B1D02046884773
:103AD0002068ADE74FF40051C16094F854100429F8
:103AE0002AD1416921F400514161416941F002014B
:103AF0004161012184F8541094F85020120603D536
:103B0000626F117300218164E16E0020002984F846
:103B10004C0008BF10BD2046BDE81040084700BF5C
:103B200094F85010090613D4816C002904BF0121B8
:103B300084F8541015E000BF052184F85410216F5B
:103B400000293FF47CAF20468847206877E700BF14
:103B5000C16F31B9816C21B9012184F85410626FB1
:103B600011734FF44071C160216E0020002984F868
:103B70004C001CBF20468847A06D00287FF46AAF28
:103B800010BD000070B5044601F032FB002C04BFEC
:103B9000012070BD002184F84C100546206894F87F
:103BA000542022B9C4E91811C4E91A11216702216D
:103BB00084F85410416941F0060141614169C90727
:103BC00009D000BF01F014FB401B052854D8206821
:103BD0004169C907F6D1216A426904F1100522F44E
:103BE000430211434161E36926CD1A4340F24F0E6F
:103BF0001143C5F2020E40F24F3C704541EA050305
:103C0000C5F2020C1CDC41F24F05C4F20205A842C9
:103C10003ADC40F24F25C4F20205A84262DC40F2D1
:103C20004F15C4F20205A84200F39C805025C4F24F
:103C30000205A84200F0F080D025C4F20205E9E0B8
:103C400041F24F05C5F20205A84235DC40F24F258E
:103C5000C5F20205A84257DC40F24F15C5F2020535
:103C6000A84200F38B805025C5F20205A84200F05F
:103C7000D380D025CCE000BF012003221021A16514
:103C800084F8542070BD00BF41F24F25C4F20205F4
:103C9000A84245DC41F24F15C4F20205A84277DC88
:103CA00041F25005C4F20205A84200F0B58041F28D
:103CB000D005C4F20205ADE041F24F25C5F2020580
:103CC000A8423FDC41F24F15C5F20205A8426BDC69
:103CD00041F25005C5F20205A84200F09D8041F274
:103CE000D00595E040F24F35C4F20205A84265DCEC
:103CF00040F25025C4F20205A84200F08D8040F247
:103D0000D025C4F2020585E0604563DC40F2502511
:103D1000C5F20205A84200F07F8040F2D02577E08E
:103D200041F24F35C4F20205A8425DDC41F2502554
:103D3000C4F20205A8426FD041F2D025C4F20205B8
:103D400068E000BF41F24F35C5F20205A84257DCDA
:103D500041F25025C5F20205A8425DD041F2D025BE
:103D600056E000BF40F25015C4F20205A84253D0FD
:103D700040F2D015C4F202054CE000BF40F25015ED
:103D8000C5F20205A84247D040F2D01540E000BF7E
:103D900041F25015C4F20205A8423DD041F2D015BF
:103DA000C4F2020536E000BF41F25015C5F202052B
:103DB000A84231D041F2D0152AE000BF40F2503580
:103DC000C4F20205A84227D040F2D035C4F2020561
:103DD00020E000BF40F25035C5F20205A8421BD0DA
:103DE00040F2D03514E000BF41F25035C4F2020574
:103DF000A84211D041F2D035C4F202050AE000BF5A
:103E000041F2D035C5F20205A84205D041F2503545
:103E1000C5F20205A84212D1D4E909514FF07C76CF
:103E2000E26A06EB01514FF47C7606EB051501F0D2
:103E30007C711A4305F47C75114341EA0503016C5A
:103E400001F0802119430164A1682279E5681143DA
:103E5000226BB5F5007F41EA020323D0B5F5806FF0
:103E600040F00E81704521DC41F24F01C4F20201A5
:103E7000884237DC40F24F21C4F2020188425FDC05
:103E800040F24F11C4F20201884200F399805021A0
:103E9000C4F20201884200F0F180D021C4F2020194
:103EA000E6E000BF43F40073EAE000BF41F24F01D7
:103EB000C5F2020188422DDC40F24F21C5F2020119
:103EC00088424FDC40F24F11C5F20201884200F3F4
:103ED00083805021C5F20201884200F0CF80D021BA
:103EE000C4E000BF41F24F21C4F20201884245DC28
:103EF00041F24F11C4F20201884277DC41F25001D5
:103F0000C4F20201884200F0B98041F2D001C4F24B
:103F10000201ADE041F24F21C5F2020188423FDCCF
:103F200041F24F11C5F2020188426BDC41F25001AF
:103F3000C5F20201884200F0A18041F2D00195E073
:103F400040F24F31C4F20201884265DC40F2502158
:103F5000C4F20201884200F0918040F2D021C4F204
:103F6000020185E0604563DC40F25021C5F20201A8
:103F7000884200F0838040F2D02177E041F24F3157
:103F8000C4F2020188425DDC41F25021C4F2020118
:103F9000884273D041F2D021C4F2020168E000BF30
:103FA00041F24F31C5F20201884257DC41F2502103
:103FB000C5F20201884261D041F2D02156E000BF33
:103FC00040F25011C4F20201884257D040F2D011A1
:103FD000C4F202014CE000BF40F25011C5F20201F0
:103FE00088424BD040F2D01140E000BF41F2501166
:103FF000C4F20201884241D041F2D011C4F2020160
:1040000036E000BF41F25011C5F20201884235D0BE
:1040100041F2D0112AE000BF40F25031C4F2020157
:1040200088422BD040F2D031C4F2020120E000BF20
:1040300040F25031C5F2020188421FD040F2D03127
:1040400014E000BF41F25031C4F20201884215D0A1
:1040500041F2D031C4F202010AE000BF41F2D03196
:10406000C5F20201884209D041F25031C5F2020185
:10407000884208BF43F4806302E000BF43F48063DA
:10408000626B416C42F20016C3F6C04613433140E6
:104090001943416400216045816411DC41F24F31D4
:1040A000C4F2020188421BDC40F25031C4F202012A
:1040B00088422DD040F2D031C4F2020126E000BF88
:1040C00041F24F31C5F20201884215DC40F2503115
:1040D000C5F2020188421BD040F2D03114E000BF8B
:1040E00041F25031C4F20201884211D041F2D03184
:1040F000C4F202010AE000BF41F2D031C5F2020170
:10410000884205D041F25031C5F20201884202D105
:104110000021416581650021C167226501220020DF
:10412000A16584F8542070BD10B520B1D0F850C0FE
:10413000BCF1000F02D0012010BD00BF90F84CC0B0
:10414000BCF1010F04BF022010BD4FF0010C80F83C
:104150004CC090F854C0BCF1010F39D14FF0020CA3
:1041600080F854C04FF0000CC0F858C0D0F800C020
:10417000D0F864E0DCF84840BEF1000FC3EA040365
:10418000CCF848304FF4FE43CCF80C30CCF84C104F
:10419000CCF85020DCF8141041F4BA41CCF81410DB
:1041A00005D0DCF8141041F40071CCF81410006F45
:1041B00028B1DCF8140040F40050CCF81400DCF80E
:1041C000140040F00100CCF81400002010BD00BF26
:1041D00040218165002180F84C10012010BD0000B5
:1041E000B0B5044601F004F8054640F21000C2F2F2
:1041F00000000078611C18BF044400BF00F0F8FF05
:10420000401BA042FAD3B0BD10B590F85C30013B22
:10421000012B69D8006801F00703D0F858E01EF0C0
:10422000010C00D11BBB11F0380F02D01EF00204AC
:104230001DD011F4E07F02D01EF0040417D011F459
:10424000F05F02D01EF0080411D011F4604F02D0CC
:104250001EF010040BD011F4403F02D01EF02004D9
:1042600005D011F47C0F06D01EF0400403D1C46DBC
:1042700044F00104C465002B18BFBCF1000F3BD112
:1042800011F0380F18BF1EF0020335D111F4E07F92
:1042900018BF1EF004032FD111F4F05F18BF1EF0F9
:1042A000080329D111F4604F18BF1EF0100323D169
:1042B00011F4403F18BF1EF020031DD111F47C0FF4
:1042C00018BF1EF0400317D10B061BD4CB0504D535
:1042D000D0F8E0301A43C0F8E02000F1540200208A
:1042E00013681943116010BD00F160020120022122
:1042F00013681943116010BDC36D43F00203C36519
:104300000B06E3D5D0F8DC301343C0F8DC30CB0526
:10431000E3D5DDE7F0B590F85C30022B12D10668EA
:10432000D6F8C4309B0213D4D6F8C4300D69C3F359
:10433000014CD1E901438CB10C682B43234343F07A
:10434000804E0FE0016E41F0080101660120F0BDD2
:10435000016E41F4007101660120F0BD0C682B4331
:1043600043EA844ED1E90745D1E9053744EA0564BB
:10437000CD683C432343446D0CEBCC0743EA054531
:1043800004EBC70344F837E05D60CF687FB144F6C3
:10439000D065083303320024C0F60205171957F818
:1043A000037C1F51CF680434EF5DBC42F6D301217A
:1043B00001FA0CF1C6F8CC1081650020F0BD0000B8
:1043C00080B590F85C20013A012A13D80A68BAB186
:1043D00001F1040ED1E904319EE80450406C43EA37
:1043E0004E7E41EA8C7100EBC20340F832E00020BF
:1043F000596080BD016E41F002010166012080BD5F
:10440000D1E901CED1E903234969D20642EA8E728D
:10441000006C42EA0342114340F82C10002080BD9A
:10442000844690F85C00012812D19200DCF800C0AC
:1044300042EA011100985CF8802F41EA430122F022
:104440003F02084340EA02010020CCF80010704708
:104450005CF8600F40F004010120CCF800107047B8
:1044600090F85C30013B012B0AD80068012A826D6C
:104470000CBF22EA0101114381650020704700BF93
:10448000016E41F00201016601207047002804BF5F
:104490000120704710B5044690F85C00022829D12D
:1044A0002068816941F0010181618169C90710D1EA
:1044B0000C2100BF8269D20701BF82695FEAC27224
:1044C00082695FEAC27204D1043937D08269D207A7
:1044D000F0D0816921F010018161816909071BD445
:1044E000816941F0020181610021A165012184F807
:1044F0005C1004E02068216E41F008012166C16D66
:1045000021F00301C165204600F076FB0020206603
:1045100084F85C0010BD00BF0C2100BF8269120747
:1045200041BF82695FEA027282695FEA0272D7D58F
:10453000043903D082691207F0D4D1E7216E41F02B
:1045400001012166032184F85C10D8E780B590F85A
:104550005C20013A012A6FD800680B06426D22EAFE
:104560000102426544BF0022C0F8DC20C90544BFF7
:104570000021C0F8E010426DD0F858E002F00703C7
:104580001EF0010C00D13BBB12F0380F02D01EF020
:10459000020121D012F4E07F02D01EF004011BD0F2
:1045A00012F4F05F02D01EF0080115D012F4604F33
:1045B00002D01EF010010FD012F4403F02D01EF0C6
:1045C000200109D012F47C0F02D01EF0400103D06C
:1045D000C16D21F00101C165002B18BFBCF1000FB6
:1045E00030D112F0380F18BF1EF002012AD112F498
:1045F000E07F18BF1EF0040124D112F4F05F18BF51
:104600001EF008011ED112F4604F18BF1EF01001F9
:1046100018D112F4403F18BF1EF0200112D112F43D
:104620007C0F18BF1EF040010CD1C16D21F00201BA
:10463000C165002080BD00BF016E41F0020101662E
:10464000012080BD002080BD704700007047000041
:1046500080B50068006CC0F3074EC2B2C0F30623F9
:10466000C0F3C03C002081E80C10C1F80CE080BD14
:10467000F0B50068406C00F00702C0F38014C0F38E
:10468000022300F0180CC0F3401EC0F3003781E88D
:104690000C5001F11002C0F3C015C0F3C026F0C2E7
:1046A000C0F34032C0F38033C0F306470020C1E9B5
:1046B00008238F62F0BD00002DE9F04390F85C7094
:1046C000022F1BD1D0F800C040291FD1DCF8907018
:1046D0003F0700F09D80DCF89070FF0146BFDCF8DA
:1046E0008070C7F340270027DCF89060C6F30126EE
:1046F00006EB070C00F148071DE000BF016E41F01A
:10470000080101660120BDE8F08300BFDCF8987065
:104710003F077DD0DCF89870FF0146BFDCF8807061
:10472000C7F300270027DCF89860C6F3012606EBE4
:10473000070C00F14C073F680CEBCC0657F83650DD
:1047400007EBC60E15F08045556057F8365025F03A
:10475000604408BFC5F38A44146057F8365005F02A
:104760000055956057F8364004F000441461BEF8D7
:104770000440D461BEF8064014F00F04D460DEF8A3
:10478000044004F480145461DEF8044004F400147E
:1047900094619EF8074004F07F041462DEF8044040
:1047A0004FEAD474546228D044F6D0680024C0F68E
:1047B000020800BF0EEB0406377A651C1F55D76848
:1047C00018F80770BD4218D2757A1F197D70D56828
:1047D00018F80590A51C4D450FD2B57ABD70D56867
:1047E00018F80590E51C4D4507D2F57A0434FD70A4
:1047F000D56818F80550AC42DCD3006840290CBFDE
:10480000C0F894C0C0F89CC00020BDE8F08300BF91
:10481000016E41F4807101660120BDE8F083000063
:1048200090F85C00704700000068D0F8C40000F009
:1048300007007047704700002DE9F04F85B004462F
:104840000068016D426D056DD0F85490D0F850A00D
:10485000D0F85480036D01EA020B0493436D039377
:10486000036D0293436D0193436D076D1F407B06FB
:104870005CD405EA0906F8050BF4E05561D408EAB2
:104880000A0806F007062DB120682946056520466E
:1048900000F026FB08F038052EB120683146066589
:1048A000204600F08BFA2DB1206829460565204688
:1048B00000F0A4FAB80557D438065ED4B80469D419
:1048C0003804DDE9011000EA010506D520684FF43F
:1048D00000410165204600F0FBFADDE903100840C5
:1048E000790405F4602107D522684FF480431365ED
:1048F000226E42F08002226600F4710521B1206828
:1049000001652046FFF7A2FE25B120680565206EEF
:1049100028432066206E002804BF05B0BDE8F08F54
:10492000204605B0BDE8F04FFFF78EBE402101657F
:104930002046FFF77FFF05EA0906F8050BF4E0556E
:104940009DD52068D0F8D810D0F8E02011404FF461
:1049500080720265204600F0BFFA08EA0A08002DBE
:1049600006F0070690D195E720684FF400710165C5
:10497000204600F0B7FA3806A0D52068D0F8D41049
:10498000D0F8DC20114080220265204600F0A6FA13
:10499000B80495D520684FF400510165204600F019
:1049A00099FA3804DDE9011000EA01058ED494E794
:1049B00070B5002804BF012070BD044690F85C006B
:1049C00028B9002084F85D00204600F065F92068D1
:1049D000816921F01001816100F00AFC054600BFE9
:1049E00020688169090705D500F002FC401B0B28EF
:1049F000F6D310E0816941F00101816100F0F8FB1C
:104A0000054600BF20688169C9070DD100F0F0FBA1
:104A1000401B0B28F6D3206E032140F001002066D6
:104A2000012084F85C1070BD82694AF2004CC4F227
:104A3000000C42F002026045826102D16268CCF84B
:104A40000021227C8369012A23F0400318BF4033F0
:104A50008361627C8369012A23F4804308BF03F5E4
:104A600080438361A27C8369012A23F4805318BFA9
:104A700003F580538361826922F44075D4E90223EF
:104A800015438561856925F0A4058561056925F0D3
:104A900010050561B3B1022B10D0012B04D183693D
:104AA00043F004030DE000BF8569032B45F080054A
:104AB0008561056945F01005056103D1836943F0FF
:104AC00020038361D4E90515D4E907366FF0FF0EA2
:104AD0000EEB0323013D43EA45630025CFF6FF7546
:104AE000013E05EB014133431943B2F5407FC161FB
:104AF0000FD104F124064ECE0EEB0323013A1A43E4
:104B00006FF00F0303EB061305EB01411A4311434A
:104B1000C160D4E90D13E26BD0F8C0603243C0F835
:104B2000C0200CF580660CF50062B04208BF0CF5A1
:104B300035622264D0F8806026F4F81646EA014116
:104B4000C0F8801002F170016164D0F8801021F08B
:104B5000706141EA0361C0F8801002F1B000A06406
:104B600002F5C470E06402F51870206502F51E704D
:104B7000606502F554700021C2E90011C2E902111A
:104B8000C2E90411C2E90611C2E90811C2E90A1119
:104B9000C2E90C11C2E90E11C2E91011C2E91211E9
:104BA000C2E91411C2E91611C2E91811C2E91A11B9
:104BB000C2E91C11C2E91E11C2E92011C2E9221189
:104BC000C2E92411C2E92611C2E92811C2E92A1159
:104BD000C2E92C11C2E92E11C2E93011C2E9321129
:104BE000C2F8D010D4328242C6D300200121A06581
:104BF000206684F85C1070BD10B500684AF60001AC
:104C0000C4F20001884223D04AF20041C4F20001FC
:104C1000884218BF10BD40F67C20C2F20000016837
:104C20000139016007D140F6A040C4F2024001689A
:104C300021F4007101600020C4F202204FF4C05141
:104C400000F052F92720BDE8104000F063BF00BF1C
:104C500040F67C20C2F2000001680139016007D1F2
:104C600040F6A040C4F20240016821F400710160E6
:104C70000024C4F2022404F540604FF4007100F0F7
:104C800033F904F58060402100F02EF96D20BDE875
:104C9000104000F03FBF000070B586B000684AF6D3
:104CA0000001C4F2000188424FF000010591CDE9F6
:104CB0000311CDE9011131D04AF20041C4F20001E3
:104CC000884279D140F67C21C2F200010868421C7A
:104CD000002840F68C40C4F202400A6008D14169C5
:104CE00041F400714161416901F400710091009942
:104CF0000168272441F001010160006800F0010013
:104D0000009000984FF4C0500190022002900020C3
:104D1000CDE903000020C4F2022040E040F67C21EF
:104D2000C2F200010868421C002840F68C40C4F220
:104D300002400A6008D1416941F400714161416952
:104D400001F40071009100990168002641F008010A
:104D500001600168C4F2022601F008010091009987
:104D60000168022441F0020101600068002500F0A2
:104D70000200009000984FF4007001900920059007
:104D800006F5406001A90294CDE9035500F05CF9F5
:104D9000402001A931C106F580606D2404950921E8
:104DA000059101A900F050F920460521002200F0EC
:104DB000D5FE204600F0C2FE06B070BD43F6A82224
:104DC000C2F200025368834203D0D2F8C425824263
:104DD00012D1C80708BF704740F2D420C2F20000C9
:104DE000006848B147F25812C2F2000211684B1C29
:104DF000012113601CF0F4B87047000070470000F8
:104E000090F85C1001290BD1022180F85C10016838
:104E10008A6922F001028A61002101660846704712
:104E2000016E41F0040101660120704790F85C10AA
:104E300002292BD101688A6942F001028A618A69DC
:104E4000D20710D10C2200BF8B69DB0701BF8B6931
:104E50005FEAC3738B695FEAC37304D1043A2DD050
:104E60008B69DB07F0D08A6922F010028A618A69B7
:104E7000120711D48A6942F002028A6100210122DC
:104E8000816580F85C200846704700BF016E41F0E4
:104E900008010166012070470C2200BF8B691B07C7
:104EA00041BF8B695FEA03738B695FEA0373E1D5E6
:104EB000043A03D08B691B07F0D4DBE7016E41F0A5
:104EC00001010166032180F85C1001207047000099
:104ED00070470000704700007047000070470000F6
:104EE00070470000704700002DE9F04F82B00029A4
:104EF00074D047F67F72C0F22F0202EA902200239C
:104F00000026002701250092019129E00168032273
:104F1000B240114301606FF0030101EA540103F054
:104F20001C0C0144D1F820800F2404FA0CF428EA68
:104F300004040C62816891438160416821EA0E019A
:104F40004160C1689143C160019931FA05F205F1F0
:104F5000010507F1080706F1020603F104033DD03D
:104F60006C1E012202FA04FE1EEA0109EDD042F293
:104F70000001C4F202414FEA940801F1600C0F22D3
:104F80005CF828A007F0180B02FA0BF10AEA0102FC
:104F90008A46009901FA0BF18A42B7D142F2000227
:104FA000C4F20242D2F8801021EA0901C2F880104E
:104FB000D2F8841021EA0901C2F88410116821EAAC
:104FC00009011160516821EA090151605CF828105B
:104FD00021EA0A014CF8281098E700BF02B0BDE8AA
:104FE000F08F0000082808BF13F0A6B8042818BFE7
:104FF000704713F0B3B80000B0B542F20C05C4F22C
:10500000024529680446014203D020462C6000F086
:105010000BF86868204208BFB0BD20466C60BDE850
:10502000B040FFF7DFBF0000012808BF13F08EB8C3
:10503000B0F5004F04D0042818BF704713F08EB8A5
:105040004FF400400CF020B92DE9F04F81B00B680F
:10505000002B00F0BD8047F67F72C0F22F0202EAFB
:1050600090224FF0000B00260027012400920BE055
:105070000B68083733FA04F504F1010406F102065F
:105080000BF1040B00F0A480A4F10108012202FA44
:1050900008FC13EA0C02EBD0D1F804E04EF0100348
:1050A000122B18D16FF0030303EA58030BF01C0511
:1050B00000EB030ADAF820E00F23D1F81090AB40A0
:1050C0002EEA030E09F00F03AB4043EA0E03CAF8C1
:1050D0002030D1F804E003680325B5400EF0030941
:1050E0006FEA050AAB4309FA06F52B43BEF1120F2E
:1050F000036065D8012303FA0EF313F0061F5FD097
:105100008368CD6803EA0A03B5402B438360436894
:105110004FEA1E1523EA0C0305FA08F52B434360FA
:10512000C3688D6803EA0A03B5402B43C3605FEA96
:10513000CE039DD528F0030342F20008C4F20248D2
:1051400008EB030EDEF860C007F018050F23AB4034
:105150002CEA030C009B03FA05F54CEA0503CEF894
:105160006030D8F800C0D1F804E04CEA02055FEAEC
:10517000CE2358BF2CEA0205C8F80050D8F804C066
:105180005FEA8E234CEA020558BF2CEA0205C8F8F4
:105190000450D8F884C05FEA8E334CEA020558BF49
:1051A0002CEA0205C8F88450D8F880C05FEACE33F4
:1051B0004CEA020558BF2CEA0205C8F8805057E7B0
:1051C000B9F1030FACD18B68012BA9D1AFE700BFB8
:1051D00001B0BDE8F08F00000069084018BF012051
:1051E000704700001823002A08BF2823C1507047C9
:1051F0004CF63860C2F201000068704790F8412018
:10520000202A03D190F84020012A01D102207047C2
:10521000242280F841200268136823F00103136000
:10522000136823F4805313601368194311601168E5
:1052300041F001011160202180F84110002180F827
:10524000401008467047000090F84120202A03D102
:1052500090F84020012A01D102207047242280F8D2
:1052600041200268136823F001031360136823F4DC
:10527000706343EA01211160116841F0010111607E
:10528000202180F84110002180F840100846704726
:10529000002804BF0120704710B5044690F8410073
:1052A00028B9002084F84000204600F085FA242028
:1052B00084F8410094E80910E2680168012A21F0AD
:1052C0000101016023F070610161816821F40041F6
:1052D000816003D14CF40041816009E04CF4044149
:1052E000022A816004D1416841F4006103E000BFFB
:1052F000416821F400614160416804F1100341F00C
:10530000007141F400414160C16821F40041C16075
:105310000ECB114341EA0321E269C160216A1143C6
:105320000160016841F001010160002020216064FA
:1053300084F84110206384F8420010BD2DE9F04F3D
:1053400081B0044690F8410020280DD1DDF828A056
:10535000BAF1000F0CD0DDF82CB0BBF1000F07D074
:1053600094F8400001280BD1022001B0BDE8F08F75
:105370004FF400706064012001B0BDE8F08F00BF01
:1053800001201D461746894684F84000FFF730FF8C
:10539000216806468A69120447D422200C9A84F8B0
:1053A000410040204FF0000884F84200C4F84480D7
:1053B000C4F824A0A4F82AB0C4F8348093466FF34C
:1053C0009F29E8B24A6849F6000ACFF6004A49EA3E
:1053D000004002EA0A02104400F5005048602046EE
:1053E0005946324609F018F9A8B9012D08D02068AD
:1053F000390A816220465946324609F00DF950B902
:105400002068F9B281622046402100225B46009666
:1054100009F040F850B384F84080012001B0BDE8A5
:10542000F08F00BF88690004B7D5204619213246A5
:1054300008F07CFF00289ED1FFF7DAFE801B216870
:105440001A28EFD388690004ECD5606C40F0200086
:105450006064202084F84100002084F8420084F831
:105460004000012001B0BDE8F08F00BF608D5F46B5
:1054700040F2000BB0F5807FC0F2FF1B0AD320681A
:105480000BF5105350F8041F01EA0A0141EA090222
:10549000FF210BE0618D2068CAB250F8043F49EA51
:1054A000024203EA0A031A430BF592331A434FF000
:1054B000FF080AF58065026021850FE0618D206894
:1054C0002185C9B250F8042F49EA01412A4011430D
:1054D0004FF0007211430160608DA8B32046042193
:1054E00000223B46009608F0D5FF00287FF443AF2A
:1054F0002068616A406A0870606A218D0130013954
:1055000060622185608D0904A0F101006085608DD5
:10551000E2D10028E0D02046802100223B460096C0
:1055200008F0B8FF00287FF426AF608DB0F5807FCB
:10553000C4D32068A4F8288050F8041F5A46294094
:1055400041EA0901C6E700BF20463946324609F064
:1055500023F800287FF40FAF20682021C161426842
:105560004EF60003CFF600631A404260002084F834
:10557000411084F8420084F8400001B0BDE8F08F8B
:105580002DE9F04F81B0044690F8410020280DD15C
:10559000DDF828A0BAF1000F0CD0DDF82CB0BBF17B
:1055A000000F07D094F8400001280BD1022001B071
:1055B000BDE8F08F4FF400706064012001B0BDE8D9
:1055C000F08F00BF01201D461746894684F8400031
:1055D000FFF70EFE216806468A69120449D421208D
:1055E0000C9A84F8410040204FF0000884F84200F3
:1055F000C4F84480C4F824A0A4F82AB0C4F83480C5
:1056000049F6004A93466FF39F29E8B2CFF6004A65
:105610004A68AAF5806349EA00401A40104440F005
:10562000807040F40050486020465946324608F0E9
:10563000F3FFA8B9012D08D02068390A81622046FD
:105640005946324608F0E8FF50B92068F9B2816245
:105650002046802100225B46009608F01BFF48B3DD
:1056600084F84080012001B0BDE8F08F8869000413
:10567000B5D520461921324608F058FE00289CD1A5
:10568000FFF7B6FD801B21681A28EFD38869000454
:10569000ECD5606C40F020006064202084F841006C
:1056A000002084F8420084F84000012001B0BDE8E9
:1056B000F08F00BF608D0025B0F5807FC0F2FF1530
:1056C0000AD320682B4650F8041F01EA0A0141EA78
:1056D0000902FF210CE000BF618D2068CAB250F8BA
:1056E000043F49EA024203EA0A031A434FF00073F7
:1056F0001A43FF270260218511E000BF618D2068F9
:105700002185C9B250F8042F49EA014102EA0A0290
:1057100011434FF0007211430160608D80B3204649
:105720005946324608F078FF00287FF446AF606A99
:10573000226810F8011B91626062608D01386085FB
:10574000208D411E2185608D0904E6D10028E4D01A
:105750002046802100225B46009608F09BFE002830
:105760007FF42BAF608DB0F5807FC7D3206827858D
:1057700050F8041F2A4601EA0A0141EA0901CAE772
:1057800020465946324608F007FF00287FF415AF3F
:1057900020682021C16142684EF60003CFF6006305
:1057A0001A404260002084F8411084F8420084F8D6
:1057B000400001B0BDE8F08FB0B5CAB00446002586
:1057C00002A84FF484714995CDE94755CDE9455577
:1057D000FAF7D9FD206845F60001C4F200018842BD
:1057E0003AD045F20041C4F20001884267D14FF43B
:1057F00000500024029002A80394269401F094FC27
:10580000002818BFFCF7ECFF40F68C45C4F20245B7
:10581000286845A940F002002860286800F00200CE
:10582000019001984FF4C07045901220CDE94604D4
:105830000420499040F20040C4F202204894FFF74F
:1058400003FC286940F400102861286900F4001066
:10585000019001984AB0B0BD4FF48040029002A878
:105860000395279501F060FC002818BFFCF7B8FFEE
:1058700040F68C44C4F20244206845A940F002007E
:105880002060206800F00200019001984FF4A050C1
:105890004590122046900020CDE947000420499011
:1058A00040F20040C4F20220FFF7CEFB206940F432
:1058B00080002061206900F48000019001984AB0C6
:1058C000B0BD000040F20041C4F203010A68D207F3
:1058D0001CBF012070470A6822F0040210430860D0
:1058E0000020704740F20041C4F20301086840F014
:1058F000010200200A60704740F210004CF6386147
:10590000C2F20000C2F2010100780A681044086087
:105910007047000080B5032000F04CF902F054FEFF
:1059200040F62041C4F20241096844F6106201F0D9
:105930000F01C0F60202515CC84040F21801C2F2E9
:1059400000010860042004F00BFB0F2000F008F8B1
:1059500000281CBF012080BD00F0C6F8002080BDDB
:10596000B0B588B040F69C41C4F202410A680446D2
:1059700042F020020A60096802A801F020010291A9
:10598000029901A902F07AFD059D002D18BF01259D
:1059900002F0AEFDA84045F6C5214009C0F67C21C5
:1059A000A0FB01014FF0FF3000EBD11141F21C6070
:1059B00041F20043C2F200006322C4F2000300255A
:1059C000C0E90031C0E90252056104F0E7FB054679
:1059D000B8B941F21C60C2F2000004F04FFC054669
:1059E00078B90F2C0CD8322021460022002500F077
:1059F000B5F840F21400C2F20000046001E000BFFC
:105A00000125322000F09AF8284608B0B0BD000009
:105A1000BFF35F8F4EF6C0510278CEF200016FF0F7
:105A20001F03043103EBC20390F801C0042A3CBFFA
:105A30004EF6C051CEF20001086838BFD300FF22F5
:105A40009A4090430CFA03F210430860704700003C
:105A5000BFF35F8F41784EF6A053CEF2000390F86B
:105A600000C043F8081C196821F001011960416861
:105A7000C27B21F01F0141EAC201427B41EA42019F
:105A8000827B114343F8041C8168007B21F01F01D5
:105A900041EA400040EA0C00186070474EF624507E
:105AA000BFF35F8FCEF20000016821F48031016006
:105AB000016F21F001010167BFF34F8FBFF36F8FBB
:105AC000704700004EF6245140F00100CEF2000174
:105AD000BFF35F8F0867086840F480300860BFF349
:105AE0004F8FBFF36F8F70476FF001000F210022BF
:105AF00000F034B8002848BF704700F01F010122B1
:105B000002FA01F14EF280224009CEF2000242F880
:105B100020107047002848BF704700F01F01012285
:105B200002FA01F14EF280124009CEF2000242F870
:105B30002010BFF34F8FBFF36F8F7047002848BF0F
:105B4000704700F01F01012202FA01F14EF200122B
:105B50004009CEF2000242F82010704710B54EF610
:105B60000C5CCEF2000CDCF80030C3F3022E8EF099
:105B70000704042C28BF0424BEF103034FF0FF3EAA
:105B800038BF00230EFA04F4A14399400EFA03F340
:105B90009A4300F00F03043B1143634409010C33A3
:105BA00000F16042B0F1FF3FC8BF02F564431970D5
:105BB00010BD00004EF60C51CEF200010A684FF6FF
:105BC000FF031A4060F30A2242F0806040F0FD704B
:105BD0000860704710B540F6284CC4F2024CDCF85F
:105BE0000CE0DCF80010DCF80020C2F30523DCF840
:105BF0000020DCF81040DBB3C2F30012C4F3CC0485
:105C000001F0030104FB02F2032900EE102A6FF3F6
:105C10005F2EB8EE400A31D0022935D001295CF858
:105C2000281C49F20002C1F3C101C0F2D03222FAAD
:105C300001F101EE101A02EE103AB8EE411AB8EE78
:105C4000422A9FED4F3A81EE021A02EE10EA20EE50
:105C5000030AB8EE422A30EE020AB7EE002A30EE0E
:105C6000022A5CF8281C22EE010A89012CD527E0C3
:105C70000021C0E90011816010BD00BF01EE103AA3
:105C80009FED3E2A04E000BF01EE103A9FED3D2A51
:105C9000B8EE411A82EE012A01EE10EA9FED383A81
:105CA000B8EE411A20EE030A30EE010AB7EE001AF0
:105CB00030EE011A5CF8281C22EE010A890103D596
:105CC000DCF80010C90307D4002101605CF8281C2F
:105CD000890118D41BE000BFDCF80C10B7EE002AD5
:105CE000C1F3462101EE101AB8EE411A31EE021A44
:105CF00080EE011ABCEEC11A11EE101A01605CF8B8
:105D0000281C890103D5DCF80010890302D4002186
:105D100012E000BFDCF80C10B7EE002AC1F3064118
:105D200001EE101AB8EE411A31EE021A80EE011A95
:105D3000BCEEC11A11EE101A41605CF8281C8901F2
:105D400044BFDCF800105FEA413103D400218160D8
:105D500010BD00BFDCF80C10B7EE002AC1F30661DD
:105D600001EE101AB8EE411A31EE021A80EE010A65
:105D7000BCEEC00A10EE101A816010BD20BCBE4BF4
:105D8000000000390024744A10B540F62C4CC4F2CF
:105D9000024CDCF810E0DCF80010DCF80020C2F364
:105DA0000523DCF80020DCF81440DBB3C2F300125A
:105DB000C4F3CC0401F0030104FB02F2032900EE5A
:105DC000102A6FF35F2EB8EE400A31D0022935D089
:105DD00001295CF82C1C49F20002C1F3C101C0F298
:105DE000D03222FA01F101EE101A02EE103AB8EEAA
:105DF000411AB8EE422A9FED4F3A81EE021A02EEA6
:105E000010EA20EE030AB8EE422A30EE020AB7EE9C
:105E1000002A30EE022A5CF82C1C22EE010A09014D
:105E20002CD527E00021C0E90011816010BD00BF22
:105E300001EE103A9FED3E2A04E000BF01EE103A59
:105E40009FED3D2AB8EE411A82EE012A01EE10EADA
:105E50009FED383AB8EE411A20EE030A30EE010AFF
:105E6000B7EE001A30EE011A5CF82C1C22EE010A83
:105E7000090103D5DCF80010C90307D40021016033
:105E80005CF82C1C090118D41BE000BFDCF81010D2
:105E9000B7EE002AC1F3462101EE101AB8EE411AFE
:105EA00031EE021A80EE011ABCEEC11A11EE101A80
:105EB00001605CF82C1C090103D5DCF80010890393
:105EC00002D4002112E000BFDCF81010B7EE002A67
:105ED000C1F3064101EE101AB8EE411A31EE021A72
:105EE00080EE011ABCEEC11A11EE101A41605CF886
:105EF0002C1C090144BFDCF800105FEA413103D4D7
:105F00000021816010BD00BFDCF81010B7EE002A40
:105F1000C1F3066101EE101AB8EE411A31EE021A11
:105F200080EE010ABCEEC00A10EE101A816010BDAE
:105F300020BCBE4B000000390024744A10B540F666
:105F4000304CC4F2024CDCF814E0DCF80010DCF851
:105F50000020C2F30523DCF80020DCF81840DBB396
:105F6000C2F30012C4F3CC0401F0030104FB02F2FB
:105F7000032900EE102A6FF35F2EB8EE400A31D0ED
:105F8000022935D001295CF8301C49F20002C1F326
:105F9000C101C0F2D03222FA01F101EE101A02EE74
:105FA000103AB8EE411AB8EE422A9FED4F3A81EE10
:105FB000021A02EE10EA20EE030AB8EE422A30EE90
:105FC000020AB7EE002A30EE022A5CF8301C22EEFC
:105FD000010A89002CD527E00021C0E90011816069
:105FE00010BD00BF01EE103A9FED3E2A04E000BF55
:105FF00001EE103A9FED3D2AB8EE411A82EE012AD9
:1060000001EE10EA9FED383AB8EE411A20EE030A8D
:1060100030EE010AB7EE001A30EE011A5CF8301CBF
:1060200022EE010A890003D5DCF80010C90307D469
:10603000002101605CF8301C890018D41BE000BF0F
:10604000DCF81410B7EE002AC1F3462101EE101A55
:10605000B8EE411A31EE021A80EE011ABCEEC11AF6
:1060600011EE101A01605CF8301C890003D5DCF8D1
:106070000010890302D4002112E000BFDCF81410E4
:10608000B7EE002AC1F3064101EE101AB8EE411A2C
:1060900031EE021A80EE011ABCEEC11A11EE101A8E
:1060A00041605CF8301C890044BFDCF800105FEAF6
:1060B000413103D40021816010BD00BFDCF8141011
:1060C000B7EE002AC1F3066101EE101AB8EE411ACC
:1060D00031EE021A80EE010ABCEEC00A10EE101A70
:1060E000816010BD20BCBE4B000000390024744A02
:1060F00080B584B04FF6FF730246C0F21F03002044
:106100009B1A70EB010351DB40F2FF339B1A70EBDB
:10611000010380F2778047F6FF739B1A4FF0000C63
:106120007CEB010380F214814FF6FF73C0F203038E
:106130009B1A7CEB0103C0F2078282F400430B43FD
:1061400000F00C8482F480330B4300F02D8482F441
:106150000032114340F0DA8640F60040C4F20240BB
:10616000D0F8DC10C1F30221052900F22387DFE813
:1061700011F02706C7062B06CF06D706070000BF7B
:10618000D0F8E8100368026811F0404103D113F021
:10619000020340F07686B1F1804F40F0398712F467
:1061A000007240F06C8700F033BF00BF002940F35D
:1061B00099801F2940F30881FF2900F3018281F0B3
:1061C0002003134300F00C8481F04003134300F0DC
:1061D0001B8481F08001114340F0988640F6004016
:1061E000C4F20240D0F8DC10C1F30261052900F2CC
:1061F000E186DFE811F0E5058506E9058D069506DF
:10620000A50600BFD2F17F034FF0000C7CEB010329
:10621000C0F25A81013A61F10001D2F13F037CEBF7
:106220000101C0F07386DFE812F0410083027106BD
:10623000AB02710671067106D9027106710671060C
:106240007106710671067106090371067106710601
:106250007106710671067106710671067106710686
:1062600071067106710671063903710671067106B1
:106270007106710671067106710671067106710666
:106280007106710671067106710671067106710656
:106290007106710671067106710671067106710646
:1062A0007106710671067106690300BF40F6004071
:1062B000C4F20240D0F8D81011F0070100F00886AF
:1062C0000268012903D112F0006240F06D86026875
:1062D000022940F0CD8512F0005240F0F38500F025
:1062E000C7BD00BF6FF078439B1A4FF0000C7CEBEA
:1062F0000103C0F29B804FF6FF73C0F27F039B1A2D
:106300007CEB010380F2908182F400030B4300F0E8
:106310008F8382F000730B4300F0948382F08062DD
:10632000114340F0F38540F60040C4F20240D0F83B
:10633000E810026811F0300140F0108612F40052AB
:1063400000F00C8646F60040C0F2DC2004B080BDB0
:1063500040F6FF739B1A7CEB010380F27B8182F491
:1063600080530B4300F0AA8382F400530B4300F0E8
:10637000C78382F48042114340F0C88540F6004054
:10638000C4F20240D0F8E41001F44021B1F5802FAE
:1063900000F01A85002900F0778502680068B1F5E1
:1063A000002F03D112F0020240F08D8610F400702D
:1063B0001CBF40F60010C0F23D00B1F5402F18BFE1
:1063C000002004B080BD00BF032940F3798181F033
:1063D0000403134300F0BA8381F00803134300F071
:1063E000CB8381F01001114340F0908540F60040CE
:1063F000C4F20240D0F8E41001F03001102900F09E
:10640000CD850268202903D112F0005240F05A8550
:10641000006810F400501CBF46F60040C0F2DC20BB
:10642000302918BF002000F071BD00BF6FF060433D
:106430009B1A7CEB010380F25B8182F000530B43DB
:1064400000F0AE8382F080430B4300F0BF8382F004
:106450000042114340F05A8540F60040C4F2024029
:10646000D0F8E01011F4E04100F0AA840268B1F520
:10647000805F03D112F0006240F096850268B1F5AA
:10648000005F03D112F0005240F01C8503680268DF
:10649000B1F5405F03D113F0020340F05B85B1F525
:1064A000804F03D112F4007240F0FF85006810F4B1
:1064B00000301CBF47F64000C0F27D10B1F5A04F80
:1064C00018BF002004B080BD82F080030B4300F0B1
:1064D000B58382F480730B4300F0E08382F4007292
:1064E000114340F0138540F60040C4F20240D0F85A
:1064F000D81011F0605100F0C7840268B1F1006F4C
:1065000003D112F0006240F04F850268B1F1805F64
:1065100003D112F0005240F0D58403680268B1F153
:10652000C05F03D113F0020340F0AB84B1F1005F10
:1065300003D112F4007240F0A285D0F8F000B1F15E
:10654000205F00F0CEBD00BF82F480230B4300F03B
:10655000D58382F400230B4300F0F88382F4801289
:10656000114340F0D38440F60041C4F20241D1F817
:10657000E800C0F3C242042A00F21C8548F2000081
:10658000C0F2BB00DFE812F00A05BC04D604C20466
:10659000060000BFD1F8E8000B6810F04042086820
:1065A00003D113F0020340F08E85B2F1804F40F02A
:1065B000538510F4007040F0628500F04DBD00BFBF
:1065C00081F48073134300F0EB8381F40073134371
:1065D00000F0008481F48061114340F0978440F61C
:1065E0000040C4F20240D0F8E41001F44001B1F5DB
:1065F000800F00F0E983002900F0E2830268006860
:10660000B1F5000F03D112F0020240F05C8510F4E6
:1066100000701CBF40F60010C0F23D00B1F5400F05
:1066200018BF002004B080BD82F400130B4300F0BB
:10663000EF8382F48002114340F0688440F600400A
:10664000C4F20240D0F8E400400600F1F58300F007
:10665000A5BC00BF82F480630B4300F0F38382F497
:106660000062114340F0528440F60040C4F2024000
:10667000D0F8DC1011F0700100F0068402681029D7
:1066800003D112F0006240F08F840268202903D108
:1066900012F0005240F0168403680268302903D1DA
:1066A00013F0020340F0ED83402903D112F400728D
:1066B00040F0E584D0F8F000502900F012BD00BF92
:1066C00081F00103134300F0E38381F002011143E1
:1066D00040F01C8440F60040C4F20240D0F8E410C0
:1066E00001F00301DFE811F0A4035A04A8032C040D
:1066F00082F000630B4300F0EF8382F0805211437D
:1067000040F0048440F60041C4F20241D1F8E000B8
:10671000C0F3C202042A00F24D8448F20000C0F225
:10672000BB00DFE812F03B04ED030704F303610450
:1067300040F60040C4F20240D0F8D81011F0380101
:1067400000F0A2830268082903D112F0006240F031
:106750002B84102900F0B68303680268182903D13E
:1067600013F0020340F08D83202903D112F400724C
:1067700040F08584D0F8F000282900F0B2BC00BFBA
:1067800040F60040C4F20240D0F8D81011F4E07195
:1067900000F07A830268402903D112F0006240F0D1
:1067A00003840268802903D112F0005240F08A83EA
:1067B00003680268C02903D113F0020340F061832B
:1067C000B1F5807F03D112F4007240F05884D0F804
:1067D000F000B1F5A07F00F084BC00BF40F600409F
:1067E000C4F20240D0F8D81011F4606100F04C837C
:1067F0000268B1F5007F03D112F0006240F0D4834B
:106800000268B1F5806F03D112F0005240F05A8354
:1068100003680268B1F5C06F03D113F0020340F0C2
:106820003083B1F5006F03D112F4007240F0278479
:10683000D0F8F000B1F5206F00F053BC40F60040F6
:10684000C4F20240D0F8D81011F4E04100F01C83EB
:106850000268B1F5805F03D112F0006240F0A483BA
:106860000268B1F5005F03D112F0005240F02A83B4
:1068700003680268B1F5405F03D113F0020340F0F2
:106880000083B1F5804F03D112F4007240F0F7831A
:10689000D0F8F000B1F5A04F00F023BC40F6004066
:1068A000C4F20240D0F8D81011F4603100F0EC824C
:1068B0000268B1F5004F03D112F0006240F074831A
:1068C0000268B1F5803F03D112F0005240F0FA8225
:1068D00003680268B1F5C03F03D113F0020340F032
:1068E000D082B1F5003F03D112F4007240F0C783AB
:1068F000D0F8F000B1F5203F00F0F3BB40F60040C7
:10690000C4F20240D0F8D81011F4E01100F0BC82BB
:106910000268B1F5802F03D112F0006240F0448389
:106920000268B1F5002F03D112F0005240F0CA8284
:1069300003680268B1F5402F03D113F0020340F061
:10694000A082B1F5801F03D112F4007240F097834A
:10695000D0F8F000B1F5A01F00F0C3BB40F6004036
:10696000C4F20240D0F8E41001F44011B1F5801FE8
:1069700000F02A82002900F0238202680068B1F545
:10698000001F03D112F0020240F09D8310F400704A
:106990001CBF40F60010C0F23D00B1F5401F18BF0B
:1069A000002004B080BD00BF40F60041C4F20241A7
:1069B000D1F8E40000F04070B0F1807F00F0048274
:1069C000002800F061820A68B0F1007F4FF00000FB
:1069D00040F09C8212F0020200F09882086872E394
:1069E00040F60040C4F20240D0F8DC10C1F302418E
:1069F000052900F2DF82DFE811F0E3018302E701FD
:106A00008B029302A30200BF40F60040C4F2024092
:106A1000D0F8DC10C1F30251052900F2CB82DFE887
:106A200011F0CF016F02D30177027F028F0200BF06
:106A300040F60040C4F20240D0F8E400000640F105
:106A4000AD82F9E140F60041C4F20241D1F8F00014
:106A5000D1F8F02000F44070B0F5807F06D112F03C
:106A600002021EBF4FF4004004B080BDD1F8F020F8
:106A7000B0F5007F06D112F000621EBF4FF4FA405D
:106A800004B080BD0A68B0F5407F4FF0000040F0D0
:106A90003D8212F4003200F03982C86910F4785F48
:106AA00000F08882C86947F64001C0F30520C0F2B3
:106AB0007D11B1FBF0F004B080BD00BF40F6004096
:106AC000C4F20240D0F8E01001F0E061B1F1007FC3
:106AD00000F0F881B1F1807F00F06682002900F0BB
:106AE0006F8103680268B1F1407F03D113F00203A4
:106AF00040F0C781B1F1806F00F0F680F8E000BF90
:106B000040F60040C4F20240D0F8E41001F44031F5
:106B1000B1F5803F00F05881002900F0B58102688E
:106B20000068B1F5003F03D112F0020240F0CB82C1
:106B300010F400701CBF40F60010C0F23D00B1F52B
:106B4000403F18BF002004B080BD00BF40F60041A8
:106B5000C4F20241D1F8E800096810F4407040F036
:106B6000178211F4003100F0138247F64000C0F2A2
:106B70007D1004B080BD00BF40F60040C4F202406A
:106B8000D0F8E810D0F8F02011F0C00140F01682E3
:106B900012F0020200F012824FF4004004B080BDF7
:106BA00040F60041C4F20241D1F8E000C0F3821285
:106BB000042A00F2FF8148F20000C0F2BB00DFE8C7
:106BC00012F0ED019F01B901A501130240F600404A
:106BD000C4F20240D0F8E01011F4606100F0788156
:106BE0000268B1F5007F03D112F0006240F0DC8151
:106BF0000268B1F5806F03D112F0005240F062815B
:106C000003680268B1F5C06F03D113F0020340F0CE
:106C1000A181B1F5006F03D112F4007240F04582FA
:106C2000006810F400301CBF47F64000C0F27D1031
:106C3000B1F5206F18BF002004B080BD40F60040C1
:106C4000C4F20240D0F8D81011F4600100F01C81A9
:106C50000268B1F5001F03D112F0006240F0A48178
:106C60000268B1F5800F03D112F0005240F02A8182
:106C700003680268B1F5C00F03D113F0020340F0BE
:106C80000081B1F5000F03D112F4007240F0F781DA
:106C9000D0F8F000B1F5200F23E200BF40F600402D
:106CA000C4F20240D0F8D81011F0E06100F0EC809E
:106CB0000268B1F1807F03D112F0006240F074816C
:106CC0000268B1F1007F03D112F0005240F0FA8067
:106CD00003680268B1F1407F03D113F0020340F072
:106CE000D080B1F1806F03D112F4007240F0C781FF
:106CF000D0F8F000B1F1A06FF3E100BF40F6004022
:106D0000C4F20240D0F8DC10C1F30231052900F2D0
:106D10005181DFE811F0B900F5005900FD000501CF
:106D2000070000BFD0F8E8100368026811F0404186
:106D300003D113F0020340F0A480B1F1804F40F082
:106D4000678112F4007240F09A8161E140F60041DF
:106D5000C4F20241D1F8E800C0F30242042A00F272
:106D6000298148F20000C0F2BB00DFE812F01701F1
:106D7000C900E300CF000500D1F8E8000B6810F06F
:106D80004042086803D113F0020340F09C81B2F145
:106D9000804F40F0618110F4007040F070815BE141
:106DA00040F60040C4F20240D0F8DC10C1F302719A
:106DB000052900F2FF80DFE801F003A307ABB3C3AE
:106DC00001F0DEFB04B080BD01A8FFF7B7F803981F
:106DD00004B080BD40F60040C4F20240D0F8E81094
:106DE000D0F8F02011F0080106D112F002021EBF07
:106DF0004FF4004004B080BDD0F8F00010F0006007
:106E000018BF4FF4FA40002908BF084604B080BDFF
:106E100040F60040C4F20240D0F8E81001F007014B
:106E2000022909D0012900F00181002940F00281E6
:106E300001F046FB04B080BD01A8FEF7A5FF039852
:106E400004B080BD40F60040C4F20240D0F8DC102F
:106E500011F0070118D00268012903D112F0006275
:106E600040F0A2800268022902D112F0005229D11A
:106E700003680268032940F0FD8013F0020300F06C
:106E8000F980C2F3C10020E101F032FB04B080BD03
:106E900040F60040C4F20240D0F8E01011F4603136
:106EA00016D00268B1F5004F03D112F0006240F035
:106EB0007B800268B1F5803F40F0E88012F000521C
:106EC00000F0E48001A8FFF739F8029804B080BD13
:106ED00001F032FB04B080BD40F60041C4F2024133
:106EE000D1F8E00000F00702042A63D848F200005D
:106EF000C0F2BB00DFE802F052041E0A780000BFB7
:106F000001A8FEF741FF019804B080BD04B080BD28
:106F1000D0F8F0004FF4004101EA803004B080BDA9
:106F2000D0F8F0004FF4FA41000101EAE07004B03B
:106F300080BD00BF01A8FFF701F8019804B080BD33
:106F4000D0F8E8100368026811F040415AD113F0FC
:106F5000020357D0C2F3C100B7E000BF0268102996
:106F600002D112F0007219D1D0F8F020202903D1FB
:106F700012F002027FF410AED0F8F00010F00060C2
:106F800018BF4FF4FA40302918BF002004B080BD6C
:106F9000B0F5007F08D0B0F5807F0BD101A8FEF7D7
:106FA00019FE029804B080BD01A8FEF7EDFE02981C
:106FB00004B080BD002004B080BD00BFD0F8F02038
:106FC000402906D112F000621EBF4FF4FA4004B00F
:106FD00080BD006810F4007018BF48F212008029CC
:106FE00018BF002004B080BDD1F8E8000B6810F095
:106FF000404208682AD113F0020327D0C0F3C10031
:1070000063E000BFB1F1804F02D112F400724CD1A5
:10701000006810F400301CBF47F64000C0F27D103D
:10702000B1F1004F18BF002004B080BD01F0CCFAD0
:1070300004B080BD026803293ED112F400323BD077
:1070400047F64000C0F27D1004B080BDB2F1804F21
:1070500002D110F4007028D1086810F400301CBF71
:1070600047F64000C0F27D10B2F1004F18BF00207B
:1070700004B080BD042931D112F400722ED040F644
:107080000010C0F23D0004B080BD00BF036802687C
:10709000B1F5C03F03D113F002037FF45BAFB1F54C
:1070A000003F33D112F4007230D040F60010C0F22D
:1070B0003D0004B080BD00BF02680068042919D1FA
:1070C00012F0020216D0C0F3C10049F20001C0F272
:1070D000D03121FA00F004B080BD00BFD0F8F0003C
:1070E000052900F002024FF0000008BF900304B031
:1070F00080BD00BF10F400701CBF40F60010C0F24D
:107100003D00052918BF002004B080BD006810F4C0
:1071100000301CBF47F64000C0F27D10B1F5203FA3
:1071200018BF002004B080BD2DE9F0470446006878
:1071300040F62848C101C4F2024807D5D8F8C0106B
:10714000A26D21F040411143C8F8C010C0070ED015
:10715000E06D052822D8DFE800F003232B030303AA
:10716000D8F8B01021F007010843C8F8B000002695
:107170002078800702D4354645E000BF206E4FEAF4
:10718000F00005281ED83546DFE800F00422280468
:10719000040400BF2F4645BB2CE000BF0126E7E7F3
:1071A00004F108000DF036FA06460028E0D106E0AA
:1071B00004F130000DF0A6FA06460028D8D1E06DA3
:1071C000CEE700BF01250127207840071FD44EE0FD
:1071D00004F108000DF01EFA04E000BF04F13000D5
:1071E0000DF090FA05462F4625B1207840070ED4C1
:1071F0003DE000BFD8F8B000216E20F03800084311
:107200000025C8F8B0003746207840072FD5606EBB
:107210004FEAB010052809D8DFE800F0040E140486
:10722000040400BF2E46A5B918E000BF01260125C1
:10723000207800071FD44EE004F108000DF0EAF9B1
:1072400004E000BF04F130000DF05CFA05462E4664
:1072500025B1207800070ED43DE000BFD8F8B0007B
:10726000616E20F4E07008430025C8F8B0003E4687
:10727000207800072FD5A06E4FEA7020052809D886
:10728000DFE800F0040E1404040400BF2F46A5B983
:1072900018E000BF012701252078C0061FD44EE06A
:1072A00004F108000DF0B6F904E000BF04F130006D
:1072B0000DF028FA05462F4625B12078C0060ED4D9
:1072C0003DE000BFD8F8B000A16E20F46060084334
:1072D0000025C8F8B00037462078C0062FD5E06EEC
:1072E0004FEA3030052809D8DFE800F0040E140416
:1072F000040400BF2E46A5B918E000BF01260125F1
:10730000207880061FD44EE004F108000DF082F9C9
:1073100004E000BF04F130000DF0F4F905462E46FC
:1073200025B1207880060ED43DE000BFD8F8B0002B
:10733000E16E20F4E04008430025C8F8B0003E4666
:10734000207880062FD5206F4FEAF030052809D825
:10735000DFE800F0040E1404040400BF2F46A5B9B2
:1073600018E000BF01270125207840061FD44EE019
:1073700004F108000DF04EF904E000BF04F1300004
:107380000DF0C0F905462F4625B1207840060ED4F1
:107390003DE000BFD8F8B000216F20F46030084312
:1073A0000025C8F8B0003746207840062FD5606F1A
:1073B0004FEAB040052809D8DFE800F0040E1404B5
:1073C000040400BF2E46A5B918E000BF0126012520
:1073D000207800061FD44EE004F108000DF01AF9E1
:1073E00004E000BF04F130000DF08CF905462E4694
:1073F00025B1207800060ED43DE000BFD8F8B000DB
:10740000616F20F4E01008430025C8F8B0003E4644
:10741000207800062FD5A06F4FEA7050052809D8B4
:10742000DFE800F0040E1404040400BF2F46A5B9E1
:1074300018E000BF012701256078C0071FD14EE08A
:1074400004F108000DF0E6F804E000BF04F130009C
:107450000DF058F905462F4625B16078C0070ED1CA
:107460003DE000BFD8F8B000A16F20F460000843F1
:107470000025C8F8B00037466078C0072FD0E06F0D
:107480004FEA3060052809D8DFE800F0040E140444
:10749000040400BF2E46A5B918E000BF012601254F
:1074A000607880071FD44FE004F108000DF0B2F8B7
:1074B00004E000BF04F130000DF024F905462E462B
:1074C00025B1607880070ED43EE000BFD8F8B00048
:1074D000E16F20F0E06008430025C8F8B0003E46A8
:1074E0006078800730D5D4F880004FEAF060052836
:1074F00008D8DFE800F0030D130303032F46A5B9F6
:1075000018E000BF012701256078400720D44FE034
:1075100004F108000DF07EF804E000BF04F1300033
:107520000DF0F0F805462F4625B1607840070FD4DE
:107530003EE000BFD8F8B000D4F8801020F06050D2
:1075400008430025C8F8B0003746607840072FD5BB
:10755000D4F88400052809D8DFE800F0040E1404EC
:10756000040400BF2E46A5B918E000BF012601257E
:107570006078000720D451E004F108000DF04AF8CB
:1075800004E000BF04F130000DF0BCF805462E46C3
:1075900025B1607800070FD440E000BFD8F8B400F0
:1075A000D4F8841020F0070008430025C8F8B40080
:1075B0003E466078000731D5D4F888004FEA301095
:1075C000052809D8DFE800F0040E1404040400BF05
:1075D0002F46A5B918E000BF012701256078C00635
:1075E00020D451E004F108000DF014F804E000BFCD
:1075F00004F130000DF086F805462F4625B160787D
:10760000C0060FD440E000BFD8F8B400D4F888100A
:1076100020F0700008430025C8F8B40037466078B1
:10762000C00631D5D4F88C004FEA3060052809D85F
:10763000DFE800F0040E1404040400BF2E46A5B9D0
:1076400018E000BF012601256078800620D43DE0C7
:1076500004F108000CF0DEFF04E000BF04F130008C
:107660000DF050F805462E4625B1607880060FD4FF
:107670002CE000BFD8F8B800D4F88C1020F0E060FF
:1076800008430025C8F8B8003E46607880061DD53E
:10769000D4F890006FF0010101EB3041022909D3C9
:1076A0004FEA304030B1012834D104F130000DF000
:1076B00029F805462F4655B9D8F8BC00D4F89010E3
:1076C00020F4403008430025C8F8BC0037466078F5
:1076D000400624D5D4F894006FF0010101EBB041CD
:1076E000022909D34FEAB04030B101283AD104F160
:1076F00030000DF007F805462E468DB9D8F8BC00CD
:10770000D4F8941020F4402008430025C8F8BC00A9
:1077100005E000BF0127012560784006DAD43E4627
:107720006078000623D5D4F898006FF0010101EBD2
:107730003051022909D34FEA305030B1012839D1F4
:1077400004F130000CF0DEFF0546A94685B9D8F8F3
:10775000BC00D4F8981020F4401008430025C8F865
:10776000BC0004E00126012560780006DBD4B146A8
:107770006079400724D5D4F89C006FF0010101EB3B
:10778000B051022909D34FEAB05030B101283BD1A2
:1077900004F130000CF0B6FF05462F468DB9D8F83D
:1077A000BC00D4F89C1020F4400008430025C8F821
:1077B000BC0005E04FF00109012560794007DAD4EB
:1077C0004F46A078C00724D0D4F8A000002818BFE6
:1077D000B0F1007F0CD12E46E5B9D8F8BC00D4F842
:1077E000A01020F0407008430025C8F8BC0010E04D
:1077F000B0F1807F34D104F130000CF083FF0546F6
:107800002E463DB9E9E700BF01270125A078C00752
:10781000DAD13E46D4E9000140F61C49C4F20249DF
:1078200009050CD5D9F8001021F40041C9F8001061
:10783000D4F80411D9F800201143C9F800108003CE
:1078400034D5D4F8A4004FEA302005280CD8DFE85E
:1078500000F00311170303032F46C5B91CE000BF56
:1078600001260125D6E700BF01270125A0784007A2
:1078700020D451E004F108000CF0CCFE04E000BF7D
:1078800004F130000CF03EFF05462F4625B1A078EC
:1078900040070FD440E000BFD8F8B400D4F8A410DB
:1078A00020F4E06008430025C8F8B4003746A0780B
:1078B000400731D5D4F8A8004FEA3030052809D860
:1078C000DFE800F0040E1404040400BF2E46A5B93E
:1078D00018E000BF012601252079800620D451E060
:1078E00004F108000CF096FE04E000BF04F1300043
:1078F0000CF008FF05462E4625B1207980060FD4EE
:1079000040E000BFD8F8B400D4F8A81020F4E0405C
:1079100008430025C8F8B4003E462079800631D5DA
:10792000D4F8AC004FEA3040052809D8DFE800F071
:10793000040E1404040400BF2F46A5B918E000BFCC
:10794000012701252079400620D451E004F10800E8
:107950000CF060FE04E000BF04F130000CF0D2FE39
:1079600005462F4625B1207940060FD440E000BFE0
:10797000D8F8B400D4F8AC1020F4E0200843002577
:10798000C8F8B40037462079400631D5D4F8B000A5
:107990004FEA3050052809D8DFE800F0040E14043F
:1079A000040400BF2E46A5B918E000BF012601253A
:1079B0002079000620D451E004F108000CF02AFEE2
:1079C00004E000BF04F130000CF09CFE05462E469A
:1079D00025B1207900060FD440E000BFD8F8B400EC
:1079E000D4F8B01020F4E00008430025C8F8B40033
:1079F0003E462079000631D5D4F8B4004FEA306015
:107A0000052809D8DFE800F0040E1404040400BFC0
:107A10002F46A5B918E000BF012701256079C007EE
:107A200020D151E004F108000CF0F4FD04E000BFA7
:107A300004F130000CF066FE05462F4625B1607952
:107A4000C0070FD140E000BFD8F8B400D4F8B4109C
:107A500020F0E06008430025C8F8B400374660799C
:107A6000C00731D0D4F8B8004FEA3070052809D8E3
:107A7000DFE800F0040E1404040400BF2E46A5B98C
:107A800018E000BF01260125A078000720D457E0A8
:107A900004F108000CF0BEFD04E000BF04F130006A
:107AA0000CF030FE05462E4625B1A07800070FD415
:107AB00046E000BFD8F8B400D4F8B81020F0E04099
:107AC00008430025C8F8B4003E46A078000737D523
:107AD000D4F8C0004FEA304004280FD8DFE800F0A7
:107AE00004141A0A0A0000BFD8F8000040F400305D
:107AF000C8F800002F46A5B918E000BF01270125EE
:107B0000A078C00620D457E004F108000CF082FDF4
:107B100004E000BF04F130000CF0F4FD05462F46F0
:107B200025B1A078C0060FD446E000BFD8F8C00049
:107B3000D4F8C01020F4E02008430025C8F8C000A5
:107B40003746A078C00637D5D4F8C4004FEAF040D5
:107B500004280FD8DFE800F004141A0A0A0000BF56
:107B6000D8F8000040F40030C8F800002E46A5B94F
:107B700018E000BF01260125A078800620D447E048
:107B800004F108000CF046FD04E000BF04F13000F1
:107B90000CF0B8FD05462E4625B1A07880060FD41E
:107BA00036E000BFD8F8C000D4F8C41020F460104C
:107BB00008430025C8F8C0003E46A078800627D5B7
:107BC000D4F8D400052809D802280FD02846ADB132
:107BD000D4E90012920520D42FE000BF0120012536
:107BE000D4E90012920518D427E000BF04F1080080
:107BF0000CF010FD0546002D2846E9D1D8F8C0004C
:107C0000D4F8D41020F0070008430025C8F8C000BD
:107C10003046D4E9001292050FD5D4F8D82042F0AE
:107C20000803082B0ED1AA4645B9D8F8C030002564
:107C300023F008031A43C8F8C0208246880106D4FE
:107C4000504621E04FF0010A01258801F8D54FF692
:107C50000847CFF6FF7759F8070040F0010049F8D0
:107C60000700FDF7C5FA064659F80700C00707D117
:107C7000FDF7BEFA801B0228F6D90320032503E096
:107C8000002D284600F0928021684A011CD5D4F8C6
:107C9000C8206FF0010303EB3213022B0AD34FEA23
:107CA00032133BB1012B39D1D8F8003043F4003303
:107CB000C8F800302F4645B9D8F8C030002523F069
:107CC00030031A43C8F8C020074648022AD5D4F822
:107CD000CC0040280AD0D8B9D8F8000040F40030D1
:107CE000C8F800002E46ADB907E000BF04F1080057
:107CF0000CF090FC05462E4665B9D8F8BC00D4F8C7
:107D0000CC1020F0400008430025C8F8BC0009E072
:107D100001260125A078000608D428E001270125C6
:107D20004802D4D43E46A078000620D5D4F8D0002E
:107D300080280BD0002833D1D8F8000040F4003060
:107D4000C8F800002F469DB907E000BF04F1080005
:107D50000CF060FC05462F4655B9D8F8BC00D4F8A5
:107D6000D01020F0800008430025C8F8BC0037463A
:107D7000E078000740F18080D4F8E000042859D86A
:107D8000DFE800F0045E640A0A0000BFD8F80000D3
:107D900040F40030C8F80000002D2E465DD161E0AF
:107DA00001270125E0780007E6D465E0D8F8C8008F
:107DB00010F440701AD0D4F8F81001F440718842E1
:107DC00011D0D8F8C800D8F8C81020F4407041F499
:107DD0008031C8F8C810D8F8C81021F48031C8F82C
:107DE000C810C8F8C800C00740F0FC81D4F8F800FB
:107DF000D9F800104FF6CF7300F4407221F47C5193
:107E0000C0F2FF0303EA1013B2F5407F08BF194325
:107E1000C9F80010D8F8C8106FF31F3021F4407172
:107E2000C8F8C810D8F8C81000250843C8F8C8001A
:107E300006E700BF01260125E078C00620D457E000
:107E400004F108000CF0E6FB04E000BF04F1300090
:107E50000CF058FC05462E4625B1E078C0060FD43C
:107E600046E000BFD8F8B800D4F8E01020F00700D2
:107E700008430025C8F8B8003E46E078C00637D56C
:107E8000D4F8E4004FEAF00004280FD8DFE800F04F
:107E900004141A0A0A0000BFD8F8000040F40030A9
:107EA000C8F800002F46A5B918E000BF012701253A
:107EB000E078800620D457E004F108000CF0AAFB1B
:107EC00004E000BF04F130000CF01CFC05462F4616
:107ED00025B1E07880060FD446E000BFD8F8B8009E
:107EE000D4F8E41020F0380008430025C8F8B800A2
:107EF0003746E078800637D5D4F8E8004FEAB0106E
:107F000004280FD8DFE800F004141A0A0A0000BFA2
:107F1000D8F8000040F40030C8F800002E46A5B99B
:107F200018E000BF01260125E078400620D44AE091
:107F300004F108000CF06EFB04E000BF04F1300017
:107F40000CF0E0FB05462E4625B1E07840060FD444
:107F500039E000BFD8F8B800D4F8E81020F4E07099
:107F600008430025C8F8B8003E46E07840062AD508
:107F7000D4F8EC004FEA7020052809D8DFE800F0BB
:107F8000040C1204040400BF2F46EDB911E000BF39
:107F90000127012518E000BF04F108000CF03AFBAE
:107FA00004E000BF04F130000CF0ACFB05462F46A6
:107FB00055B9D8F8B800D4F8EC1020F46060084344
:107FC0000025C8F8B80037462068B0F1FF3F05DD4E
:107FD0003E462079C00718D148E000BFD4F8F00031
:107FE0004FEA3030052800F2DB80DFE810F00700B0
:107FF000E100E70007000700070000BF002D2E4644
:1080000000F0E5802079C00730D0D4F8F4004FEAC2
:10801000F030052808D8DFE800F0030D1303030350
:108020002F46A5B918E000BF012701252079800758
:1080300020D43BE004F108000CF0ECFA04E000BFAF
:1080400004F130000CF05EFB05462F4625B1207987
:1080500080070FD42AE000BFD8F8B800D4F8F41095
:1080600020F4603008430025C8F8B800374620796E
:1080700080071BD5D4F8DC00032800F28380DFE8FA
:1080800000F00903850900BFD8F8000040F4003073
:10809000C8F800002E4655B9D8F8BC00D4F8DC105A
:1080A00020F0030008430025C8F8BC003E462079B4
:1080B000400722D5D4F8BC0058B1B0F5007F0BD0F2
:1080C000B0F5807F32D1D8F8000040F40030C8F815
:1080D00000002F4695B906E004F108000CF09AFA6A
:1080E00005462F4655B9D8F8C000D4F8BC1020F486
:1080F000407008430025C8F8C00037462079C00604
:108100002AD5D4F80001302809D0202814D010280E
:1081100032D1D8F8000040F40030C8F8000095B122
:10812000207900071CD42846BDE8F08701270125E7
:108130002079C006E5D40FE004F130000CF0E2FA3B
:108140000546002DECD1D8F8BC00D4F8001120F081
:1081500030000843C8F8BC003D4620790007E2D54E
:10816000D8F8C000D4F8FC1020F0C0000843C8F8CC
:10817000C0002846BDE8F087012520790007D2D548
:10818000EEE700BF0126012591E700BF04F10800DA
:108190000CF040FA0546002D2E467FF488AF7BE7B1
:1081A000012601252079C0077FF42FAF5EE700BFCD
:1081B00004F108000CF02EFA04E000BF04F13000D6
:1081C0000CF0A0FA0546002D2E467FF41BAFD8F820
:1081D000B800D4F8F01020F4E04008430025C8F8B7
:1081E000B800F5E6FDF704F8064641F288370325A6
:1081F000D8F8C80080073FF5F9ADFCF7F9FF801B00
:10820000B8424FF00300F3D93EE500002DE9F043FA
:1082100081B0002800F0CD8042F20008C4F20208CC
:108220000446D8F800000D4600F00F0088420DD239
:10823000D8F8000020F00F002843C8F80000D8F854
:10824000000000F00F00A84240F0B380206840F624
:108250002047C106C4F202470CD561693A68702311
:1082600003EA1222914205D93A6822F4E04242EA36
:108270000121396001070CD521693A68702303EAAE
:108280001212914205D93A6822F4E06242EA0111E1
:10829000396041070AD5E1683A6802F070029142FC
:1082A00004D93A6822F070021143396081070AD577
:1082B000A1683A6802F00F02914204D93A6822F0AC
:1082C0000F0211433960C00768D1206881070AD5C1
:1082D000A1683A6802F00F02914204D23A6822F093
:1082E0000F0211433960D8F8001001F00F01A942C4
:1082F0000CD9D8F8001021F00F012943C8F800105C
:10830000D8F8001001F00F01A94252D141070AD557
:10831000E1683A6802F07002914204D23A6822F0B1
:1083200070021143396001070CD521693A68702346
:1083300003EA1212914205D23A6822F4E06242EA5C
:1083400001113960C0060CD560693968702202EAF3
:108350001121884205D2396821F4E04141EA002028
:10836000386000F031F9396844F6106201F00F010D
:10837000C0F60202525C40F21401C2F20001096828
:1083800040F2180320FA02F2C2F2000308461A6013
:1083900001B0BDE8F043FDF7E3BA00BF6068012813
:1083A0000CD002285ED0032862D157F8201C890126
:1083B00008D4012001B0BDE8F08300BF57F8201CAD
:1083C0008905F6D557F8041C21F00301084347F846
:1083D000040CFCF70DFF61680646032941F2883959
:1083E0002BD0022937D0012910D100BF57F8040C37
:1083F00000F0180008283FF468AFFCF7F9FE801B76
:1084000048454FF00300F1D90DE000BF57F8040CC8
:1084100010F0180F3FF459AFFCF7EAFE801B4845F7
:108420004FF00300F2D901B0BDE8F083FCF7E0FEA5
:10843000801B48454FF00300F5D857F8040C00F0B6
:1084400018001828F2D140E7FCF7D2FE801B4845FF
:108450004FF00300E7D857F8040C00F0180010287C
:10846000F2D132E757F8201C8903A2D5AAE700BF52
:1084700057F8201C89079CD5A4E700001F22026042
:1084800040F61C42C4F2024213684FF0700C03F035
:1084900003034360526802F00F03836002F070032D
:1084A000C3600CEA12130CEA1222C0E9043242F251
:1084B0000000C4F20200006800F00F00086070477E
:1084C00080B500F081F840F62041C4F2024109680D
:1084D00044F6106201F00F01C0F60202515C01F097
:1084E0001F01C84040F21801C2F20001086080BDBF
:1084F00080B500F069F840F62041C4F202410A68F4
:1085000044F6106302F00F02C0F602039A5C02F018
:108510001F02D04040F21802C2F200021060096847
:1085200044F62062C1F30211C0F60202515C01F070
:108530001F01C84080BD000080B500F045F840F63E
:108540002041C4F202410A6844F6106302F00F02AF
:10855000C0F602039A5C02F01F02D04040F21802FB
:10856000C2F200021060096844F62062C1F30221E1
:10857000C0F60202515C01F01F01C84080BD00003E
:1085800080B500F021F840F62041C4F202410A68AB
:1085900044F6106302F00F02C0F602039A5C02F088
:1085A0001F02D04040F21802C2F2000210600968B7
:1085B00044F62062C1F30231C0F60202515C01F0C0
:1085C0001F01C84080BD000080B540F60041C4F2E4
:1085D0000241C86900F01800082802BF40F60010E8
:1085E000C0F23D0080BDC86910F0180F34D0C869D2
:1085F00000F01800102802BF47F64000C0F27D10BE
:1086000080BDC86900F01800182849F20000C0F2C7
:10861000D03066D1D1F828E08A6AC2F3052C8A6A84
:108620008B6BBCF1000F04BF002080BDC2F30012B1
:10863000C3F3CC0303FB02F200EE102A0EF0030298
:10864000B8EE400A032A15D0012A17D10A6892060B
:1086500018D49FED251A1DE00868800649F2000035
:10866000C0F2D03058BF80BD0968C1F3C101C84015
:1086700080BD00BF9FED1B1A0CE000BF9FED1B1AD1
:1086800008E000BF0A68C2F3C102D04001EE100A40
:10869000B8EE411A02EE10CA486BB8EE422A6FF3E8
:1086A0005F2081EE021A02EE100A9FED113AB8EE39
:1086B000422A20EE030A486B30EE020AB7EE002A87
:1086C000C0F3462030EE020A013021EE000A01EE2E
:1086D000100AB8EE411A80EE010ABCEEC00A10EE94
:1086E000100A80BD20BCBE4B0024744C0024744A88
:1086F000000000392DE9F04381B0002800F03281FC
:1087000040F6004740F6F0490446C4F20247C4F27E
:108710000249F86959F8C81C227800F01808D006F8
:1087200001F0030629D5B8F1080F1BD0B8F1180FD6
:1087300008BF022E16D0E1693868002900F0828156
:1087400040F480703860FCF753FD054638688005BA
:108750000CD4FCF74DFD401B02284FF00300F5D967
:108760007AE200BFE069002800F0FC80B869216A65
:1087700020F47C1040EA0140B8612078C00717D08F
:10878000B8F1100F10D0B8F1180F08BF032E0BD09E
:108790006068B0F5A02F61DA002800F0BD81B0F567
:1087A000803F00F0DD81DFE16068002800F0DA80C2
:1087B0002078800777D5B8F1000F21D0E068B8F1B4
:1087C000180F08BF012E57D03968002800F08081AB
:1087D000206921F0180108433860386840F0010032
:1087E0003860FCF705FD05463868800754D4FCF76F
:1087F000FFFC401B02284FF00300F5D92CE200BF1C
:10880000E068002800F0AE803968206901F01801A6
:10881000814233D0396821F0180108433860FFF7EE
:10882000D3FE396A44F6106201F00F01C0F602026D
:10883000515C40F2180201F01F0120FA01F140F2F0
:108840001400C2F200000068C2F200021160FDF7DD
:1088500087F8002840F0868010E000BF00F07881A3
:10886000B0F5A81F40F08081386840F4802038605F
:10887000386840F4801072E1002873D0FCF7B8FC2F
:10888000054600BF3868800706D4FCF7B1FC401BE2
:108890000228F7D97FE000BF3869616920F4FE0043
:1088A00040EA01403861207800075FD42078400713
:1088B00076D42078800600F19780A56A002D00F01C
:1088C0003A82B8F1180F40F0E18059F8C81C59F805
:1088D000BC0C012D46D0E26A01F00303934241D162
:1088E000C1F30521226B91423CD1626B01466FF3CB
:1088F0005F21013A914235D1A16BC0F34622013983
:108900008A422FD1E16BC0F3064201398A4229D154
:10891000216CC0F306600139884223D159F8B80CA4
:10892000E16CC0F3CC00884200F0058259F8C80C15
:1089300020F0100049F8C80CFCF75AFC0546FCF77B
:1089400057FCA842FBD0E06CC00049F8B80C59F8BD
:10895000C80C40F0100049F8C80C002001B0BDE878
:10896000F08300BF012001B0BDE8F083A169D9F810
:108970000000002950D040F08060C9F80000FCF7EA
:1089800037FC0546D9F8000000018FD4FCF730FC15
:10899000401B0228F6D9032001B0BDE8F08300BFD8
:1089A0004FF62446CFF6FF76B859C00712D1B85912
:1089B00040F00100B851FCF71BFC0546B859C00750
:1089C00008D1FCF715FC401B02284FF00300F5D935
:1089D00042E100BFA068042846DC002800F0E080E7
:1089E000012800F00F8113E1616A3868002900F066
:1089F000818040F480503860FCF7FAFB054600BFE8
:108A0000386880043FF559AFFCF7F2FB401B0228A1
:108A10004FF00300F4D91FE120F08060C9F8000096
:108A2000FCF7E6FB054600BFD9F8000000017FF522
:108A30003DAFFCF7DDFB401B02284FF00300F3D9EC
:108A40000AE100BF20F480703860FCF7D1FB0546D6
:108A5000386880057FF591AEFCF7CAFB401B022801
:108A60004FF00300F4D9F7E0052800F0BF80852817
:108A700040F0CE80D9F8000040F00400C9F80000B2
:108A8000D9F8000040F08000BAE000BF386820F05C
:108A900080703860FCF7ACFB022D05460CD100BF9E
:108AA0003868800140F1DC80FCF7A2FB401B022803
:108AB0004FF00300F4D9CFE03868800140F13281F3
:108AC000FCF796FB401B02284FF00300F4D9C3E0EB
:108AD00021F001003860FCF78BFB05463868800701
:108AE0007FF5E1AEFCF784FB401B02284FF003004A
:108AF000F4D9B1E020F480503860FCF779FB0546EA
:108B0000386880047FF5D9AEFCF772FB401B022861
:108B10004FF00300F4D99FE0386820F480303860CB
:108B2000386820F480103860386820F4802038607D
:108B3000FCF75EFB054600BF386880037FF538AE62
:108B4000FCF756FB401B64284FF00300F4D983E088
:108B5000386840F480203860386820F4801038602D
:108B6000386840F480300AE0386820F4803038609B
:108B7000386820F480203860386820F4801038602D
:108B8000FCF736FB054600BF386880033FF510AEA2
:108B9000FCF72EFB401B64284FF00300F4D95BE088
:108BA000D9F8000020F00100C9F80000D9F8000051
:108BB00020F08000C9F80000D9F8000020F004007F
:108BC000C9F80000FCF714FB054641F2883600BFE7
:108BD000D9F8000080077FF56CAEFCF709FB401B5D
:108BE000B0424FF00300F3D936E000BFD9F80000DF
:108BF00040F00400C9F80000D9F8000020F080001F
:108C0000C9F80000D9F8000040F0010010E000BFF2
:108C1000D9F8000020F00100C9F80000D9F80000E0
:108C200020F00400C9F80000D9F8000020F080000E
:108C3000C9F80000FCF7DCFA054641F2883600BFAF
:108C4000D9F8000080073FF534AEFCF7D1FA401B9D
:108C5000B0424FF00300F3D901B0BDE8F08300BF8C
:108C600059F8C80C43F6037104F12C0388430ECB6A
:108C7000084340EA0220A16B49F8C80C4FF47E4239
:108C800002EB4121E26B581E4FF4FE0389B203EB65
:108C900002426FF35F20084402F4FE01226C4FF0A1
:108CA000FE4303EB0262084402F0FE41084449F827
:108CB000BC0C59F8C80C20F0100049F8C80CE06C46
:108CC000C00049F8B80C59F8C80C40F0100049F839
:108CD000C80C59F8C80C616C20F00C00084349F826
:108CE000C80C59F8C80CA16C20F02000084349F8C2
:108CF000C80C59F8C80C40F4803049F8C80C3868E2
:108D000040F080703860FCF773FA044638688001E0
:108D100011D4FCF76DFA001B02284FF00300F5D9BF
:108D20009AE700BF59F8C80C4FF6FC71CFF6F871FE
:108D3000084049F8C80C002001B0BDE8F0830000ED
:108D400091E80510CB68104347F61C02C4F20042BC
:108D50001060886943EA0C02104347F62042C4F2CF
:108D6000004250601068D1E9043120F0FF10184330
:108D700040EA0141002011607047000070B50028F2
:108D800004BF012070BD044690F82D0028B90020D2
:108D900084F82C00204600F067F8022047F60C0605
:108DA000C4F2004684F82D003068C00656D43068FE
:108DB00000F44070B0F5807F50D0CA20B0615320DD
:108DC000B061306840061BD4306840F080003060ED
:108DD000FCF70EFA3168490612D40546FCF708FA8A
:108DE0003168401BB0F57A7F01F0400002D80028BE
:108DF000F4D005E020B9032084F82D0031681EE08E
:108E0000F0684FF6BF71CFF68F310840F060231D38
:108E100022690BCB43EA01411043A269F568104374
:108E20002843F06071603068D4E9091220F4F850EA
:108E300008431043306020460BF0FCFF10B1FF21C7
:108E4000B16170BDF068D4E9073220F0604061691B
:108E5000104318430843F060FF20B061012084F8FC
:108E60002D00002070BD000010B5C4B0044602A85B
:108E700008304FF48071F7F786FA206847F6000152
:108E8000C4F20041884201D044B010BD00200390DC
:108E90004FF0007002904FF40070409002A8FEF76F
:108EA00043F9002818BFF9F79BFC40F6A840C4F22C
:108EB0000240816C41F400418164016841F4001179
:108EC0000160006800F400100190019844B010BDEA
:108ED000704700007047000070B5044690F83000FD
:108EE00003281CBF002070BD2068C16B21F49D7158
:108EF000C163C16821F04001C1600CF07FFB606379
:108F0000606B6FF0040108421CBF012070BDFCF7CC
:108F10006FF921680546CA6A920713D4606B78B36B
:108F2000606B042811D100BF486BC0050DD4FCF75D
:108F30005FF9401B013035D02168486BC005F6D57C
:108F400003E000BFC86A80070ED44FF400108863A6
:108F500040F63A70C1F600008863002008650121E0
:108F600084F83010E06270BD486B10F4106FECD1E3
:108F7000FCF73EF9401B013014D02168F4E700BF34
:108F8000486B40F60006C0F220063042C8D100BF50
:108F9000FCF72EF9401B013004D02168486B3042A9
:108FA000F6D0BDE74FF000406063012084F8300048
:108FB000032070BD2DE9F04184B00446032084F8FD
:108FC0003000A06B0D4603280ED14FF08050216871
:108FD000626B40F6FF7810436063606BC1F6E07827
:108FE00050B3C1F8388082E0002D59D0B5F5004F5C
:108FF000EBD0B5F5804F6BD1002120680391029131
:1090000000210CF01DFC800100F1868002A92046A1
:109010000CF04AFC0028DAD19DF80E00400753D529
:10902000616C206809040CF04FF80028CFD120684B
:1090300002210CF0B9F8CAE748F20000C4F200605F
:10904000814249D048F60040C4F2006081424AD1D2
:1090500000214FF40000FDF74BF8002843D043F601
:109060008933D4E901126669C5F2E653A0FB0373A4
:10907000B6EB136FD4F810C080F08080A76DB7F501
:10908000007F7BD0B7F5807F4AD1002E64D0770077
:10909000B0FBF7F04FF28007C0F2FA2761E000BFA3
:1090A000002120680391029100210CF0C9FB80018E
:1090B00032D402A920460CF0F7FB00287FF487AFDA
:1090C0009DF80E00C00739D14FF080607FE700BFE8
:1090D0004FF000607BE700BF00214FF48000FDF7F8
:1090E00007F80028BBD1606B40F000606063012589
:1090F00020684FF400710CF045F830B1216801256B
:10910000C1F83880616B084360630121284684F808
:10911000301004B0BDE8F0814FF4006057E700BFA5
:109120004FEA136316B37700B0FBF7F047F640073A
:10913000C0F27D17B84288BF1E461FE0616C2068F0
:1091400009040BF0C1FF00287FF441AF2068002123
:109150000CF02AF83BE700BF4FF28007C0F2FA2775
:109160000026B84288BF5E0E08E000BF47F6400701
:10917000C0F27D17B84298BF00231E4620682B46D8
:10918000CDF800C001960CF05FFB0025B0E70000B1
:10919000002804BF0120704710B50446032084F85E
:1091A000300020680CF066FB204600F017FD002020
:1091B000606384F8300010BD002808BF7047006865
:1091C00048F20001C4F20061884208D140F2985090
:1091D000C2F20000C069002818BF17F073BE7047C4
:1091E00010B5D0E9173ED0F838C09A0F0A70C3F313
:1091F0008362C3F301644A701A0C8C70CA701A0A35
:109200000A714B714FEA1E52CEF30343CA80CEF36C
:10921000C0320B72CEF380334A72CEF340328B727F
:10922000CEF30033CA720022BCF1010F0B734A73F4
:1092300034D0BCF1000F40F0858040F6FC7202EAA9
:109240008E02436E42EA93720A61426EC2F3C263B7
:10925000C2F342540B75C2F302634B758C75C2F3B3
:109260008243C2F3C234CB750C760B690C7E01339A
:1092700004F00704023403FA04FEC0F848E00C7A54
:1092800004F00F0C012404FA0CF4630A03FB0EF340
:10929000C0E913434FF4007312E000BFB0F866203A
:1092A0000EF03F0342EA03424FF480630A610A6909
:1092B00003EB82224FF40073C0E912230265426E71
:1092C0004365C2F38033C2F3C61402F07F024B76CB
:1092D0008C76CA76806EC20F0A77C0F34172C0F3F3
:1092E00082634A778B77C0F38352C0F34053CA77C7
:1092F00081F82030C0F30043002281F8212081F85A
:109300002230C0F3C033C0F3803481F8233081F8B9
:109310002440C0F34033C0F3003481F8253081F895
:109320002640C0F38123C0F30124C0B2400881F875
:10933000273081F8284081F82900012081F82A008F
:10934000104610BD016840F6FF72C1F6E0728A63F4
:10935000416B012241F08051416380F8302010467A
:1093600010BD000080B500F1380E9EE80C5081E879
:109370000C10826CC1E903E2D0E91323C1E9052393
:10938000426D0020CA6180BD10B5416C0446006882
:1093900009040CF09DF828B1616B0843606300205C
:1093A00010BD00BF206800210CF04AFAC0F3432032
:1093B00010BD00002DE9F04196B0044690F8300051
:1093C000032805D10125284616B0BDE8F08100BF6D
:1093D00040F6FF780D46C1F6E078FBF709FF2168FB
:1093E0000646084600210CF02BFA800124D42068A0
:1093F00040210BF0C7FED0B9616C206809040BF066
:1094000063FEA0B94FF0FF30109040201190602013
:1094100012900220139000201490012120681591D1
:1094200010A90CF037F920680CF0D6F800B301460B
:10943000606B606302E000BF4FF4006120680125AB
:10944000C0F83880626B1143616384F830504FF488
:1094500000710BF097FE0028B5D021680125C1F8F6
:109460003880606384F83050284616B0BDE8F0813B
:109470006F4606E0FBF7BCFE801B01304FF0004159
:10948000DCD02068426B416B12F4957F22D1090435
:10949000F0D50CF0FFF9386020680CF0FBF978602B
:1094A00020680CF0F7F9B86020680CF0F3F9F86068
:1094B00020680CF0EFF9386120680CF0EBF9786166
:1094C00020680CF0E7F9B86120680CF0E3F9F86166
:1094D0002037CFE7090751D4416B890750D4416B3E
:1094E00089064FD4416BC9040CD50CF0D3F9386010
:1094F000FBF77EFE801B013046D020680437416BAD
:10950000C904F2D440F63A71C1F600018163DDE985
:10951000001C6FF0FF0ECEB2B209DDE902372A70EF
:109520000EEA1122C6F3401642EA11616E7069809C
:109530009CFA8CF16960190AC3F303522B726972A9
:109540000EEA1341AA72FAB21144A981C7F3852128
:10955000C7F30123A9731109EB73297407F00F01F5
:1095600069749DF81310A97400254FF400710BF075
:1095700009FE00287FF471AF25E700BF08215DE7F1
:1095800002215BE7202159E74FF0004156E7000038
:10959000406B704770B582B004460068E56A416B65
:1095A00015F0080618BF11F400415FD1416BC905E1
:1095B00000F18880416B002E18BF11F4804140F00B
:1095C000D380426B416B12F03A0F00F0158189078E
:1095D00000F11681416B090700F11A81416B890680
:1095E00000F11E81416BC90603D5616B41F010018A
:1095F000616340F63A71C1F600018163C16B21F4E9
:109600009D71C163C16821F04001C160C16A41F42C
:109610000051C162C16841F08001C1600BF0EEFFF2
:109620002168626B002E40EA02006063C86820F087
:109630008000C8604FF40060886340F0FB8028061B
:1096400040F1DC80606B002800F0D880C86B20F00F
:109650008050C863002008650121204684F830103E
:1096600002B0BDE87040FFF7A7BD00BFA16A202986
:10967000C0F0C480656A0CF00DF9286020680CF019
:1096800009F9686020680CF005F9A86020680CF002
:1096900001F9E86020680CF0FDF8286120680CF002
:1096A000F9F8686120680CF0F5F8A86120680CF002
:1096B000F1F8E861A16A05F120006062A1F12000E3
:1096C000A0629BE04FF480718163C16B4CF23A124F
:1096D0009143C163C16B21F08051C163C16821F026
:1096E0004001C16006BB290640F18880002615F0C4
:1096F000220F8662C662066508D00BF07FFF28B194
:10970000616B084360632046FFF756FD012015F0AA
:10971000300F84F83000E6621CBF204600F09AFB50
:10972000A8071AD16AE000BF15F0220F08D00BF08D
:1097300065FF28B1616B084360632046FFF73CFD7D
:10974000206840F63A71C1F600018163012084F877
:1097500030000020A907E06278D0204602B0BDE8C2
:10976000704000F063BB00BF216A202946D3E66940
:1097700001AD31780191727841EA02210191B2780C
:1097800041EA02410191F27841EA026101912946E0
:109790000CF084F871682068019129460CF07EF87D
:1097A000B1682068019129460CF078F8F1682068CA
:1097B000019129460CF072F831692068019129461F
:1097C0000CF06CF871692068019129460CF066F87C
:1097D000B1692068019129460CF060F8F0692946CA
:1097E0000190206820360CF059F8206AE661203894
:1097F000206202B070BD00BFC9002DD402B070BDA0
:10980000616B41F002016163416B09077FF5E6AED0
:10981000616B41F008016163416B89067FF5E2AE3F
:10982000616B41F020016163416BC9063FF5DDAE1C
:10983000DFE600BF012084F8300000212046E1620D
:1098400002B0BDE87040FFF7B7BC00BF204602B0D1
:10985000BDE8704000F0FEBA4FF08051AA06816367
:10986000204602B0BDE8704048BFFFF733BBFFF7AA
:109870002FBB0000B0B586B068B3044690F8300046
:1098800020B900202076204600F0D2F9042084F888
:109890003000204600F050F8E8B901A92046FFF753
:1098A00089FDC0B99DF814109DF81520A06B012802
:1098B00006D11143C9B219B14FF4007005E000BFE1
:1098C000012814BF00204FF48070E168A065204695
:1098D000FFF770FB10B1012006B0B0BDFBF788FCAC
:1098E000054607E0616B08436063FBF781FC401BA2
:1098F000013017D0616C206809040BF0E9FD0028E5
:10990000F0D1206800210BF09BFF00F4F050B0F57F
:10991000006FEAD1002001216063E06284F830101A
:1099200006B0B0BD4FF000406063012084F8300005
:10993000032006B0B0BD0000F0B58FB0016848F25A
:109940000006C4F200660446B1423BD0002506F58D
:109950004060814241D0002D47D048F65931280A55
:10996000C0F24F11A0FB010120680F090026002161
:1099700000220023009601970BF066FF20680BF091
:1099800081FF43F20050C0F20C00854224BF7800F2
:10999000B5FBF0F542F21010C0F20100B0FBF5F09B
:1099A0000130FAF71DFC049620680BF00FFC28B379
:1099B000012184F83010626B1043606308460FB0D9
:1099C000F0BD00BF4FF480000021FCF791FB21683F
:1099D000054606F540608142BDD14FF400000021EC
:1099E000FCF786FB0546002DB7D101214FF0006042
:1099F00084F83010606308460FB0F0BD20680BF0AB
:109A00001BFCB0F1004F0BD120680021E1630BF08B
:109A1000DDFB0028CCD1E06B012803D00AE000BFB9
:109A20000120E063206800210BF04EFB10B14FF0E5
:109A30008050BDE704984FF6FE71884220D800257B
:109A4000CCF210154FF6FF76206800210BF03CFB9E
:109A50000028ADD1206829460BF048FBC0BB206828
:109A600000210BF0EDFE0499002801F101010491A1
:109A7000049901D4B142E7D3C0F3807001E000BF84
:109A8000002004994FF6FF72914203D34FF080708B
:109A90008EE700BFA0630020ADF80E00FBF7A8FB27
:109AA0002168054608460BF0C7FEA8B1A06B032845
:109AB00016D1206804210BF0C3FE000D206404A918
:109AC0002046FFF78DFB002862D04FF080506FE7F3
:109AD0004FF080506CE700BF4FF0806068E700BF38
:109AE00020680BF037FC00287FF462AF206800216B
:109AF0000BF0A6FE2168E066084604210BF0A0FEEC
:109B000021682067084608210BF09AFE21686067EB
:109B100008460C210BF094FEA16BA0670329C8D066
:109B20000DF10E0641F28737206831460BF0E2FC5A
:109B300000287FF43DAFFBF75BFB401BB84249D8E0
:109B4000BDF80E100029EFD0A06B0328B1D020681B
:109B5000616409040BF054FC00287FF429AF2068ED
:109B600000210BF06DFE2168E065084604210BF032
:109B700067FE21682066084608210BF061FE216817
:109B8000606608460C210BF05BFEA06691E700BF03
:109B9000616C206809040BF0CBFB00287FF408AF50
:109BA00020684FF400710BF0EDFA78B1216840F6AF
:109BB000FF72C1F6E0728A63616B08430121606342
:109BC00084F8301008460FB0F0BD00BF00210846F1
:109BD0000FB0F0BD4FF00040EAE6000010B500689D
:109BE00048F20001C4F20061884218BF10BD40F67F
:109BF0009440C4F202400168002421F40061C4F2E0
:109C00000224016004F500604FF4F051FBF76CF999
:109C100020464FF48061FBF767F904F540600421AA
:109C2000FBF762F94F20BDE81040FBF773BF00005F
:109C30002DE9F041CAB0044602A8002508304FF4CF
:109C400080714995CDE94755CDE94555F6F79BFB20
:109C5000206848F20001C4F20061884202D04AB094
:109C6000BDE8F0814FF48000029002A8039535957D
:109C7000FDF75AFA002818BFF8F7B2FD40F68C40FD
:109C8000C4F20240816840F6000541F40061816041
:109C90008168C4F2022501F4006101910199016813
:109CA00045AC41F0040101600168022601F00401A5
:109CB0000191019901684FF0010841F00101016033
:109CC00001680C2701F0010101910199016841F03F
:109CD000080101600068214600F008000190019829
:109CE0004FF46060459028464696CDE947864997EF
:109CF000FBF7AAF94FF48050CDE94506002047A9AB
:109D0000C1C128462146FBF79FF94FF4806045A961
:109D100081E84101A5F500602146CDE94867FBF7E0
:109D200093F9042045A981E8410105F580602146A9
:109D3000CDE94867FBF788F94F2005210022FBF7A2
:109D40000DFF4F20FBF7FAFE4AB0BDE8F08100009E
:109D5000F0B587B00446B9B194F8300001281EBFB1
:109D6000022007B0F0BD0F4600216163206D15464B
:109D70001A441E4682420FD9606B40F00070606347
:109D8000012007B0F0BD00BF606B40F00060606371
:109D9000012007B0F0BD00BF032084F83000A26BA3
:109DA00020687302012A4FF0FF32C162C4E90973CF
:109DB00018BF6D02CDE90123902203920222CDE962
:109DC0000421069101A90BF065FC2068022EC168F0
:109DD00041F04001C1604FF001018765016515D375
:109DE0008221E16229460BF07FFA2168B0B140F68A
:109DF000FF72C1F6E0728A63616B08436063012001
:109E0000002184F83000E16207B0F0BD8121E162F9
:109E100029460BF07BFA21680028E8D1C86B40F492
:109E20009570C863002007B0F0BD0000002808BF8F
:109E30007047006848F20001C4F20061884208D10E
:109E400040F29850C2F20000C069002818BF17F015
:109E500039B87047002808BF7047006848F2000111
:109E6000C4F20061884208D140F29850C2F200006A
:109E7000C069002818BF17F025B870472DE9F041D8
:109E800086B00446C1B194F8300001281EBF0220FC
:109E900006B0BDE8F0810F4600216163206D1546D4
:109EA0001A441E4682420FD9606B40F00070606316
:109EB000012006B0BDE8F081606B40F00060606397
:109EC000012006B0BDE8F081032084F8300020684E
:109ED000A26B73024FF09008C162C4E90773012AB4
:109EE00018BF6D024FF0FF32CDE90281CDE90411B8
:109EF0006946CDE900230BF0CDFB2068022EC16836
:109F000041F04001C1604FF001018765016517D341
:109F1000A021E16229460BF099FB2168C0B140F60F
:109F2000FF72C1F6E0728A63616B084360630120CF
:109F3000002184F83000E16206B0BDE8F08100BF86
:109F40002946C4F82C800BF093FB21680028E6D149
:109F5000C86B40F48D70C863002006B0BDE8F08186
:109F6000042888BF7047DFE800F003152738390060
:109F70004EF21000CEF20000016821F004010160F1
:109F800040F6E440C4F20240016821F00C01016097
:109F9000704700BF4EF21000CEF2000001680122AF
:109FA00021F00401016040F6E440C4F2024001687F
:109FB00062F38301016070474EF21000CEF20000A0
:109FC0000168022221F00401016040F6E440C4F27D
:109FD0000240016862F38301016070474EF2100095
:109FE000CEF20000016841F00401016070470000FA
:109FF0007047000070470000704700007047000085
:10A00000704700007047000010B590F83C20012A0E
:10A010004FF0020200F0BD8080F83D20026842F659
:10A02000FF33D2F804E0D2F808C0C5F201039A4227
:10A030000CDC42F60043C4F201039A4212D043F210
:10A040000043C4F201039A420CD010E043F20043F3
:10A05000C5F201039A4205D042F60043C5F201035E
:10A060009A4204D14C682EF4700344EA030E4FF672
:10A070008F73CFF6FF530C6803EA0E032343B2F14C
:10A08000A04F536014DA41F2FF73C4F200039A4206
:10A0900022DC40F2FF73C4F200039A423EDCB2F1CC
:10A0A000804F6BD040F20043C4F2000364E000BF75
:10A0B00041F2FF73C5F200039A421FDC40F2FF73C6
:10A0C000C5F200039A4235DCB2F1A04F56D040F2FF
:10A0D0000043C5F200034FE043F2FF33C4F2010333
:10A0E0009A4233DC41F60003C4F200039A4245D0A1
:10A0F00042F60043C4F201033EE000BF43F2FF33E7
:10A10000C5F201039A422DDC41F60003C5F20003BB
:10A110009A4233D042F600432CE000BF40F60003E1
:10A12000C4F200039A4229D040F60043C4F200036F
:10A1300022E000BF40F60003C5F200039A421DD0A2
:10A1400040F60043C5F2000316E000BF43F20043AF
:10A15000C4F201039A4211D044F20003C4F2010395
:10A160000AE000BF44F20003C5F201039A4205D0A1
:10A1700043F20043C5F201039A4204D189682CF0EE
:10A180008003194391600121002280F83D1080F87E
:10A190003C20104610BD000070470000002804BF9E
:10A1A0000120704710B5044690F83D0028B9002002
:10A1B00084F83C00204600F023F8022084F83D009B
:10A1C0002068211D0EF0A8FD012084F8480084F8C5
:10A1D0003E0084F83F0084F8400084F8410084F891
:10A1E000420084F8430084F8440084F8450084F871
:10A1F000460084F8470084F83D00002010BD0000B0
:10A2000010B582B0006841F20001C4F2000188423A
:10A210001AD040F60041C4F2000188421CBF02B0CF
:10A2200010BD40F69C40C4F202400168002241F09B
:10A23000080101600068052100F008000190019804
:10A240003020302411E000BF40F69C40C4F20240B0
:10A250000168002241F0100101600068072100F050
:10A2600010000090009831203124FBF777FC204645
:10A2700002B0BDE81040FBF761BC000090F83D1053
:10A2800001291CBF01207047022180F83D100168A0
:10A29000C868B1F1A04F40F00100C86014DA41F283
:10A2A000FF70C4F20000814222DC40F2FF70C4F271
:10A2B000000081423EDCB1F1804F6BD040F20040A3
:10A2C000C4F2000064E000BF41F2FF70C5F200007C
:10A2D00081421FDC40F2FF70C5F20000814235DC94
:10A2E000B1F1A04F56D040F20040C5F200004FE05F
:10A2F00043F2FF30C4F20100814233DC41F600003A
:10A30000C4F20000814245D042F60040C4F2010090
:10A310003EE000BF43F2FF30C5F2010081422DDC78
:10A3200041F60000C5F20000814233D042F6004001
:10A330002CE000BF40F60000C4F20000814229D0AA
:10A3400040F60040C4F2000022E000BF40F60000EA
:10A35000C5F2000081421DD040F60040C5F2000069
:10A3600016E000BF43F20040C4F20100814211D068
:10A3700044F20000C4F201000AE000BF44F2000011
:10A38000C5F20100814205D043F20040C5F2010050
:10A3900081420DD188680722C0F201020240062ADC
:10A3A0004FF0000018BFB2F5803F01D1704700BFE9
:10A3B000086840F0010008600020704780B590F800
:10A3C0003C20012A4FF0020200F09E8080F83D20E0
:10A3D000D0F800C08822DCF80830CFF6CE721A40E0
:10A3E000CCF808200B68B3F5005F0FDB3F22C0F20A
:10A3F0001002934218DCB3F1101F31DB71D0202121
:10A40000C0F210018B426CD030215FE03F2B1FDD8A
:10A410005F2B2DDD602B79D0702B00F09980B3F588
:10A42000805F6AD0DEE000BF5F21C0F210018B4286
:10A4300046DD6021C0F210018B4252D07021C0F283
:10A4400010018B4218BFB3F5001F4AD0CAE000BF0D
:10A450001F2B41DC002B44D0102B42D0C2E000BFA8
:10A46000B3F5005F00F08880B3F5801F39D0B9E004
:10A47000402B00F09580502B40F0B480D1F804E0E0
:10A48000C968DCF82030DCF8202022F00102CCF88A
:10A490002020DCF8182022F0F00242EA011123F01B
:10A4A0000A0242EA0E02CCF81810CCF82020DCF8A0
:10A4B00008104FF68872CFF6CF72114057311AE06C
:10A4C0004021C0F210018B420BD05021C0F210018C
:10A4D0008B4206D086E000BF202B02D0302B40F00C
:10A4E0008180DCF808104FF68872CFF6CF721140E9
:10A4F000194341F00701CCF808100022012180F82F
:10A500003D10002180F83C10104680BDD1F804E0D9
:10A51000C968DCF82030DCF8202022F01002CCF8EA
:10A520002020DCF8182022F4704242EA013123F0A6
:10A53000A00242EA0E12CCF81810CCF82020DCF869
:10A5400008104FF68872CFF6CF7211406731D2E70C
:10A55000D1E901E3C968DCF8082043EA0E0343EAC5
:10A56000012122F47F421143CCF80810DCF80810D6
:10A5700041F07701BFE700BFD1E901E3C968DCF82A
:10A58000082043EA0E0343EA012122F47F421143EB
:10A59000CCF80810DCF8081041F48041ABE700BFAC
:10A5A000D1F804E0C968DCF82030DCF8202022F083
:10A5B0000102CCF82020DCF8182022F0F00242EA58
:10A5C000011123F00A0242EA0E02CCF81810CCF86E
:10A5D0002020DCF808104FF68872CFF6CF721140B9
:10A5E000473188E7012289E770470000F0B581B064
:10A5F00004460068C768066906EA0705A90739D452
:10A6000068074DD4280763D4E8067AD4E80740F0F9
:10A61000928017F0800718BF16F4025040F099801E
:10A62000002F18BF16F4807040F0A080680600F17B
:10A63000A780A80600F1AE80E80200F1B580A8026C
:10A6400000F1BC80680206D520686FF480010161CA
:10A650002046FFF7D7FC28025CBF01B0F0BD21689F
:10A660006FF4000220460A6101B0BDE8F040FFF738
:10A6700093BD00BF6FF00201016101212177806964
:10A68000800703D02046FFF7AFFF05E0204600F02B
:10A69000C7F8204600F062FA002020776807B1D59D
:10A6A00020686FF00401016102212177806910F4B4
:10A6B000407F03D02046FFF797FF05E0204600F0DB
:10A6C000AFF8204600F04AFA0020207728079BD5F3
:10A6D00020686FF00801016104212177C0698007BB
:10A6E00004D02046FFF780FF06E000BF204600F0C0
:10A6F00097F8204600F032FA00202077E8067FF530
:10A7000085AF20686FF01001016108212177C069D1
:10A7100010F4407F04D02046FFF766FF06E000BF3C
:10A72000204600F07DF8204600F018FA002020773F
:10A73000E8073FF46EAF20686FF001010161204629
:10A7400000F0F4FB17F0800718BF16F402503FF436
:10A7500067AF20686FF4025101612046FFF74AFCA1
:10A76000002F18BF16F480703FF460AF20686FF4BC
:10A77000807101612046FFF73BFC68067FF559AF09
:10A7800020686FF040010161204600F0E5FBA8065B
:10A790007FF552AF20686FF0200101612046FFF77E
:10A7A0002BFCE8027FF54BAF20686FF4801101614C
:10A7B0002046FFF725FCA8027FF544AF20686FF420
:10A7C000001101612046FFF719FC68027FF543AFD5
:10A7D0003AE7000080B586B00068B0F1804F01D044
:10A7E00006B080BD40F68C40C4F20240016841F0E2
:10A7F00001010160006801A900F0010001900198C9
:10A800000220CDE901000390002004900120059072
:10A810000020C4F20220FAF717FC06B080BD000049
:10A8200070470000F0B581B0044690F83C00012864
:10A8300002BF022001B0F0BD0D464FEAB201012077
:10A84000052984F83C0000F23281DFE801F0030BB7
:10A8500013233563206829460EF0CCFB206850F89E
:10A86000181F0EE0206829460EF078FC206850F88A
:10A87000181F16E0206829460EF006FD206850F8E3
:10A880001C1F41F008010160016821F00401016012
:10A890002A6908E1206829460EF08CFD206850F8EE
:10A8A0001C1F41F400610160016821F480610160B6
:10A8B00029690A02F7E000BF216842F6FF37D1F8A4
:10A8C00020C0086AC5F2010720F4803008620846FB
:10A8D0004A6850F8503FD5F800E0AE68B94247DC0E
:10A8E00043F6FF77C4F20107B9426DDD44F2000779
:10A8F000C4F20107B94200F08B8044F20047C4F271
:10A900000107B94200F0848044F60007C4F2010751
:10A910007CE000BF216842F6FF37D1F820C0086A0A
:10A92000C5F2010720F48010086208464A6850F812
:10A93000503FD5F800E0AE68B9422FDC43F6FF7710
:10A94000C4F20107B9424BDD44F20007C4F201072B
:10A95000B94200F0898044F20047C4F20107B942CD
:10A9600000F0828044F60007C4F201077AE000BFDD
:10A9700043F6FF77C5F20107B9423DDD44F2000717
:10A98000C5F20107B94243D044F60007C5F20107FA
:10A99000B9423DD044F2004736E000BF43F6FF77AE
:10A9A000C5F20107B94253DD44F20007C5F20107C1
:10A9B000B94259D044F60007C5F20107B94253D055
:10A9C00044F200474CE000BF42F60047C4F20107E2
:10A9D000B9421DD043F20047C4F2010716E000BFA0
:10A9E00042F60047C4F20107B9423DD043F20047A6
:10A9F000C4F2010736E000BF42F60047C5F2010786
:10AA0000B94205D043F20047C5F20107B94204D16B
:10AA10006F6922F4803242EA07222CF4003747EAB9
:10AA200006474FF68F76CFF6FE76334043EA0E03A5
:10AA30004A600B656B682A698B640F620B6D43F08B
:10AA400008030B650B6D23F004030B652BE000BFBF
:10AA500042F60047C5F20107B94205D043F200476C
:10AA6000C5F20107B94204D16F6922F4802242EA9B
:10AA700087222CF4001747EA065748F6FF76CFF6F0
:10AA8000FF66334043EA0E234A600B656A682B6910
:10AA9000CA640F620A6D42F400620A650A6D22F40C
:10AAA00080620A651A0201681143016000200021DA
:10AAB00084F83C1001B0F0BD002804BF01207047AD
:10AAC00010B5044690F83D0028B9002084F83C00F9
:10AAD000204600F023F8022084F83D002068211D64
:10AAE0000EF01AF9012084F8480084F83E0084F83A
:10AAF0003F0084F8400084F8410084F8420084F864
:10AB0000430084F8440084F8450084F8460084F843
:10AB1000470084F83D00002010BD000080B582B0E1
:10AB20000068B0F1804F1CBF02B080BD40F69C4071
:10AB3000C4F202400168002241F001010160006896
:10AB4000052100F00100019001982D20FBF706F887
:10AB50002D2002B0BDE88040FAF7F0BF704700003A
:10AB600061B10A1F4FEAB202032A11D8DFE802F0EE
:10AB70000214181C00F13F0318E000BF90F83E20BB
:10AB8000012A1CBF01207047022280F83E202CE0E1
:10AB900000F143030AE000BF00F1400306E000BFFC
:10ABA00000F1410302E000BF00F142031B78012BDA
:10ABB0001CBF01207047032A08D8DFE802F0030B0E
:10ABC0000F1300BF022280F83F200EE0022280F81F
:10ABD00043200AE0022280F8402006E0022280F8AA
:10ABE000412002E0022280F84220026801F01F00AA
:10ABF0000121136A01FA00F023EA00011162116ACF
:10AC0000B2F1A04F40EA010010621FDA42F6FF30B5
:10AC1000C4F20100824227DC40F2FF70C4F200005F
:10AC200082424FDD40F60000C4F20000824200F094
:10AC3000BD8040F60040C4F20000824200F0B680C1
:10AC400041F60000C4F20000AEE000BF42F6FF3063
:10AC5000C5F2010082421FDC40F2FF70C5F2000025
:10AC600082425FDC7CE000BF43F6FF70C4F201006B
:10AC700082422FDD44F20000C4F20100824241D042
:10AC800044F20040C4F2010082423BD044F600008E
:10AC9000C4F2010034E000BF43F6FF70C5F20100CA
:10ACA000824223DD44F20000C5F20100824229D035
:10ACB00044F60000C5F20100824223D044F2004075
:10ACC0001CE000BFB2F1804F70D040F20040C4F2EF
:10ACD000000069E042F60040C4F20100824211D057
:10ACE00043F20040C4F201000AE000BF42F6004017
:10ACF000C5F20100824205D043F20040C5F20100D6
:10AD0000824261D1506C40F2FF71C5F2000140F403
:10AD100000408A42506417DD42F6FF30C5F2010060
:10AD2000824225DC40F60000C5F2000082423DD0A0
:10AD300040F60040C5F20000824237D041F60000E4
:10AD4000C5F2000030E000BF43F6FF70C4F201001E
:10AD500082421FDD44F20000C4F20100824225D08D
:10AD6000B2F1A04F22D040F20040C5F200001BE03B
:10AD700042F60040C5F20100824217D044F20000C2
:10AD8000C5F20100824211D043F20040C5F2010039
:10AD90000AE000BF42F60040C4F20100824205D042
:10ADA00043F20040C4F2010082420DD190680721B5
:10ADB000C0F20101014006294FF0000018BFB1F5B3
:10ADC000803F01D1704700BF106840F00100106063
:10ADD0000020704710B5026801F01F0E4FF0010C03
:10ADE000146A0CFA0EF324EA0303136242F6FF33EB
:10ADF000146AC5F2010341F2111C9A42C0F2110C0F
:10AE0000146217DC43F6FF74C4F20104A24227DD8A
:10AE100044F20004C4F20104A24239D044F20044D6
:10AE2000C4F20104A24233D044F60004C4F2010487
:10AE30002CE000BF43F6FF74C5F20104A2421BDD03
:10AE400044F20004C5F20104A24221D044F60004F9
:10AE5000C5F20104A2421BD044F2004414E000BF3A
:10AE600042F60044C4F20104A24211D043F200446D
:10AE7000C4F201040AE000BF42F60044C5F2010436
:10AE8000A24205D043F20044C5F20104A24208D117
:10AE9000146A14EA0C0F04D1146A44F244431C42AD
:10AEA0000ED0136A13EA0C0F12D1136A44F2444411
:10AEB00023420DD1136823F00103136008E000BFA3
:10AEC000536C23F400435364136A13EA0C0FECD061
:10AED0004FEAB10104290BD8DFE801F00410161C79
:10AEE000220000BF012180F83E10002010BD00BFED
:10AEF000012180F84310002010BD00BF012180F81F
:10AF00003F10002010BD00BF012180F8401000203C
:10AF100010BD00BF012180F84110002010BD00BF0E
:10AF2000012180F84210002010BD000010B5044639
:10AF3000006841F20041C4F20001884202D1FAF7F0
:10AF4000DBFC2068B0F1804F08BFF5F755FC2046C8
:10AF5000BDE8104006F00ABA7047000090F884106F
:10AF6000012904BF022070472421C0F8881002681C
:10AF70001168136823F00103136021F000530021CE
:10AF8000416613602022C0F8882080F884100846AB
:10AF90007047000010B50446D0F88C0020281CBF74
:10AFA000022010BD00294FF0010018BF002A01D176
:10AFB00010BD00BF0120E0660020206720460FF092
:10AFC00011FC0028F4D1E06E01281CBF012010BD47
:10AFD00020681021016250E8000F216840F0100045
:10AFE00041E80002002A04BF002010BD24E000BF99
:10AFF000206850E8000F216840F0100041E800028E
:10B00000002A04BF002010BD206850E8000F21680E
:10B0100040F0100041E80002002A04BF002010BDEB
:10B02000206850E8000F216840F0100041E800025D
:10B030000020002A08BF10BD206850E8000F2168DA
:10B0400040F0100041E80002002AD1D1002010BDDC
:10B05000006843F60002C4F20102904200D070473B
:10B06000B1F5806F084628BF4FF48060002808BF04
:10B07000704740F2B852C2F20002537813B1536DD8
:10B080000133536542F6A46CC2F2000C082828BFB5
:10B0900008219CF800300129937203D10021D1725C
:10B0A00022E000BF9CF801300229D3721CD99CF821
:10B0B00002300329137319D09CF803300429537309
:10B0C00016D99CF804300529937313D09CF80530E9
:10B0D0000629D37310D99CF8063007399CF807C0AD
:10B0E000137418BF614609E00021117300215173E8
:10B0F000002191730021D173002111745174012139
:10B10000D08290825170D16C0131D164116D0844AC
:10B11000106509F067BE000070470000B0B590F8F8
:10B120008420012A04BF0220B0BD2422C0F8882058
:10B130000268D0F864E0D2F800C01368BEF1000FD6
:10B1400023F001031360936823F0606341EA030175
:10B15000916019D09368916844F6E06E490FC0F68B
:10B16000020E44F6E8651EF80140C0F60205C3F37E
:10B170004263695CE400B4FBF1F11EF80340EB5C50
:10B18000E500B5FBF3F301E001210123A0F86A100B
:10B190002021A0F86830C2F800C0C0F88810002153
:10B1A00080F884100846B0BDB0B590F88420012A1C
:10B1B00004BF0220B0BD2422C0F888200268D0F865
:10B1C00064E0D2F800C01368BEF1000F23F0010361
:10B1D0001360936823F0604341EA0301916019D042
:10B1E0009368916844F6E06E490FC0F6020E44F68B
:10B1F000E8651EF80140C0F60205C3F34263695CCE
:10B20000E400B4FBF1F11EF80340EB5CE500B5FB94
:10B21000F3F301E001210123A0F86A102021A0F836
:10B220006830C2F800C0C0F88810002180F884108F
:10B230000846B0BD704700007047000010B50446D6
:10B24000206850E8000F216820F4907041E8000267
:10B25000DAB1206850E8000F216820F4907041E8CE
:10B26000000292B1206850E8000F216820F490702D
:10B2700041E800024AB1206850E8000F216820F43C
:10B28000907041E80002002ADAD14FF6FE70CEF647
:10B29000FF7000BF216851E8021F2268014042E8A8
:10B2A0000213C3B1216851E8021F2268014042E83D
:10B2B000021383B1216851E8021F2268014042E86D
:10B2C000021343B1216851E8021F2268014042E89D
:10B2D0000213002BDED1E06E012824D1206850E853
:10B2E000000F216820F0100041E80002DAB1206868
:10B2F00050E8000F216820F0100041E8000292B1F0
:10B30000206850E8000F216820F0100041E800029A
:10B310004AB1206850E8000F216820F0100041E891
:10B320000002002ADAD120688068400612D5D4F8DD
:10B33000800078B10021C166F8F7B0FA50B1D4F8B6
:10B340008000F8F73FFB102804D11020C4F89000CB
:10B35000032010BD20680F210162816941F00801BE
:10B3600081612020C4F88C000020E06610BD000040
:10B37000B0B5016843F60002C4F20102914218BF61
:10B38000B0BD00F037F840F2B855C2F20005E865EC
:10B39000686A402101306862002028706870A882C5
:10B3A00040F60000C4F202200022F9F71BFF41F230
:10B3B0006864C2F2000442F6A461C2F200012046B1
:10B3C0004FF48062FFF7E6FD30B1686A01306862D1
:10B3D000BDE8B04009F022BDA8690130A861D4F8E9
:10B3E00080000068416921F400714161BDE8B0400E
:10B3F00009F014BDD0F890007047000070B50268E5
:10B400000446D16940F62F001668D2F808E00840DB
:10B4100020280BD106F020000EF08053C01823D056
:10B42000616FD1B32046BDE87040084740F60F0079
:10B43000014219D00120C1F200000EEA000C40F2D6
:10B440002010C0F20040304010EB0C000CD0C807B8
:10B4500018BF16F4807040F0EB8088070EF00103EF
:10B4600000F1F280F9E000BFE06E06EA0103DD06BC
:10B4700014D5012812D110201062906840061DD406
:10B48000B4F85C00B4F85E10B4F85E30002B1CBF5A
:10B49000401A5FEA004140F0CD8170BDC80240F122
:10B4A000A9801EF4800000F0A5804FF48011204692
:10B4B0001162BDE87040FFF7BFBE00BFD4F8803016
:10B4C0001868806CB4F85CC081B2002900F09A81E1
:10B4D000614580F09781A4F85E00186D81287CD0CA
:10B4E00052E8000F216820F4807041E80002D2B3D6
:10B4F000206850E8000F216820F4807041E80002C5
:10B500008AB3206850E8000F216820F4807041E879
:10B51000000242B3206850E8000F216820F48070D8
:10B5200041E80002FAB1206850E8000FDAE700BFF6
:10B53000206850E8020F216820F0010041E8020273
:10B54000DAB1206850E8020F216820F0010041E8DC
:10B55000020292B1206850E8020F216820F0010039
:10B5600041E802024AB1206850E8020F216820F049
:10B57000010041E80202002ADAD12020C4F88C0040
:10B580000020E066206850E8000F216820F01000DD
:10B5900041E80002DAB1206850E8000F216820F08D
:10B5A000100041E8000292B1206850E8000F2168C5
:10B5B00020F0100041E800024AB1206850E8000F76
:10B5C000216820F0100041E80002002ADAD1D4F806
:10B5D0008000F8F763F9B4F85CC002202067B4F883
:10B5E0005E00ACEB000081B22046BDE87040FFF782
:10B5F0002FBD00BF08060BD506F080000EF4000535
:10B60000401905D0A16F00297FF40CAF45E700BFBA
:10B61000580600F13981080240F1CE8116F08040D1
:10B6200000F0CA812046BDE87040FFF703BE00BFAE
:10B6300001201062D4F8900040F00100C4F890009E
:10B6400088070EF0010308D53BB102201062D4F840
:10B65000900040F00400C4F89000480708D53BB1C2
:10B6600004201062D4F8900040F00200C4F890006A
:10B6700008070CD506F0200050EA0C0007D008207F
:10B680001062D4F8900040F00800C4F8900008055B
:10B690000BD516F0806008D04FF400601062D4F82B
:10B6A000900040F02000C4F89000D4F890000028EA
:10B6B0003FF4F3AE11F020001EBF06F020000EF0A4
:10B6C000805110EB010040F06F81D4F89000916838
:10B6D00000F0280001F04001401800F0A38052E87B
:10B6E000000F00BF216820F4907041E80002FAB119
:10B6F000206850E8000F216820F4907041E80002B3
:10B70000B2B1206850E8000F216820F4907041E841
:10B7100000026AB1206850E8000F216820F49070A0
:10B7200041E8000222B1206850E8000FDAE700BFCC
:10B730004FF6FE70CEF6FF70216851E8021F2268B6
:10B74000014042E80213C3B1216851E8021F226898
:10B75000014042E8021383B1216851E8021F2268C8
:10B76000014042E8021343B1216851E8021F2268F8
:10B77000014042E80213002BDED1E06E012824D103
:10B78000206850E8000F216820F0100041E8000216
:10B79000DAB1206850E8000F216820F0100041E87D
:10B7A000000292B1206850E8000F216820F01000DC
:10B7B00041E800024AB1206850E8000F216820F0FB
:10B7C000100041E80002002ADAD12020C4F88C00E1
:10B7D0000020E06621686067886840061CD5D4F8C0
:10B7E0008000C8B14AF20511C0F60101C166F8F740
:10B7F000ADF800283FF451AED4F88000C16EBDE82A
:10B80000704008478C457FF448AE186D81287FF45E
:10B8100044AE0222B7E000BF2046BDE87040FFF70B
:10B82000A7BD00BF2046FFF7A3FD0020C4F890008D
:10B8300070BD00BF52E8001F226821F4907142E8F9
:10B840000013002B4CD0216851E8001F226821F41E
:10B85000907142E80013002B42D0216851E8001F8C
:10B86000226821F4907142E80013CBB3216851E8BB
:10B87000001F226821F4907142E8001383B321680D
:10B8800051E8001FD8E700BF52E8000F216820F000
:10B89000400041E80002002A7CD0206850E8000FF8
:10B8A000216820F0400041E80002002A72D02068A0
:10B8B00050E8000F216820F0400041E80002002A13
:10B8C00068D0206850E8000F216820F0400041E86F
:10B8D0000002002A5ED0206850E8000FD6E700BFC3
:10B8E0004FF6FE71CEF6FF71226852E8022F2368F0
:10B8F0000A4043E80226C6B1226852E8022F2368B4
:10B900000A4043E8022686B1226852E8022F2368E3
:10B910000A4043E8022646B1226852E8022F236813
:10B920000A4043E80226002EDED12021C4F88C1004
:10B930000021E166616700BF216851E8001F2268AD
:10B9400021F0100142E80013DBB1216851E8001F2B
:10B95000226821F0100142E8001393B1216851E8F8
:10B96000001F226821F0100142E800134BB121684A
:10B9700051E8001F226821F0100142E80013002B5B
:10B98000DAD1022281B220462267BDE87040FFF77B
:10B990005FBB00BF20200021C4F888002046A167BB
:10B9A000BDE8704000F0AEBA616F00293FF48DAE83
:10B9B00020468847226888E6C8017FF56EADB6F15B
:10B9C000FF3FC8BF70BD2046BDE87040FFF7A4BB75
:10B9D00010B5E0B10446D0F8880028B9002084F8FA
:10B9E0008400204600F028F82420C4F8880020684D
:10B9F000A16A0268002922F0010202601CBF2046F1
:10BA00000EF054FA20460EF059FD012802D1012013
:10BA100010BD00BF2168486820F4904048608868E5
:10BA200020F02A008860086840F0010220460A6081
:10BA3000BDE810400EF0AEBA2DE9F041CAB00446A0
:10BA4000002502A84FF484714995CDE94755CDE909
:10BA50004555F4F798FC206844F20041C4F2000117
:10BA6000884200F09F8043F60001C4F20101884241
:10BA700040F0CA800026012702A803960297199673
:10BA8000FBF752FB002818BFF6F7AAFE40F68C40E1
:10BA9000C4F20240816940F2500841F48041816162
:10BAA0008169C4F2020801F48041019101990168A1
:10BAB00041F002010160006845A900F00200019018
:10BAC00001984FF4404045900220CDE946060320FE
:10BAD00048900420499040F20040C4F20220F9F757
:10BAE000B3FA41F2A82508F18000C2F20005162140
:10BAF0004FF4806285E8430005F10C0008234CC038
:10BB00004FF48000C5E908072846C5E90666C5E97F
:10BB10000A76C5E90C66F8F735F8002818BFF6F77D
:10BB20005FFE28461021E567EC65F7F727FF002840
:10BB300018BFF6F755FE41F2302515200021C2F25C
:10BB400000054FF40022C5E90080C5E904124FF456
:10BB500000000122C5E908022846C5E90211C5E92D
:10BB60000611C5E90A21C5E90C11F8F70BF8002800
:10BB700018BFF6F735FE28461021C4F88050EC6552
:10BB8000F7F7FCFE002818BFF6F72AFE3A20052139
:10BB90000022F9F7E3FF3A20F9F7D0FF4AB0BDE8F9
:10BBA000F08100BF022402A8039502941A95FBF7C6
:10BBB000BBFA002818BFF6F713FE40F68C40C4F21B
:10BBC0000240016941F400310161016901F4003171
:10BBD00001910199016841F008010160006845A9DF
:10BBE00000F00800019001986020CDE94504002094
:10BBF000CDE947000720499040F20040C4F20220FE
:10BC000000F50060F9F720FA4AB0BDE8F0810000C5
:10BC100070470000704700002DE9F0410446D0F85D
:10BC2000880020281CBF0220BDE8F0810F460029B3
:10BC30004FF001001CBF1646002A01D1BDE8F0817B
:10BC400020681D468168090603D5816821F08001BE
:10BC500081604FF000082120C4F89080C4F888006B
:10BC6000F9F7C6FAA4F85460A4F85660A16806462D
:10BC7000B1F5805F05D12069002814BF3846B84669
:10BC80000746B4F8560028B3681C25D0002D73D1A0
:10BC9000206800BFC169090640F1A28017B117F8FA
:10BCA000011B04E038F8021B00276FF35F2181625B
:10BCB000D4F8881001F02101212940F08580B4F8E2
:10BCC00056100139A4F85610B4F856100029E1D1E5
:10BCD0002BE000BF206828E0206802E0C169090667
:10BCE00009D4C16909065FBFC1695FEA0161C16921
:10BCF0005FEA0161F2D51FB117F8011B05E000BF33
:10BD000038F8021B00276FF35F218162D4F8881096
:10BD100001F02101212957D1B4F856100139A4F8B6
:10BD20005610B4F856100029DBD1C169490610D469
:10BD3000002D4DD0691C18D1C16949065FBFC1698A
:10BD40005FEA4161C1695FEA416102D4C1694906A4
:10BD5000F2D52020C4F888000020BDE8F08100BFA3
:10BD600020680168C0694006F3D4F9F741FA801BE6
:10BD7000A842F5D92EE000BF206800BFC1690906BE
:10BD800008D4F9F735FA801BA8422BD8206801683F
:10BD9000F4E700BF17B117F8011B04E038F8021BE5
:10BDA00000276FF35F218162D4F8881001F0210130
:10BDB000212909D1B4F856100139A4F85610B4F865
:10BDC00056100029DAD1B0E70120BDE8F08100BFAC
:10BDD000F9F70EFA2020C4F888000320BDE8F081AE
:10BDE000F9F706FA2020C4F888000320BDE8F081A6
:10BDF000B0B50446D0F8880020281CBF0220B0BD92
:10BE000000294FF0010018BF002A01D1B0BD00BFCA
:10BE10004FF0000E21202165A4F85420A4F85620EC
:10BE2000C4F890E0C4F88800E06FD4F800C0402364
:10BE30000028CCF8203059D04AF251434AF2B54597
:10BE4000C0F60103C0F60105C0E91835A5684AF23D
:10BE50000D13C0F60103B5F5805F8366C0F86CE092
:10BE600004D12369B3FA83F35B099A4090F8503008
:10BE70001B0607D493B20CF12802F8F755F970B9F4
:10BE800034E000BF436F53B11B6843B192B20CF171
:10BE90002805C3E902211D61F7F798FC30B3102093
:10BEA000C4F890002020C4F888000120B0BD00BF75
:10BEB000206850E8020F216840F0800041E802024B
:10BEC000F2B1206850E8020F216840F0800041E89C
:10BED0000202AAB1206850E8020F216840F08000F9
:10BEE00041E80202002A04BF0020B0BD206850E8EB
:10BEF000020F216840F0800041E80202002AD7D1F9
:10BF00000020B0BDB0B5006843F60001C4F20101E5
:10BF1000884218BFB0BD40F2B855C2F20005A86C07
:10BF20000130A8642878E8B100202870A86D40216D
:10BF30000130A86540F60000C4F202200022F9F7A3
:10BF400051F941F26864C2F2000442F6A461C2F2FF
:10BF5000000120464FF48062FFF71CF830B1686A98
:10BF600001306862BDE8B04008F04ABFA8690130FE
:10BF7000A861D4F880000068416921F40071416132
:10BF8000BDE8B04008F03CBF7047000070B5044603
:10BF9000F9F72EF9002C04BF012070BD05460020E2
:10BFA0006065216D002918BF70BD204600F086F83D
:10BFB00041F28830A0652068D4E903C366698168CE
:10BFC0004CF2FC02CFF6E0020A4042EA0C026FF0AB
:10BFD000FF0EE16942EA03420EEB062311431943C7
:10BFE00041F2004340F08052C5F200739A428160F2
:10BFF00005D18168626B21F0080111438160C1683D
:10C00000236A21F4E0211943D4F804C0266BA26B03
:10C01000C160016921F4F81141EA06410161426100
:10C0200001680EEB0C2221F4F85111430160016A02
:10C0300089060AD541F28836F9F7DAF8401BB04292
:10C0400034D82068016A8906F6D4C168D4E9096544
:10C0500021F0FF013143A268A369C1600168022B8E
:10C0600021F0400141EA02010160D0F80811E26AC2
:10C0700021F0A04141EA050141EA0201C0F808119E
:10C08000016841F00101016003D1816841F00201C2
:10C090008160E068B0F1806F04D10120206500204C
:10C0A00070BD00BF02202065002070BD0220206509
:10C0B000606D40F001006065032070BD2DE9F04F18
:10C0C000C9B0044602A8002508304FF48071489595
:10C0D000CDE94655CDE94455F4F755F9206841F2CC
:10C0E0000041C4F20071884202D049B0BDE8F08F2F
:10C0F0004FF0020802A8CDE902583995FBF714F871
:10C10000002818BFF6F76CFB40F68C40C4F20240E2
:10C11000816841F2000541F4801181608168C4F2B8
:10C12000022501F4801101910199016844AC41F0AC
:10C130001001016001684FF0040A01F01001019143
:10C1400001990168002741F001010160016803269F
:10C1500001F001010191019901684FF0090941F0D5
:10C1600002010160016801F0020101910199016879
:10C1700041F0080101600068214600F008000190CC
:10C1800001982846CDE944A846974796CDF82091D6
:10C19000F8F75AFF4020CDE944084FF0060BA5F50B
:10C1A00080502146CDE94676CDF820B1F8F74CFF16
:10C1B000A5F540602146CDE944A8CDE94676CDF805
:10C1C0002091F8F741FF4FF40060CDE9440828467C
:10C1D0002146CDE94676CDF820B1F8F735FF4FF48A
:10C1E000C050CDE94408A5F580602146CDE94676EA
:10C1F000CDF82091F8F728FF49B0BDE8F08F000096
:10C200002DE9F0472DED108B9FEDDB8AB7EE009AFC
:10C210001446B0EE61AAB0EE41BAB0EE60CAB0EE1C
:10C2200040DAB0EE48EAB0EE49FAF0EE489AF0EEA5
:10C23000488A0D46561E002854D0B0EE48EAB0EEAB
:10C2400049FAF0EE489AF0EE488A0F2E4AD800EBF1
:10C250000410B0EE48EA10ED040A10ED031A20EEC7
:10C26000000A21EE011A10ED022A30EE010A22EE38
:10C27000021A10ED012A30EE010A22EE021AB0EE87
:10C2800049FA30EE010A9FEDBD1AF0EE489AB4EE7D
:10C29000410AF0EE488AF1EE10FA23DDB1EEC01A41
:10C2A000A0F11007A0F10C0AA0F10809A0F1040800
:10C2B000B4EE411AF1EE10FA80F15281B7EE000AA5
:10C2C00080EE010A97ED001A9AED002A21EE00FA9D
:10C2D00020EE02EA99ED001A98ED002A60EE019A2C
:10C2E00060EE028AF0EE48BAF0EE49AAF0EE48CAD3
:10C2F000F0EE48DA002D53D0F0EE48BAF0EE49AA3D
:10C30000F0EE48CAF0EE48DA0F2E49D805EB0410DB
:10C31000F0EE48BA10ED040A10ED031A20EE000A00
:10C3200021EE011A10ED022A30EE010A22EE021A65
:10C3300010ED012A30EE010A22EE021AF0EE49AAAF
:10C3400030EE010A9FED8D1AF0EE48CAB4EE410AB4
:10C35000F0EE48DAF1EE10FA22DDB1EEC01AA0F1EB
:10C360001007A0F10C06A0F10805041FB4EE411A55
:10C37000F1EE10FA80F1FA80B7EE000A80EE010AC1
:10C3800097ED001A96ED002A61EE00AA60EE02BA5F
:10C3900095ED001A94ED002A60EE01CA60EE02DA13
:10C3A0002DEE0D0A2CEE0C1ADFED74EA30EE010AC8
:10C3B0002BEE0B1AB0EE482A31EE000A2AEE0A1ACA
:10C3C000B0EE483A31EE000AB0EE491AB4EE6E0A09
:10C3D000B0EE484AF1EE10FA13DDB1EEC01AB4EE39
:10C3E000411AF1EE10FA80F1AF80B7EE000A80EE4C
:10C3F000010A2DEE001A2CEE002A2BEE003A2AEE4E
:10C40000004A2FEE010A2EEE025A2FEE026A30EE9B
:10C41000450A29EE835A2EEE017A30EE450A37EEB0
:10C42000065A28EE846A29EE847A30EE460A35EE02
:10C43000075A28EE836A2FEE037A6EEE040A35EE71
:10C44000465A37EE606A2FEE044A29EE817A2EEEC4
:10C45000033A37EE066A33EE043A28EE824A29EEB2
:10C46000822A34EE064A33EE422A2AEE803A2BEE36
:10C47000856A28EE811A33EE463A2CEE846A31EE54
:10C48000021A33EE462A2BEE803A2AEE856A2DEE0A
:10C49000817A33EE063A2DEE846A32EE47AA36EE02
:10C4A000032A2CEE813A2CEE806A2DEE857A32EE4C
:10C4B00043BA36EE472A2DEE800A2AEE843A2CEE55
:10C4C000855A33EE022A30EE050A2BEE813A2BEE26
:10C4D000844A33EE02CA30EE440A2AEE0A2A2BEED0
:10C4E0000B3A2AEE811A32EE032A2CEE0C3A31EE88
:10C4F00000DA33EE020A2DEE0D1AF0EE481A31EE94
:10C50000000AB0EE481AB4EE6E0AF1EE10FA12DD2F
:10C51000B1EEC01AB4EE411AF1EE10FA1AD6B7EE27
:10C52000000A80EE010A2AEE009A2BEE008A2CEE19
:10C53000001A6DEE001AB0EE490AF0EE480ABDECA2
:10C54000108BBDE8F08700BF18F0A2F9B0EE401ADA
:10C550004BE700BF18F09CF9B0EE401ADFE700BFD0
:10C5600018F096F9B0EE401AA8E600BF18F090F95E
:10C57000B0EE401A00E700BF00000000CCBC8C2BDE
:10C580002DE9F04F81B02DED108B9EB0CDE9191043
:10C5900000284FF004001B931CBF1746002A05D14A
:10C5A0001EB0BDEC108B01B0BDE8F08F39990029A9
:10C5B000F6D0387C0138012800F29A83397846F6A3
:10C5C0002830399A0139C4F66E600F29C2E900009B
:10C5D000C2E90200C2E90400C2E90600C2E908009B
:10C5E000C2E90A00C2E90C00C2E90E00C2E910006B
:10C5F000C2E91200C2E91400C2E9160010665066D2
:10C60000906605D8012088401999084040F08A803A
:10C61000787801380F2805D8199921FA00F0C00759
:10C6200040F08080B87801380F2804D8199921FA91
:10C6300000F0C00776D1F87801380F2804D819998E
:10C6400021FA00F0C0076DD1387901380F2804D8DD
:10C65000199921FA00F0C00764D1787901380F28C0
:10C6600004D8199921FA00F0C0075BD1B8790138D4
:10C670000F2804D8199921FA00F0C00752D1F8798F
:10C6800001380F2804D8199921FA00F0C00749D1C0
:10C69000387A01380F2804D8199921FA00F0C00718
:10C6A00040D1787A01380F2804D8199921FA00F07E
:10C6B000C00737D1B87A01380F2804D8199921FA60
:10C6C00000F0C0072ED1F87A01380F2804D8199944
:10C6D00021FA00F0C00725D1387B01380F2804D893
:10C6E000199921FA00F0C0071CD1787B01380F2876
:10C6F00004D8199921FA00F0C00713D1B87B01388A
:10C700000F2804D8199921FA00F0C0070AD1F87B44
:10C7100001380F2800F2FE85199921FA00F0C007B0
:10C7200000F0F885DFEDC1AA07F10408B7EE000AB2
:10C730004FF0010ABFEE008A4FF0000917970AE098
:10C740000AF1010AB7EE000A179FBAF1050F08F1C6
:10C75000030800F0D582397C0AEB4A00012940F237
:10C76000000107EB0005CCF2F0112C4615F8010F83
:10C770003A780F9140F20001C4F2F01110911CA917
:10C78000119140F20001C4F2343108914FF48071EC
:10C79000CDE909194FF07E510C91CDE90020CDE98A
:10C7A0000291CDE90491DDE9191008FE009A1B9A67
:10C7B000389B8DED0D9A0026CCF234364FEA8A0B69
:10C7C000CDF83890CDF82C90CDF81890079600F061
:10C7D000D7FD30B139991C9801EB8B011D9A41E9C5
:10C7E00004023A78CDF860B0501EC1B20F2900F2B1
:10C7F0000D821999C140C90700F008821A998DED80
:10C80000169A01EB0010389990EC040A1B98FFF778
:10C81000F7FCB0EE409AB0EE60AAB0EE41BAB0EECE
:10C8200061CAF0EE6ADAB0EE6AFAF0EE6AFA199FBF
:10C8300000264FF0000B0CE07DEE80DA3FEE02FAAE
:10C840007FEE81FA01360BF1010BBBF1030F00F013
:10C85000F18018F80B20501EC1B20F29F3D827FA27
:10C8600000F1C907EFD01A9901EB0010389990EC4C
:10C87000040A1B98FFF7C4FC29EE002A2AEE203A8E
:10C8800029EE204A32EE032A2BEE013A2AEE005A14
:10C8900033EE022A2CEE213AB7EE007A33EE028A0A
:10C8A00034EE452A2BEE213A29EE014A2AEE215A8E
:10C8B00032EE432A34EE053A2CEE014A2BEE005AB2
:10C8C00034EE02DA33EE452A29EE213A2CEE204AE4
:10C8D0002AEE011A72EE44EA33EE411A2BEE202AB8
:10C8E00028EE083A2DEE0D4A32EE011A2CEE000A1F
:10C8F00033EE042A2EEEAE3A71EE409A33EE020A7F
:10C9000029EEA91AB0EE47EA31EE000A9FED481A67
:10C91000F0EE6ACAB4EE410AF0EE6ABAF0EE6A8A44
:10C92000F1EE10FA10DDB1EEC01AB4EE411AF1EEDC
:10C9300010FA6BD687EE010A28EE00EA6DEE00CA07
:10C940006EEE80BA69EE808A2EEE0E0A2CEEAC1ADC
:10C95000B0EE6A2A30EE010A2BEEAB1AB0EE6A3A5C
:10C9600031EE000A28EEA81AB0EE6A4A31EE000A4B
:10C970009FED2F1AB4EE410AB0EE471AF1EE10FA0D
:10C9800010DDB1EEC01AB4EE411AF1EE10FA45D640
:10C9900087EE010A2EEE001A2CEE802A2BEE803A4A
:10C9A00028EE804A22EE020A24EE045A22EE036A9E
:10C9B00023EE043A21EE044A21EE021A36EE442A0E
:10C9C00030EE054A32EE020A34EE042A31EE031A42
:10C9D00037EE422A31EE011A002E3FF42DAF2DEE34
:10C9E000803A2FEE024A33EE043A2FEE814A34EEBB
:10C9F000033AB5EE403AF1EE10FABEBFB1EE400A8E
:10CA0000B1EE422AB1EE411A16E700BF17F040FF1F
:10CA1000B0EE401AB7EE007A8CE700BF17F038FF8F
:10CA2000B0EE401AB7EE007AB2E700BF0000000097
:10CA3000CCBC8C2B179FBFEE008A9DED169A002E62
:10CA400000F0E4802DEEAD0A2FEE0F1AB0EE6A2A48
:10CA500031EE000A2FEEAF1AF0EE6A0A31EE000A4C
:10CA60001FED0D1AB4EE410AB0EE6A1AF1EE10FA9B
:10CA700011DDB1EEC01AB4EE411AF1EE10FA80F1F8
:10CA80003181B7EE000A80EE010A2DEE801A6FEEBA
:10CA9000000A2FEE802A21EE010A20EEA03A22EEB3
:10CAA000022A33EE000A32EE000A1FED1F2AB4EE0E
:10CAB000420AF1EE10FA40F3A980B1EE410A17F0F4
:10CAC00091FD9FEDA01A9FEDA02A20EE010A9FED97
:10CAD000EB1A9FEDEB3AB4EE410A9FEDEA4AF1EE14
:10CAE00010FA1BDD30EE020AB4EE410AF1EE10FA44
:10CAF00014DD30EE020AB4EE410AF1EE10FA0DDD5B
:10CB000030EE020AB4EE410AF1EE10FA06DD30EE24
:10CB1000020AB4EE410AF1EE10FAE3DCB4EE430A85
:10CB2000F1EE10FA1BDC30EE040AB4EE430AF1EE2B
:10CB300010FA14DC30EE040AB4EE430AF1EE10FAF7
:10CB40000DDC30EE040AB4EE430AF1EE10FA06DC16
:10CB500030EE040AB4EE430AF1EE10FAE3DD29EEFA
:10CB6000000AB4EE410AF1EE10FA1FDD30EE020ABF
:10CB7000B4EE410AF1EE10FA18DD30EE020AB4EE1E
:10CB8000410AF1EE10FA11DD30EE020AB4EE410A6C
:10CB9000F1EE10FA0ADD30EE020AB4EE410AF1EECF
:10CBA00010FAE3DC02E000BF30EE040AB4EE430A00
:10CBB000F1EE10FA14DC30EE040AB4EE430AF1EEA2
:10CBC00010FA0DDC30EE040AB4EE430AF1EE10FA6E
:10CBD00006DC30EE040AB4EE430AF1EE10FAE3DDAF
:10CBE000BBEE0E1AB4EE410AF1EE10FA08DBB3EE1A
:10CBF0000E1AB4EE410AF1EE10FAD8BFB0EE401AA8
:10CC00001898399901EB800000ED031A387C002355
:10CC10004FF07E5627460022C4F2F01301282878F0
:10CC200017F8021FCCF2F01208BFA2F11C76109385
:10CC30001CAB11930023C4F234338DE80302DDE909
:10CC40001910CDE908394FF07E530DF1300C8CE806
:10CC500048020F92CDE90339CDE905391B9A389B7B
:10CC60000025CCF23435CDE90A99079500F088FB10
:10CC7000189D28B139991C9801EB850141F8080CE1
:10CC80003878E1788DE803020021CCF23431079145
:10CC90000021C4F234314FF07E50CDE908190CA9BF
:10CCA000CDE90309CDE9050981E841020020CCF274
:10CCB000F0100F90DDE919101CAA11921B9A389BF5
:10CCC0000027C4F2F017CDE90A99109700F058FB3D
:10CCD00000283FF435AD39991C9801EB850141F8E6
:10CCE000040C2DE517F0D4FDB0EE401AC9E600BFE4
:10CCF00004201EB0BDEC108B01B0BDE8F08F00BF6A
:10CD00003A787D78501EC1B20F298FBF002619993D
:10CD100021FA00F000F00106681EBC78C1B20F29AC
:10CD20008FBF4FF00009199921FA00F000F00109B6
:10CD3000601EFF78C1B20F2908D9199B4FF0000A75
:10CD400009E000BFE02E65420000B4C3199B23FA3E
:10CD500000F000F0010A781EF7EE009A5FEDCDAA10
:10CD6000C1B20F299ABF23FA00F000F001084FF07A
:10CD70000008B0EE690AF0EE6A0AB0EE6A1AF0EE48
:10CD80006AFA76B11A98389900EB021030ED040A6D
:10CD90001B98FFF735FA3998F0EE61FA5C3080ECB9
:10CDA000040AB0EE69BAB0EE6ACAB0EE6AEAB0EE52
:10CDB0006AFAB9F1000F8DED121ACDED130A8DED5F
:10CDC000140A11D01A98389900EB05102A4630ED54
:10CDD000040A1B98FFF714FAB0EE40BAB0EE60CA2E
:10CDE000B0EE41EAB0EE61FAF0EE69CAF0EE6ADA4E
:10CDF000F0EE6AEAF0EE6ABABAF1000F11D01A98B2
:10CE0000389900EB0410224630ED040A1B98FFF716
:10CE1000F7F9F0EE40CAF0EE60DAF0EE41EAF0EE3B
:10CE200061BAB0EE6A1AB0EE6A9AB8F1000F0FD08C
:10CE30001A98389900EB07103A4630ED040A1B980F
:10CE4000FFF7DEF9F0EE409AF0EE60AAB0EE619ADC
:10CE5000B9F1000F8DED19BA8DED18CA8DED16EAF6
:10CE60008DED15FA18BFBAF1000F0DD1BAF1000F10
:10CE700018BFB8F1000F00F0C18100E10000344399
:10CE8000000034C30000B4438DED1A1ACDED1BFA37
:10CE90002BEE2C0A2CEE2D1A2BEE2D2A30EE010A49
:10CEA0002EEE2E1A2CEE2C3A30EE010A2FEE2B1A13
:10CEB000B7EE007A30EE01AA32EE430A2EEE2B1ABC
:10CEC0002BEE2E2A2CEE2B3A30EE410A32EE031ACC
:10CED0002FEE2E2A2EEE2C3A72EE008A31EE430A05
:10CEE0002FEE2D1A2BEE2B2A2CEE2E3A30EE41DAB5
:10CEF00032EE430A2EEE2D1A2AEE0A2A28EEA83A1E
:10CF000031EE000A32EE031A2FEE2C2A2DEE0D3AE6
:10CF100070EE42FA31EE030A2FEEAF1A9FEDEFBA30
:10CF200031EE000A9FEDFA1AB0EE47CAB4EE410A9C
:10CF3000B0EE4B8AB0EE4BEAB0EE4BFAF1EE10FADF
:10CF400013DDB1EEC01AB4EE411AF1EE10FA80F121
:10CF5000E981B7EE000A80EE010A2AEE00CA28EE47
:10CF6000808A2DEE00EA2FEE80FA2CEE0C0A28EED5
:10CF7000081AB0EE4B3A30EE010A2EEE0E1AB0EE61
:10CF80004B2A31EE000A2FEE0F1ADDED1BFA31EEBF
:10CF9000000A9FEDF81AB4EE410AB0EE471AF1EE1E
:10CFA00010FA13DDB1EEC01AB4EE411AF1EE10FA28
:10CFB00080F1C281B7EE000A80EE010A2CEE001A61
:10CFC00028EE00BA2EEE003A2FEE002A23EE030AD6
:10CFD00022EE024A2BEE035A2BEE026A21EE033AAE
:10CFE00030EE040A21EE021A36EE432A30EE000A31
:10CFF00032EE022A37EE40AA35EE011ABFEE000AE1
:10D00000B4EE402A31EE01BAF1EE10FA08DBB7EEC9
:10D01000000AB4EE402AF1EE10FAD8BFB0EE420A90
:10D0200017F04AFA9FEDD41A399C20EE010AF0EE6F
:10D030004A0A84ED100AB0EE4B0A17F0D3FA9FEDBE
:10D04000CF1A179820EE010A007C84ED110A0128FE
:10D050009DED19BA9DED18CA9DED16EA9DED15FAE4
:10D060009DED1A1A02BFB1EE400A399880ED110AFF
:10D07000BAF1000F18BFB8F1000F00F0BF802CEE1E
:10D08000A90A2DEEAA2A2CEEAA4A30EE020A2EEEAA
:10D09000812A2BEE893A30EE020A2DEEA92A30EED3
:10D0A00003AA34EE424A2EEE892A2BEE813A34EE60
:10D0B000420A2CEE814A2DEE892A73EE008A34EE64
:10D0C000024A2EEEA92A2BEEAA3A34EE420A2CEEA0
:10D0D000894A2DEE812A30EE43DA34EE421A2EEEE2
:10D0E000AA2A2BEEA93A32EE010A2AEE0A1A28EEF3
:10D0F000A82A70EE439A31EE021A2DEE0D2A9FED0A
:10D100009C9A31EE020A29EEA91AB7EE008A31EE96
:10D11000000A9FED981AB0EE48BAB4EE410AB0EE9C
:10D1200049CAB0EE49EAB0EE49FAF1EE10FA13DD61
:10D13000B1EEC01AB4EE411AF1EE10FA80F1068198
:10D14000B7EE000A80EE010A2AEE00BA28EE80CA85
:10D150002DEE00EA29EE80FA2BEE0B0A2CEE0C1ACB
:10D16000B0EE492A30EE010A2EEE0E1AB0EE493A20
:10D1700031EE000A2FEE0F1A31EE000A9FED7D1AF4
:10D18000B4EE410AB0EE481AF1EE10FA13DDB1EE3A
:10D19000C01AB4EE411AF1EE10FA80F1DD80B7EE5C
:10D1A000000A80EE010A2BEE001A2CEE009A2EEEF9
:10D1B000002A2FEE003A22EE020A23EE034A29EE5D
:10D1C000033A30EE040A21EE021A30EE000A33EE82
:10D1D000411A78EE400A31EE010A17F003FA9FED8A
:10D1E000661A399820EE010A9DED19BA9DED18CA0C
:10D1F0009DED16EA9DED15FA80ED120A002E4FF016
:10D20000000018BFB9F1000F3FF4CAA99DED144A00
:10D210009DED135A24EE0B0A25EE0C1A9DED126AB1
:10D2200030EE010A26EE0E1A25EE0B2A30EE010A28
:10D2300024EE0C1A2FEE8F3A31EE421A26EE0F2A08
:10D2400030EE038A31EE420A24EE0E1A25EE0F2A42
:10D250002FEE8E3A31EE021A26EE0B2A33EE009AAA
:10D2600031EE420A24EE0F1A25EE0E2A2FEE8C3AEA
:10D2700031EE421A26EE0C2A30EE43AA32EE010AB3
:10D2800028EE081A29EE092A2FEE8B3A31EE021AFF
:10D290002AEE0A2A30EE43BA31EE020A2BEE0B1ABE
:10D2A00031EE000A9FED331AB4EE410AF1EE10FAA6
:10D2B00016DDB1EEC01AB4EE411AF1EE10FA51D6F5
:10D2C000B7EE000A80EE013A28EE032A29EE030A9F
:10D2D0002AEE031A2BEE033A0AE000BF000000001A
:10D2E0009FED230AB7EE002AB0EE401AB0EE403AA6
:10D2F000399880ED132A80ED140A80ED151A80ED1F
:10D30000163A00201EB0BDEC108B01B0BDE8F08FC6
:10D31000CCBC8C2B07201EB0BDEC108B01B0BDE83F
:10D32000F08F00BFB0EE478A17F0B2FAB0EE487A3D
:10D33000B0EE401A0DE600BFB0EE47AA17F0A8FA0B
:10D34000B0EE4A7AB0EE401A34E600BF17F0A0FA09
:10D35000B0EE401AF4E600BF17F09AFAB0EE401AA9
:10D360001DE700BF17F094FAB0EE401AA8E700BF1F
:10D3700000000000CCBC8C2BE02E6542E02E65C284
:10D380002DE9F04F81B02DED108B84B0DDF8BC801D
:10D390000746B8F1000F4FF0000000F0B480DDF850
:10D3A00078B01546ABF101029946D3B20F2B00F2CB
:10D3B000AA8021FA02F0C0074FF0000000F0A3801D
:10D3C0001F9C661EF3B20F2B00F29D8021FA06F01F
:10D3D000C00700F09780DFED4F8A002FF7EE009A2C
:10D3E00000F09C8007EB0214B7EE009A9FED4AEA2A
:10D3F00094ED000A94ED011A20EE000A21EE011AC4
:10D4000094ED022A30EE010A22EE021A94ED032A6C
:10D4100030EE010A22EE021A9FED3E8A30EE010A3A
:10D42000B0EE48AAB4EE4E0AB0EE49BAB0EE48CA21
:10D43000B0EE48DAF1EE10FA23DDB1EEC01A04F1D5
:10D44000040804F1080A04F10C00B4EE411AF1EEEC
:10D4500010FA80F1CF86B7EE000A80EE010A94ED53
:10D46000001A98ED002ADDF8BC8021EE00BA20EE0B
:10D4700002AA9AED001A90ED002A20EE01CA20EED1
:10D4800002DA07EB061494ED000A94ED011A20EE7F
:10D49000000A21EE011A94ED022A30EE010A22EE72
:10D4A000021A94ED032A30EE010A22EE021A30EE3F
:10D4B000010AB4EE4E0AF1EE10FA41DDB1EEC01AE7
:10D4C000C246261D04F1080704F10C08B4EE411A07
:10D4D000F1EE10FA80F19686B7EE000A80EE010AAE
:10D4E00094ED001A96ED002A21EE009A20EE028AB1
:10D4F00097ED001A98ED002A20EE01EA20EE02FADC
:10D50000D04621E0002004B0BDEC108B01B0BDE896
:10D51000F08F00BF00000000CCBC8C2BB0EE69BACD
:10D52000B0EE68AAB0EE68CAB0EE68DAB0EE688A0B
:10D53000B0EE699AB0EE68EAB0EE68FA05E000BFB6
:10D54000B0EE48EAB0EE48FA1F9CB0EE4B0AF0EE9F
:10D550004A0AB0EE4C1AF0EE4D1ADDF890A0279F63
:10D56000284649465A46FEF74BFEB0EE40AAB0EEBA
:10D5700060BAB0EE41CAB0EE61DAB0EE490AF0EE40
:10D58000480AB0EE4E1AF0EE4F1A28464946224697
:10D59000FEF736FE2AEE002A2BEE203A2BEE004A4A
:10D5A00032EE032A2CEE013A2DEE215A33EE022AF6
:10D5B0002AEE203A35EE028A33EE443A2CEE214A26
:10D5C0002DEE015A33EE442A2AEE013A2BEE214A7F
:10D5D00035EE029A33EE043A2CEE004A2BEE011A95
:10D5E00033EE442A2AEE213A2DEE204A33EE411A38
:10D5F0002CEE203A32EE44AA33EE011A28EE082A25
:10D6000029EE093A2DEE000A32EE032A2AEE0A3AF2
:10D6100031EE40BA33EE020A2BEE0B1A5FED422ACE
:10D6200031EE000AB0EE68DAB4EE620AB0EE68EAF3
:10D63000F1EE10FA13DDB1EEC01AB4EE411AF1EEBC
:10D6400010FA80F1CB85B7EE000A80EE010A68EE91
:10D65000009A69EE008A2AEE00DA2BEE00EA0FEE5D
:10D6600010AAC7F3072438062AD029EEA90A28EE03
:10D67000A81AB7EE00BA30EE010A2DEE0D1A31EEFF
:10D68000000A2EEE0E1A31EE000AB4EE620AF1EE36
:10D6900010FA40F31981B1EEC01AB4EE411AF1EE5E
:10D6A00010FA80F1B585B7EE000A80EE012A29EE66
:10D6B000820A28EE821A2DEE023A2EEE022A0BE1A1
:10D6C00020AA07CA0BEE901A0AEE900A2BEEAB1AAC
:10D6D0002AEEAA0A0CEE102A30EE010A2CEE0C1AE1
:10D6E0001FED74BA31EE008AF0EE4BCAB4EE628AD6
:10D6F000F0EE4BDAF0EE4BEAF1EE10FA11DDB1EE9E
:10D70000C80AB4EE400AF1EE10FA80F18785B7EE50
:10D71000001A81EE000A60EE2AEA60EE2BDA60EE73
:10D720000CCA2EEEAE0A2DEEAD1AB0EE4B9A31EECB
:10D73000000A2CEEAC1A31EE000AB4EE620AF1EEE9
:10D7400010FA40F3B18129EEA90A28EEA81A1FEDBC
:10D750008FAA30EE010A2DEE0D1AB7EE009A31EEC7
:10D76000000A2EEE0E1AF0EE49FA31EE000AB0EE83
:10D770004A1AB4EE620AB0EE4A2AB0EE4A3AF1EE24
:10D7800010FA13DDB1EEC01AB4EE411AF1EE10FA40
:10D7900080F16A85B7EE000A80EE010A69EE80FA30
:10D7A00028EE801A2DEE002A2EEE003A2EEE810A87
:10D7B0002DEE821A8DED01CACDED03AA30EE010ADD
:10D7C0002CEE831AB0EE4FCA31EE000A2FEEAF1ADC
:10D7D0002EEE80FA6DEE80AA2FEE0F2ACDED02BA62
:10D7E00031EE021A2AEEAA2A6CEE80BA32EE010A53
:10D7F0002BEEAB1AB0EE4A2A31EE000AB0EE4A1A0E
:10D80000B4EE620AF1EE10FA13DDB1EEC01AB4EE16
:10D81000411AF1EE10FA80F13585B7EE000A80EE7C
:10D82000010A2FEE809A2FEE00AA2AEE801A2BEE24
:10D83000802A2EEE8A0A2DEE811AF0EE490A30EE89
:10D84000010A2CEE821AF0EE62AA31EE000A16F0FE
:10D85000C9FE30EE000A9FED861A20EE019A9FED78
:10D86000850AB4EE409AF1EE10FA40F30B819FED79
:10D87000821AB0EE4CFAF0EE6A2ADDED03AADDED75
:10D8800002BA9DED01CA39EE019AB4EE409AF1EE6A
:10D8900010FA40F3018139EE019AB4EE409AF1EEAC
:10D8A00010FA40F3F98039EE019AB4EE409AF1EEA5
:10D8B00010FA40F3F18039EE019AB4EE409AF1EE9D
:10D8C00010FAE0DCE8E000BF1FEDEE1AB0EE4B0A04
:10D8D000B0EE413AB0EE412A21EE024A20EE036A50
:10D8E00021EE015A36EE044A23EE022A34EE044AAF
:10D8F00023EE033A20EE011ABFEE000AB4EE404ACE
:10D9000035EE033AF1EE10FA08DBB7EE000AB4EE9A
:10D91000404AF1EE10FAD8BFB0EE440A32EE41AA06
:10D9200033EE03EA16F0C8FD9FED51DA9FED518A00
:10D9300020EE0D9AB4EE489AF1EE10FA1EDD9FED3E
:10D940004E0A00BF39EE009AB4EE489AF1EE10FA92
:10D9500014DD39EE009AB4EE489AF1EE10FA0DDDBE
:10D9600039EE009AB4EE489AF1EE10FA06DD39EE7F
:10D97000009AB4EE489AF1EE10FAE3DC9FED3FCA4C
:10D980003AEE0A0AB4EE4C9A7BEE4E0AF1EE10FA29
:10D990004EDD16F027FE20EE0DBAB4EE48BAF1EED9
:10D9A00010FA1DDD9FED340A3BEE00BAB4EE48BA22
:10D9B000F1EE10FA14DD3BEE00BAB4EE48BAF1EE27
:10D9C00010FA0DDD3BEE00BAB4EE48BAF1EE10FAF3
:10D9D00006DD3BEE00BAB4EE48BAF1EE10FAE3DC35
:10D9E000B4EE4CBAF1EE10FA00F35D829FED240A1A
:10D9F0003BEE00BAB4EE4CBAF1EE10FA00F35382EB
:10DA00003BEE00BAB4EE4CBAF1EE10FA00F34B82E2
:10DA10003BEE00BAB4EE4CBAF1EE10FA00F34382DA
:10DA20003BEE00BAB4EE4CBAF1EE10FAE0DD3AE2A9
:10DA30009FED131A39EE019AB4EE4C9AF1EE10FAFA
:10DA4000A7DC39EE019AB4EE4C9AF1EE10FAA0DCA4
:10DA500039EE019AB4EE4C9AF1EE10FA99DC39EEF7
:10DA6000019AB4EE4C9AF1EE10FAE3DD91E700BFB3
:10DA7000E02E6542000034430000B4C3000034C30C
:10DA80000000B443B0EE4CFAF0EE6A2ADDED03AAD2
:10DA9000DDED02BA9DED01CA1FED080AB4EE409A11
:10DAA000F1EE10FA40F39C81002C00F0FC8128AAD2
:10DAB00007CA9FEDCABAB4EE628A0AEE100A0FEEE8
:10DAC000901A0CEE902AF0EE4B1AF0EE4BDAF0EED4
:10DAD0004BEAF1EE10FA11DDB1EEC80AB4EE400ADD
:10DAE000F1EE10FA80F1A883B7EE001A81EE000A79
:10DAF00060EE2AEA60EE2BDA60EE0C1A2AEE0A0AD1
:10DB00002FEEAF1AB0EE4BCA30EE010A2CEEAC1A73
:10DB1000F0EE4BAA31EE000AF0EE4BBAB4EE620A18
:10DB2000F1EE10FA11DDB1EEC01AB4EE411AF1EEC9
:10DB300010FA80F18B83B7EE000A80EE010A60EEE6
:10DB40000ABA60EE2FAA20EE2CCA2EEEAE0A2DEEF7
:10DB5000AD1A31EE000A21EEA11A31EE000AB4EE40
:10DB6000620AF1EE10FA40F39E812BEEAB0A2AEE28
:10DB7000AA1A31EE000A2CEE0C1A31EE000AB4EEAD
:10DB8000620AF1EE10FA40F38E8129EEA90A28EE1E
:10DB9000A81A9FED92BA30EE010A2DEE0D1AF7EE9B
:10DBA000000A31EE000A2EEE0E1AF0EE4FCA31EEE8
:10DBB000000AB0EE608AB4EE620AB0EE4BFAB0EE44
:10DBC0004BAAF0EE4BFAF1EE10FA13DDB1EEC01AEB
:10DBD000B4EE411AF1EE10FA80F15E83B7EE000A5E
:10DBE00080EE010A29EE808A28EE80FA2DEE00AA46
:10DBF0006EEE00FA2EEE8F0A2DEE8A1AB0EE4B3A38
:10DC000030EE010A21EEAF1AB0EE4B4A31EE000AB7
:10DC100028EE081A2EEE80DA2DEE80EA2DEE0D2A7F
:10DC200061EE808A31EE021A2EEE0E2A32EE010AE1
:10DC300028EEA81AB0EE4B2A31EE000AB0EE601AB8
:10DC4000B4EE620AF1EE10FA13DDB1EEC01AB4EED2
:10DC5000411AF1EE10FA80F13183B7EE000A80EE3E
:10DC6000010A28EE001A2DEE002A2EEE003A28EEC8
:10DC7000804A28EE010A2FEE025A28EE026A30EEA0
:10DC8000050A2AEE035A2FEE847A30EE050A2FEEAB
:10DC9000015A30EE07EA35EE465A2AEE046A2FEEB4
:10DCA000837A35EE460A2FEE045A28EE036A23EEF5
:10DCB0004F3A35EE465A2AEE016A28EE044A77EECC
:10DCC000008A36EE050A2FEE825A33EE443A2AEEE7
:10DCD000022A30EE45FA32EE030A2EEE0E2A28EE24
:10DCE000A83A2FEE811A32EE032A2FEE0F3A71EE88
:10DCF000009A32EE030A29EEA91AB0EE4B8A31EEF1
:10DD0000000AB0EE4BAAB4EE620AB0EE4BDAF1EEC6
:10DD100010FA13DDB1EEC01AB4EE411AF1EE10FAAA
:10DD200080F1E082B7EE000A80EE010A6EEE000A92
:10DD300028EE808A2FEE00AA29EE80DA2EEEAB0ABA
:10DD40002DEEAA1AB0EE4B3A31EE000A21EE8C1AF3
:10DD500031EE000A2EEE801A2DEE802A21EE800A86
:10DD60003BEEC1EA3AEEC2FA2EEE0E1A2FEE0F2A61
:10DD70007CEE408A31EE020A28EEA81AB0EE4B2A59
:10DD800031EE000AB0EE4B1AB4EE620AF1EE10FA70
:10DD900011DDB1EEC01AB4EE411AF1EE10FA80F1C5
:10DDA000AF82B7EE000A80EE010A2EEE003A2FEEA7
:10DDB000002A28EE801A23EE030A22EE024A34EEED
:10DDC000000A21EE014A34EE000AB4EE620AF1EED6
:10DDD00010FA27DCB0EE6CFA65E000BF000000002E
:10DDE0001FEDD91A39EE019AB4EE409AF1EE10FA0D
:10DDF0003FF75AAE39EE019AB4EE409AF1EE10FABE
:10DE00003FF752AE39EE019AB4EE409AF1EE10FAB5
:10DE10003FF74AAE39EE019AB4EE409AF1EE10FAAD
:10DE2000E0DD41E628EE030A2AEE022A2DEE011A71
:10DE300032EE000A31EE000A16F0D4FB30EE000A92
:10DE40001FEDF51AB0EE6CFA20EE01BA1FEDF70ADD
:10DE5000B4EE40BAF1EE10FA1DDD9FEDE51A3BEE8F
:10DE600001BAB4EE40BAF1EE10FA14DD3BEE01BA9D
:10DE7000B4EE40BAF1EE10FA0DDD3BEE01BAB4EEAD
:10DE800040BAF1EE10FA06DD3BEE01BAB4EE40BA4C
:10DE9000F1EE10FAE3DC9FEDE60AB4EE40BAF1EEE3
:10DEA00010FA40F3798139EE4F2A9FEDE20A239868
:10DEB000B4EE402AF1EE10FA1EDD9FEDCD1A00BF40
:10DEC00032EE012AB4EE402AF1EE10FA14DD32EE01
:10DED000012AB4EE402AF1EE10FA0DDD32EE012AED
:10DEE000B4EE402AF1EE10FA06DD32EE012AB4EE6D
:10DEF000402AF1EE10FAE3DC9FEDCD1A03EE100A92
:10DF0000B4EE412AF1EE10FA40F3B08022EE033A6B
:10DF10002598B4EE403AF1EE10FA1DDD9FEDB42ADB
:10DF200033EE023AB4EE403AF1EE10FA14DD33EE7D
:10DF3000023AB4EE403AF1EE10FA0DDD33EE023A59
:10DF4000B4EE403AF1EE10FA06DD33EE023AB4EEEA
:10DF5000403AF1EE10FAE3DCB4EE413A02EE100A78
:10DF6000F1EE10FA40F3A480B4EE423AF1EE10FA6A
:10DF700009DB269802EE100AB4EE423AF1EE10FAEE
:10DF8000D8BFB0EE432A002C00F0B4802C9803EEEA
:10DF9000100A2B983BEE433AB4EE403AF1EE10FAF9
:10DFA0001EDD9FEDDF4A00BF33EE043AB4EE403A87
:10DFB000F1EE10FA14DD33EE043AB4EE403AF1EE2D
:10DFC00010FA0DDD33EE043AB4EE403AF1EE10FAF9
:10DFD00006DD33EE043AB4EE403AF1EE10FAE3DC3B
:10DFE000B4EE413A04EE100AF1EE10FA40F39080DC
:10DFF00023EE043A2D98B4EE403AF1EE10FA1DDD0E
:10E000009FEDC74A33EE043AB4EE403AF1EE10FA0F
:10E0100014DD33EE043AB4EE403AF1EE10FA0DDDC1
:10E0200033EE043AB4EE403AF1EE10FA06DD33EE88
:10E03000043AB4EE403AF1EE10FAE3DCB4EE413AC1
:10E0400000EE100AF1EE10FA40F38480B4EE403A8C
:10E05000F1EE10FA50DB2E9800EE100AB4EE403AC2
:10E06000F1EE10FAD8BFB0EE430A45E09FEDAD4A9D
:10E0700032EE042AB4EE412AF1EE10FA3FF746AF31
:10E0800032EE042AB4EE412AF1EE10FA3FF73EAF29
:10E0900032EE042AB4EE412AF1EE10FA3FF736AF21
:10E0A00032EE042AB4EE412AF1EE10FAE0DD2DE75B
:10E0B0009FED9C4A33EE043AB4EE413AF1EE10FA89
:10E0C0003FF752AF33EE043AB4EE413AF1EE10FAB4
:10E0D0003FF74AAF33EE043AB4EE413AF1EE10FAAC
:10E0E0003FF742AF33EE043AB4EE413AF1EE10FAA4
:10E0F000E0DD39E79FED890A012088ED002A88EDEF
:10E10000010A04B0BDEC108B01B0BDE8F08F00BF78
:10E110009FED845A33EE053AB4EE413AF1EE10FA2F
:10E120003FF766AF33EE053AB4EE413AF1EE10FA3E
:10E130003FF75EAF33EE053AB4EE413AF1EE10FA36
:10E140003FF756AF33EE053AB4EE413AF1EE10FA2E
:10E15000E0DD4DE79FED734A33EE043AB4EE413A09
:10E16000F1EE10FA3FF772AF33EE043AB4EE413AF3
:10E17000F1EE10FA3FF76AAF33EE043AB4EE413AEB
:10E18000F1EE10FA3FF762AF33EE043AB4EE413AE3
:10E19000F1EE10FAE0DD59E79FED621A3BEE01BAAD
:10E1A000B4EE40BAF1EE10FA3FF77DAE3BEE01BAA5
:10E1B000B4EE40BAF1EE10FA3FF775AE3BEE01BA9D
:10E1C000B4EE40BAF1EE10FA3FF76DAE3BEE01BA95
:10E1D000B4EE40BAF1EE10FAE0DD64E6B0EE62CAE9
:10E1E00016F056FBF0EE4C2AB0EE401AFFF72BBAB1
:10E1F0000000B4C3039016F04BFB0398B0EE401A36
:10E20000FFF729B916F044FBB0EE401AFFF764B9E6
:10E2100016F03EFBB0EE401AFFF745BAB0EE480AE2
:10E22000B0EE629A16F034FBF0EE492AFFF76FBAAF
:10E23000000034C300003443B0EE480AB0EE628AF6
:10E2400016F026FBF0EE482A4EE400BFB0EE628ADC
:10E25000B0EE61CA16F01CFBF0EE4C1AF0EE482A44
:10E26000B0EE401A67E400BFF0EE4CFAB0EE62CABE
:10E2700016F00EFBF0EE4C2AB0EE6FCAB0EE401A6C
:10E28000FFF788BAB0EE629A16F002FBF0EE492A68
:10E29000B0EE401AFFF7C1BAB0EE628AB0EE61AAE2
:10E2A000B0EE60FA16F0F4FAF0EE4F0AF0EE4A1A09
:10E2B000F0EE482AB0EE401A90E400BF8DED03CA9C
:10E2C000B0EE62CAF0EE619A16F0E2FAF0EE691A68
:10E2D000F0EE4C2A9DED03CAB0EE401AF7EE000AAC
:10E2E000BBE400BFB0EE628AB0EE61AA16F0D0FACD
:10E2F000F0EE4A1AF0EE482AB0EE401A12E500BFDE
:10E30000B0EE62CAF0EE609A16F0C2FAF0EE690A58
:10E31000F0EE4C2AB0EE401A43E500BF00000000CA
:10E320000000B4C30000B443FEE7000070B504462B
:10E33000006815468369DA0602D4002100226AE0EB
:10E340000E461021C1618169890660D4711C54D0C8
:10E3500046BBF6F74DFF2068426894F84230816969
:10E36000202B0DD012F480420AD111F4004107D0C5
:10E37000416841F480414160F6F73AFF054600BF2D
:10E3800020688169890605D4F6F732FF401B1928F9
:10E39000F6D92AE081698906DBD538E020688169F1
:10E3A000890634D4F6F724FF401BB042F6D9206822
:10E3B000426894F842308169202B0DD012F48042DB
:10E3C0000AD111F4004107D0416841F48041416015
:10E3D000F6F70EFF054600BF206880698006DDD491
:10E3E000F6F706FF401B1A28F6D320680122816940
:10E3F000242110E08169890609D48169890606D43F
:10E40000816989065CBF81695FEA8161F2D520215B
:10E41000C161012204218369DE0505D54FF48072B4
:10E4200041F00101C26101225E0507D49B050CD4B5
:10E43000002A04BF002070BD0CE000BF41F00801BD
:10E440004FF480629B05C26104D541F002014FF494
:10E450000072C2618269920744BF002282628269AF
:10E46000D20703D1826942F00102826142684EF60E
:10E470000003CFF600631A404260606C084360649A
:10E48000202084F84100002084F8420084F84000F5
:10E49000012070BD2DE9F041044600688069084004
:10E4A000401AB0FA80F04009904271D1DDF818802E
:10E4B00015460E461F46581C30D0002F42D100BFD3
:10E4C000204600214246FFF731FF00281CBF0120F3
:10E4D000BDE8F081F6F78CFE206881693140891B28
:10E4E000B1FA81F14909A94242D080693040801BCC
:10E4F000B0FA80F04009A8421CBF0020BDE8F081BE
:10E50000DEE700BF206880693040801BB0FA80F0F1
:10E510004009A8421CBF0020BDE8F08120464FF012
:10E52000FF314246FFF702FF0028EBD00120BDE893
:10E53000F08100BF80693040801BB0FA80F0400954
:10E54000A84225D1204639464246FFF7EFFE002873
:10E55000ECD1F6F74DFEA0EB08012068B942E9D9ED
:10E5600081693140891BB1FA81F14909A942E1D1A0
:10E57000606C40F020006064202084F8410000209E
:10E5800084F8420084F840000120BDE8F08100BF1B
:10E590000020BDE8F081000070B504460068806985
:10E5A000800637D415460E4619B92AE080698006E0
:10E5B00030D4204631462A46FFF7B8FE40BBF6F776
:10E5C00017FE411B2068B142F0D981698906EDD45C
:10E5D000606C40F020006064202084F8410000203E
:10E5E00084F8420084F84000012070BDF6F700FE78
:10E5F000206881698906EBD58069800644BF0020C8
:10E6000070BD204600212A46FFF790FE0028EDD07D
:10E61000012070BD002070BD70B50446006880699F
:10E6200080074DD415460E46481C1DD04EBB00BF7A
:10E63000204600212A46FFF779FE00281CBF012052
:10E6400070BDF6F7D5FD20688169890729D58069F5
:10E65000800744BF002070BDEAE700BF20688069E2
:10E66000800744BF002070BD20464FF0FF312A468E
:10E67000FFF75CFE0028F1D0012070BD80698007A3
:10E680001ED4204631462A46FFF750FE0028F3D11B
:10E69000F6F7AEFD411B2068B142EFD981698907C9
:10E6A000ECD4606C40F020006064202084F84100CD
:10E6B000002084F8420084F84000012070BD00BFB3
:10E6C000002070BD10B584B041F2B4448446C2F25B
:10E6D0000004012818BF002441F26040C2F200008B
:10E6E000BCF1000F18BF20464FF0040C20B3DDF83A
:10E6F00018E0BEF1000F1FD0079CECB1012B03D036
:10E70000022B17D1022300E00123DDF820C04900CD
:10E71000CDE900E4CDF808C0F6F710FE03280FD8C5
:10E7200040F20011C000C0F2072121FA00F0C0B28F
:10E7300004B010BD4FF0040C604604B010BD00BF23
:10E740004FF0010C604604B010BD000010B584B05D
:10E7500041F2B4448446C2F20004012818BF0024E8
:10E7600041F26040C2F20000BCF1000F18BF204629
:10E770004FF0040C20B3DDF818E0BEF1000F1FD0FD
:10E78000079CECB1012B03D0022B17D1022300E030
:10E790000123DDF820C04900CDE900E4CDF808C030
:10E7A000F6F7EEFE03280FD840F20011C000C0F2C9
:10E7B000072121FA00F0C0B204B010BD4FF0040CE4
:10E7C000604604B010BD00BF4FF0010C604604B0BD
:10E7D00010BD0000A4B043F6A82841F2983040F6DE
:10E7E0007564C2F2000844F6A475C2F20000C0F6D7
:10E7F0000104C0F60205C8E9010401264046C8F834
:10E80000005088F8B86501F0A7FA47F2581BC2F229
:10E81000000B20B9DBF814000130CBF8140041F2F2
:10E82000FC3105F1080208F5B860C2F20001C8F831
:10E83000C025C8F8C415C8F8C84588F8786B029098
:10E8400001F08AFA20B9DBF814000130CBF814008B
:10E85000F6F7CEFC0446F6F7CBFC001B80084A28EE
:10E860000FD840F23525C2F2000500BF287840B12C
:10E870000A2012F0BBF8F6F7BBFC001BB0F5967F40
:10E88000F4D340F6784A4AF200474046C4F2024ABE
:10E89000C4F2000701F080FE029801F07DFE02F054
:10E8A00033FA08A80530079040F2503400200025C4
:10E8B0000726C2F20004049025E000BF207800285B
:10E8C00001F0E6810120A0704FF000090020A4F8BB
:10E8D000069008F083FC012041F20101012200238F
:10E8E000CDF8009008F0CEFA022041F20101012299
:10E8F0000023002604960726CDF8009008F0C2FAFF
:10E900000A2012F073F84FF0000940F23520C2F2ED
:10E910000000007858B9D1E740F23520C2F200007B
:10E92000007840F250340028C2F20004C6D0A0782B
:10E93000012840F0D1812570F6F75AFC0446F6F71D
:10E9400057FC001BC7280ED840F23520C2F2000049
:10E9500000780028E0D00A2012F048F8F6F748FCCA
:10E96000001BC828F0D3D8F80440F4B12068B8429E
:10E9700000F0BC8098F8B90558B120460121F5F7A0
:10E98000E5FD2046F6F752FA00281CBF0620CBF81A
:10E99000180098F8B80530B12046F5F777FD002843
:10E9A00018BFCBF81860A8F8B855D8F8C445F4B12A
:10E9B0002068B84200F0A68098F8790B58B120463C
:10E9C0000121F5F7C3FD2046F6F730FA00281CBFF9
:10E9D0000620CBF8180098F8780B30B12046F5F7F0
:10E9E00055FD002818BFCBF81860A8F8785BDAF856
:10E9F000000040F40070CAF8000000BFDAF8000020
:10EA000020F40070CAF80000D8F8044044B1204651
:10EA1000F5F7CEFF002800F081802046F5F736FD9F
:10EA2000DBF814000130CBF81400D8F80440F4B13E
:10EA30002068B84200F0128198F8B90558B1204614
:10EA40000121F5F783FD2046F6F7F0F900281CBFF9
:10EA50000620CBF8180098F8B80530B12046F5F735
:10EA600015FD002818BFCBF81860A8F8B855D8F8DD
:10EA7000C445F4B12068B84200F0FC8098F8790BE6
:10EA800058B120460121F5F761FD2046F6F7CEF991
:10EA900000281CBF0620CBF8180098F8780B30B17E
:10EAA0002046F5F7F3FC002818BFCBF81860A8F84B
:10EAB000785BF6F79DFB0446F6F79AFB001B80088F
:10EAC0007C283FF629AF00BF40F23520C2F200009B
:10EAD000007800283FF420AF0A2011F087FFF6F7F6
:10EAE00087FB001BB0F5FA7FEED315E72720F7F779
:10EAF00011F82720F6F7FEFF98F8B90500287FF4F3
:10EB00003CAF46E72720F7F705F82720F6F7F2FF96
:10EB100098F8790B00287FF452AF5CE7012088F861
:10EB2000B805404601F018F900283FF479AFD8F84D
:10EB3000C445002C3FF474AF2046F5F739FF002898
:10EB40007FF46BAF012088F8780B029801F004F98C
:10EB500000283FF465AF404601F0D2FA08F59A600C
:10EB6000E821F1F710FC404601F016FD029D044635
:10EB7000284601F0C5FA08F52960E821F1F703FC01
:10EB8000284601F009FD002C18BF002807D040F2EC
:10EB90003520C2F200000078002840F08F80D8F8BD
:10EBA00004400025ECB12068B8426FD098F8B90550
:10EBB00058B120460121F5F7C9FC2046F6F736F991
:10EBC00000281CBF0620CBF8180098F8B80530B113
:10EBD0002046F5F75BFC002818BFCBF81860A8F8B2
:10EBE000B855D8F8C445ECB12068B8425AD098F866
:10EBF000790B58B120460121F5F7A8FC2046F6F71D
:10EC000015F900281CBF0620CBF8180098F8780BDF
:10EC100030B12046F5F73AFC002818BFCBF8186051
:10EC2000A8F8785BF6F7E4FA0446F6F7E1FA001B79
:10EC300080087C283FF670AE40F23520C2F200001A
:10EC4000007800283FF468AE0A2011F0CFFEF6F7F6
:10EC5000CFFA001BB0F5FA7FEED35DE62720F6F77A
:10EC600059FF2720F6F746FF98F8B90500287FF4EA
:10EC7000E6AEF0E62720F6F74DFF2720F6F73AFF3D
:10EC800098F8790B00287FF4FCAE06E72720F6F70A
:10EC900041FF2720F6F72EFF98F8B90500287FF4EA
:10ECA00088AF92E72720F6F735FF2720F6F722FFF7
:10ECB00098F8790B00289DD1A8E700BF02F024F84E
:10ECC00040F250300022C2F2000000214FF0000953
:10ECD0000025827004910270012000210A2212F0A6
:10ECE000D7F908A8F1F768FD30B10899B9F1000F1C
:10ECF00003D0494540F0488349460391002104E090
:10ED000006990131022900F0FD804FF4B86001FB43
:10ED10000089069109F1040A05E000BFDBF8200034
:10ED20000130CBF82000504608A910F0B9FA0028AD
:10ED3000E6D0DBF804000130CBF80400089C24F096
:10ED40006047E00FCBF82470CBF828009DF82460D2
:10ED5000082ECBF82C60CBF83050CBF8345005D8C7
:10ED600007990BF130003246F1F7F4FA4FF60070D4
:10ED7000C0F2FF0045F200512040C0F2EF0188428E
:10ED800034D1DBF86850DBF85400082E00F10100A4
:10ED9000CBF854004FF00000CBF85870CBF85C6013
:10EDA000CBF86000CBF8640005D807990BF1600040
:10EDB0003246F1F7CFFA681E042817D80BEB85010D
:10EDC000082ED1F88800C1F8A07000F10100C1F848
:10EDD00088000BEBC5004FF0000140F8B81F416000
:10EDE00004D807993246F1F7B5FA00BFB4F1FF3FF6
:10EDF0004FF0000597DC204610F0AAF9D9F8002062
:10EE0000002A8BD0117981423FF688AF5279082AC7
:10EE10003FF684AF0A44D2B282427FF67FAF461AF1
:10EE200006EB061008A909EBC0000DF18F021030A7
:10EE300010F0AAF960B19DF88F000138C1B208291D
:10EE40000CD840B20FF6045151F8207007E000BF13
:10EE5000DBF81C000130CBF81C0064E70027F6F754
:10EE6000C7F9059008989DF8242009EB860809EB5E
:10EE7000C60420F06040082AC8F85004C8F870247E
:10EE8000C4F89054C4F8945404D8079904F59260D7
:10EE9000F1F760FA1CA8F1F78FFCD8B1D8F8D014BC
:10EEA0001C9808F5A66281421ABF00211160116802
:10EEB00008F59A621060DDE91E02C4F8F00441EA28
:10EEC0000700C8F8300509EB06000121C4F8F42456
:10EED00080F85015F807059918BFC8F85815B807F5
:10EEE00048BFC8F87815380748BFC8F89815DBF848
:10EEF000080043F6A8280130CBF80800C2F2000849
:10EF000011E700BFF6F774F9D8F80010064600299B
:10EF100044D048790524002800F0948000254FF063
:10EF2000000903E0217801358D423AD2F3F7E2FE81
:10EF3000D8F800100029F5D049790829F3D8072D11
:10EF400098BF8D42EFD2022844F6B470C0F602009A
:10EF500044F6CC72C0F6020208BF1046405D0F288E
:10EF6000E1D808EB8507D7F85825002ADBD0D7F879
:10EF70007835002BD7D0D7F89875002FD3D0B21A98
:10EF8000642A9CBFF21A642ACDD8F21B642A9EBF61
:10EF9000012202FA00F049EA0009C4E74FF0000933
:10EFA0000524D8F8C0050696002852D0407940F6CE
:10EFB000784A0028C4F2024A4FD008F65835002695
:10EFC00006E000BF217801368E4205F1040544D2E7
:10EFD000F3F790FED8F8C0150029F3D04979082935
:10EFE000F1D8072E98BF8E42EDD2022844F6BC70AD
:10EFF000C0F6020044F6D472C0F6020208BF104602
:10F00000805D0F28DFD855F8402C002ADBD055F85A
:10F01000203C002BD7D0D5F800C0BCF1000FD2D0D7
:10F02000069FBA1A642A9CBFFA1A642ACBD8A7EBA7
:10F030000C02642A9EBF012202FA00F049EA00098C
:10F04000C1E700BF4FF00009D8F8C00506960028B8
:10F05000ACD140F6784AC4F2024A40F25030C2F2D3
:10F060000000A0F80690B0F80690002448468DF8FD
:10F0700070408DF88F4008F0B1F84FF6FF70814571
:10F080003CD04FF6FF7080EA09001CA90DF18F02F9
:10F0900001F07EF990B39DF870609DF88F70F3F7E2
:10F0A00029FE02284FF4B86006FB00F144F6C47054
:10F0B00058F80110C0F6020044F6DC72C0F60202F5
:10F0C00008BF1046D1B14979082917D8072F15D89C
:10F0D000B9424FF0000512D94FF0000126B1012EC0
:10F0E0004FF000050BD1012150F8210030B1C05D77
:10F0F0000F2894BF451C002501E000BF0025B9FA88
:10F1000089F04709022041F2010101220023009702
:10F1100007F0B8FE09F1010080B20027012888BF7E
:10F120000127012041F2010101222B46059500979C
:10F1300007F0A8FE08A82C21F1F725F998F8B905E1
:10F1400070B1D8F80400002558B108A9F5F790FA75
:10F15000B0FA80F00B9C4509002C18BF012400E098
:10F16000002504EA0507202042F2010102220123C2
:10F17000009707F087FE0D9842F20201002818BFA1
:10F18000012005EA0007402002220123009707F032
:10F1900079FE08A82C21F1F7F6F898F8790B0021F0
:10F1A00070B1D8F8C405002458B108A9F5F760FA81
:10F1B000B0FA80F00B994409002918BF012100E042
:10F1C000002401EA0407802042F201010322022305
:10F1D000009707F057FE0D9842F20201002818BF71
:10F1E000012004EA00074FF48070032202230097F5
:10F1F00007F048FE6FEA0906B5B240F25034CBF88A
:10F200006C90CBF87050C2F20004207AC11E042921
:10F2100049D398F8B90588B1D8F8044074B108AF5B
:10F2200038462C21F1F7AFF820463946F5F720FA99
:10F2300020B90D9810B1002013E000BF98F8790BA9
:10F2400060B3D8F8C4454CB308AF38462C21F1F769
:10F250009AF820463946F5F70BFAF8B90D98E8B157
:10F2600001205B21CBF8181040F25034069AC2F20C
:10F27000000400216072618161736261CBF87C10CF
:10F28000DBF87C1003212172CBF87810411C04209C
:10F290000022002308F09AF804E000BF40F2503446
:10F2A000C2F20004207A062800F27A80DFE810F02B
:10F2B00008007C00C60008018801C601080200BFE2
:10F2C0004FF6FF70814500F01F82E089A84240F0B0
:10F2D0005D822069069E4AF20047301ADDF80C90E4
:10F2E000C828C4F2000746D3284608A90DF18E02AB
:10F2F00001F04EF800283ED031469DF820609DF880
:10F300008E504FF480706672A572A4F80B002046F0
:10F31000002444734161DBF874000130CBF87400C1
:10F32000F3F7E8FC02284FF4B86006FB00F144F65E
:10F33000C47058F80110C0F6020044F6DC72C0F642
:10F34000020208BF104621B14979082940F27884A9
:10F350000024CBF87C4040F25034DBF87C000121E3
:10F36000C2F200042172CBF87810227B81B2022015
:10F37000032308F02BF80025B9F1000F4FF0070622
:10F3800040F01684FFF7C1BA049848453FF4B5AC85
:10F39000484601F0B3F90899CDF81090ADE400BFEC
:10F3A00001F0B2FC05E100BF607AA27A4FF4B861C7
:10F3B00010FB0180069E072A11D800EB8207D7F8C0
:10F3C000581561B1D7F878354BB1D7F8987537B182
:10F3D000711A64299CBFF11A642940F2758361692E
:10F3E0004AF20047DDF80C90711AC4F200074FF0A2
:10F3F000000500F1D783E17A062900F297820368BD
:10F400001B799D180FF20C0202EB810601239D224D
:10F41000B74600BF00F05EBA00F00AB800F044BA88
:10F4200000F048BA00F04CBA00F04EBA00F050BA02
:10F430004FF400434FF49A724CE200BFA07A069E4C
:10F44000072816D8617A4FF4B86211FB028101EBEC
:10F450008002D2F8580560B1D2F8781549B1D2F8D7
:10F46000982532B1301A64289CBF701A642840F283
:10F470002F83A0694AF20047301ADDF80C90B0F5EE
:10F48000FA7FC4F200074FF00005C0F08B83207BA9
:10F49000022800F29D8101302073E5726573666178
:10F4A000DBF8741001220131CBF87410DBF87C100A
:10F4B0002272CBF87820C2B289B202202AE200BFC1
:10F4C000606906994AF20047DDF80C90081AC4F208
:10F4D00000074FF0000500F16583607ADBF88010CB
:10F4E0004FF4B86210FB0285481CCBF880002E4612
:10F4F00056F8044FBCB320684AF20041C4F2000140
:10F50000884200F07B8195F8B905072758B120465D
:10F510000121F5F71BF82046F5F788FC00281CBFF1
:10F520000620CBF8180095F8B80530B12046F4F75E
:10F53000ADFF002818BFCBF8187005F2B95905F5D2
:10F54000B7670020387089F800002046F5F730FAD8
:10F55000002800F061812046F4F798FFDBF81400E2
:10F560000130CBF814005C2040F25034CBF8180086
:10F57000C2F20004607A0322431C002808BF022262
:10F580004FF4806042F203010127009707F07AFCF4
:10F590005D20CBF81800069800216061DBF87C0044
:10F5A00006202072CBF8780007200022002307F005
:10F5B0000DFF4AF20047C4F20007002550E200BFE9
:10F5C0006069069E4AF20047DDF80C90301AC4F2DA
:10F5D00000074FF0000500F1E582607A4FF4B86152
:10F5E00000FB01F1A27A58F8013099798A4280F043
:10F5F000E580E17A062900F2BB821B794FF4B866F8
:10F600009D180FF2100210FB068002EB8106012309
:10F610009D22B74600F07ABA00F00AB800F060BA4E
:10F6200000F064BA00F068BA00F06ABA00F06CBA90
:10F630004FF400434FF49A7268E200BF607A0128E9
:10F6400000F2F1814FF4B86100FB01F158F80110AC
:10F65000002900F0E8818979002900F0E4814FF465
:10F66000B86110FB0184002800F0AC81012840F053
:10F67000D1810026002504E088790136864280F099
:10F68000D381F3F737FB21680029F5D04A79082A9E
:10F69000F2D8072E98BF9642EED2022844F6BC70EC
:10F6A000C0F6020044F6D472C0F6020208BF10464B
:10F6B000805D0F289EBF012202FA00F00543DBE7C0
:10F6C0004FF6FF7081454FD06069069E4AF20047B1
:10F6D000DDF80C90301AC4F200074FF0000500F17D
:10F6E000618208F073FD20B1DBF884000130CBF8B3
:10F6F000840006F5FA706061B9F1000F4FF007065B
:10F7000040F05682FFF701B920460024C48104610D
:10F71000DBF818005A2805D3DBF818005D2898BFDD
:10F72000CBF818404FF4007041F20201012200238F
:10F73000009407F0A7FB4FF4806042F2030100221F
:10F740000023009407F09EFB0020002100220023EC
:10F7500007F03CFE4AF2004740F25034C4F2000782
:10F76000C2F200041FE000BFDBF87C00002581B27C
:10F770000020002200232572CBF87850CBF87C5073
:10F7800007F024FEE581CBF8185065E1069805994D
:10F790002061012000220023E68107F017FE4AF2D3
:10F7A0000047C4F20007DDF80C900025B9F1000F06
:10F7B0004FF0070640F0FC81FFF7A7B8A661DBF821
:10F7C0007C1005212172CBF87810411C0620E4E161
:10F7D0005A20CBF81800DBF87C0041F2020183B21A
:10F7E0004FF4007001220126009607F04BFB0699AA
:10F7F000607A658165736161A9E000BF2720F6F733
:10F8000089F92720F6F776F995F8B9050727002832
:10F810007FF47DAE87E600BF01203870284600F0F7
:10F820009BFA002800F09E802F68002F3FF49BAECB
:10F8300005F58A604FF4B471F0F7A5FD78794FF2C1
:10F840004939C0F6010998B105F1040805F110061F
:10F85000002400BF387949462044C3B230464246AE
:10F860000FF07EFC2F680134787988368442F1D31A
:10F8700040F2503406980025C2F200046581657399
:10F880006061DBF87C0004202072CBF87800607A9D
:10F890000022411C0520002307F098FD43F6A8280C
:10F8A000C2F20008D8E000BF4FF4004340F2371224
:10F8B00010E000BF4FF400434FF4A3720AE000BF12
:10F8C000002340F23D1205E0002340F2411201E026
:10F8D000002200230131CBF86810E9B201F0A8F949
:10F8E0000025CBF86850069E00B3E07A65730130BE
:10F8F000C1B2E07206F1320007296061C0F05281A6
:10F90000A661DBF87C0002212172CBF87810227B03
:10F9100081B20320032307F059FDB9F1000F4FF026
:10F92000070640F04581FEF7F0BF00BF607B013065
:10F93000C1B2607306F1320003296061C0F0328108
:10F940005B20CBF81800607A658165736661CBF83F
:10F950007C50DBF87C1003212172CBF87810411C1D
:10F9600004201AE1DBF814000130CBF814003468ED
:10F97000002C3FF4F8AD20684AF20041C4F20001C7
:10F98000884200F0798199F8000058B120460121A1
:10F99000F4F7DCFD2046F5F749FA00281CBF0620E5
:10F9A000CBF818003878002538B12046F4F76EFD02
:10F9B00000281CBF0720CBF818003D7089F80050C4
:10F9C000D1E500BF0026002504E000BF887901369C
:10F9D000864229D2F3F78EF921680029F6D04A79B8
:10F9E000082AF3D8072E98BF9642EFD2022844F691
:10F9F000B470C0F6020044F6CC72C0F6020208BF32
:10FA00001046805D0F289EBF012202FA00F00543D8
:10FA1000DCE700BF002500BFF3F76CF92068013573
:10FA200080798542F8D30025A8B205EA0901814210
:10FA300020D1DBF87C0040F250340025C2F20004F3
:10FA400081B20020002200232572CBF87850CBF839
:10FA50007C5007F0BBFCE5814AF20047C4F2000786
:10FA6000DDF80C90B9F1000F4FF0070640F0A080D0
:10FA7000FEF74BBF40F25034C2F20004A069069E6C
:10FA80004AF20047301ADDF80C90B0F5FA7FC4F264
:10FA900000074FF00005C0F085805C20CBF818000F
:10FAA000607A0322431C002808BF02224FF48060C2
:10FAB00042F204010126009607F0E4F95D20CBF83C
:10FAC00018000698606160E0F11B642904D986E49F
:10FAD000B01A64283FF6CDACDBF87C000025AFE718
:10FAE0004FF4004340F2371210E000BF4FF40043E0
:10FAF0004FF4A3720AE000BF002340F23D1205E07C
:10FB0000002340F2411201E0002200230131CBF832
:10FB10006810E9B201F08CF80025CBF86850069E19
:10FB200030B3E07A65730130C1B20729E07203D3C4
:10FB3000A07AE5720130A07206F132006061B9F17D
:10FB4000000F4FF0070633D1FEF7DFBE01000000C3
:10FB50000200000004000000080000001000000087
:10FB600020000000400000008000000000010000B4
:10FB7000607B0130C1B2607306F13200032960611D
:10FB800010D35D20CBF818006661DBF87C000620FE
:10FB90002072CBF87800072000210022002307F014
:10FBA00015FC00BFB9F1000F4FF007063EF4ADAEF3
:10FBB000049848453EF4A9AED8F800004079C8B191
:10FBC000002100BF08EB010292F85025002A3EF404
:10FBD0009CAE08EB8102D2F8D0344B457EF495AE52
:10FBE000D2F8302502F00B020B2A7EF48EAE0131E2
:10FBF0008842E7D1D8F8C0054079C8B1002100BFDC
:10FC000008EB010292F8102B002A3EF47EAE08EBBE
:10FC10008102D2F8903A4B457EF477AED2F8F02AC2
:10FC200002F00B020B2A7EF470AE01318842E7D15C
:10FC3000484600F063FDCDF81090FEF766BE00BFA9
:10FC4000072D4FF000043FF684ABA9427FF681AB4D
:10FC50004FF000041EB1012E7FF47BAB012450F85D
:10FC6000240000283FF474AB405D0F2894BF441C6F
:10FC70000024FFF76EBB00BF2720F5F74BFF2720BE
:10FC8000F5F738FF99F8000000287FF47FAE89E689
:10FC9000D8F80440ECB12068B84245D098F8B905CE
:10FCA00058B120460121F4F751FC2046F5F7BEF883
:10FCB00000281CBF0620CBF8180098F8B80530B112
:10FCC0002046F4F7E3FB002818BFCBF81860A8F82B
:10FCD000B855D8F8C445ECB12068B84230D098F88F
:10FCE000790B58B120460121F4F730FC2046F5F796
:10FCF0009DF800281CBF0620CBF8180098F8780B58
:10FD000030B12046F4F7C2FB002818BFCBF81860CA
:10FD1000A8F8785B00F0F8FF40F250340120C2F2FE
:10FD200000042070FEF7CEBD2720F5F7F3FE272054
:10FD3000F5F7E0FE98F8B9050028B2D1BDE700BF9D
:10FD40002720F5F7E7FE2720F5F7D4FE98F8790B82
:10FD50000028C7D1D2E7000010B588B080B10446B2
:10FD6000406868B14FF08041029100210222039166
:10FD7000CDE90421CDE9061102A9F4F721FB48B130
:10FD800047F25810C2F2000001218161002008B042
:10FD900010BD00BF60684FF0010C0021002201235C
:10FDA000CDF800C0F4F73CFB40B147F25810C2F266
:10FDB000000002218161002008B010BD6068F5F7E5
:10FDC0001FF848B147F25810C2F2000003218161C8
:10FDD000002008B010BD00BF606801210122F4F7C7
:10FDE0003FFB48B147F25810C2F200000421816184
:10FDF000002008B010BD00BF606801210022F4F7A8
:10FE000003FA48B147F25810C2F20000052181619F
:10FE1000002008B010BD00BF606870B100684AF2F1
:10FE20000041C4F20001884207D1272005210022A9
:10FE3000F5F794FE2720F5F781FE012084F8B90537
:10FE400008B010BDF0B58FB0044638304FF4C6711D
:10FE5000F0F799FA47F25810C2F20000016843F631
:10FE6000A82721604168C2F2000761608168A16033
:10FE7000C168E16001692161416961618169A161D4
:10FE8000C169E161016A2162416A6162816AA162BC
:10FE9000C16AE162D0E90C21C4E90C21816BA16443
:10FEA0000321E164016C2165416C6165816CA16590
:10FEB000D0E91321C4E91721416D6166816DA16606
:10FEC000C16DE166C16EA167016FE167416FC4F862
:10FED0008010816FC4F88410C16FC4F88810D0F806
:10FEE0008010C4F88C10D0F88410D0E918327D68E6
:10FEF000C4E91C32D0F88820C4E92412D0F8A0103C
:10FF0000C4F8AC10D0E92E21C4E93121D0F8E810B2
:10FF1000D0F88C20C4F8F410D0E94013C4F898202D
:10FF2000D0F8A420C4F80C11C4F8B020D0E93021D6
:10FF3000C4F81031C4E93321D0F8EC10D0F8902087
:10FF4000C4F8F810D0E94213C4F89C20D0F8A820D7
:10FF5000C4F81411C4F8B420C4F81831D0E932320E
:10FF6000C4E93532D0F8F020C4F8FC20D0F8942051
:10FF7000D0E94413C4F8A020D0F8AC20C4F81C1178
:10FF8000C4F8B820C4F82031D0E93432C4E937329B
:10FF9000D0F8F420C4F80021D0F89820D0E9461316
:10FFA000C4F8A420D0F8B020C4F82411C4F8BC20B0
:10FFB000C4F82831D0E93632C4E93932D0F8F82013
:10FFC000C4F80421D0F89C20D0E94813C4F8A82034
:10FFD000D0F8B420C4F82C11C4F8C020C4F83031D3
:10FFE000D0E93832C4E93B32D0F8FC20C4F808210B
:10FFF000D0E94A01C4E94D0197F8B90528B1D4F810
:020000040801F1
:100000003C0140F00100C4F83C0145B32846F4F738
:1000100007FC04AEC4F8400130462C21F0F7B3F9D8
:1000200028463146F4F724FB78B904AB0FCBC4F86B
:100030006811C4F86001DDE90801C4F87021C4F852
:100040007831C4F88001C4F888110020CDE902009D
:10005000CDE9000069462846F4F7FAFAB0B397F8FC
:10006000790BD7F8C45528B1D4F83C0140F0020010
:10007000C4F83C0145B32846F4F7D2FB04AEC4F8FB
:10008000440130462C21F0F77EF928463146F4F73A
:10009000EFFA78B904AB0FCBC4F86C11C4F8640163
:1000A000DDE90801C4F87421C4F87C31C4F8840186
:1000B000C4F88C110020CDE90200CDE900006946AA
:1000C0002846F4F7C5FA88B10FB0F0BD9DE80700E7
:1000D000C4F85011C4F84801C4F8582197F8790BB6
:1000E000D7F8C4550028BFD1C4E700BF9DE807007A
:1000F000C4F85411C4F84C01C4F85C210FB0F0BD31
:100100002DE9F04F97B000286AD000F1040A02A947
:1001100050460FF0C5F8002862D047F2581702A8E1
:10012000C2F2000700F1050B07F130000026019034
:1001300007F16000009005E0504602A90FF0B0F80A
:1001400000284DD0786801307860029C24F0604827
:10015000E00FC7F82480B8629DF80C50082DFD62AE
:100160003E637E6304D8019859462A46F0F7F2F8B8
:100170004FF60070C0F2FF0045F200512040C0F27F
:10018000EF018842D8D1D7F86890786D082D00F13A
:1001900001007865C7F85880FD653E667E6604D824
:1001A000009859462A46F0F7D5F8A9F1010004282D
:1001B000C2D807EB8901082DD1F88800C1F8A080CA
:1001C00000F10100C1F8880007EBC90040F8B86FE2
:1001D0004660B1D859462A46F0F7BCF8ACE700BFF4
:1001E00017B0BDE8F08F00002DE9F04F83B0154641
:1001F00002EB02120E4601EBC2070446B94619F89B
:10020000901F09070AD400200290002001904FF0AF
:10021000000A4FF0000B4FF0000825E097ED170A99
:100220009FED593A97ED181A20EE030A21EE031AB2
:10023000BDEEC00A97ED192A97ED1A4ABDEEC11A14
:1002400010EE100A22EE030A029011EE100A24EEBC
:10025000031ABDEEC00ABDEEC11A10EE10AA11EECF
:1002600010BA4FF001080190F2F744FD022844F65D
:10027000C470316844F6DC72C0F60200C0F60202B7
:1002800008BF104621B14A79082A59D9002100E057
:100290000021D9F80000C4F8901106EB8501C4F8DC
:1002A0009401D1F850049FED391AA063D1F870047D
:1002B00006EBC501E063D1F89004D1F89414C4F8BA
:1002C000B081C4E9100197ED0E0A97ED0F2A20EED8
:1002D000010A97ED103ABDEEC00A97ED114A84ED80
:1002E000660A029822EE010A23EE012A24EE013A60
:1002F00097ED124A97ED135A24EE014A25EE011AA2
:10030000BDEEC00ABDEEC22ABDEEC33ABDEEC44A80
:10031000BDEEC11AC4F8B40184ED670A019884EDFA
:10032000682A84ED693A84ED6A4AC4F8B80184ED1C
:100330006B1AC4F8BCA1C4F8C0B103B0BDE8F08F1B
:10034000072D4FF00001A4D8AA42A2D943F6A82154
:10035000C2F200018E4205D001F5B8618E420BD089
:10036000002196E7002150F8210050B1405D0F2890
:1003700094BF411C00218CE7012150F82100002886
:10038000F4D1002185E700BF00401C4600007A44FC
:100390002DE9F047064600294FF000001CBF9046AB
:1003A000002A01D1BDE8F08743F6A827C2F2000772
:1003B00038680D4650B3807940B344F6CC7944F6A2
:1003C000B47A0024C0F60209C0F6020A04E000BFB5
:1003D00088790134844219D2F2F78CFC39680029FB
:1003E000F6D04A79082AF3D8072C98BF9442EFD266
:1003F0000228504608BF4846005D0F28E8D826FA74
:1004000000F0C007E4D000202DE000BFD7F8C00501
:1004100080B3807970B344F6D47944F6BC7A002472
:10042000C0F60209C0F6020A04E000BF8879013470
:1004300084421FD2F2F75EFCD7F8C0150029F5D030
:100440004A79082AF2D8072C98BF9442EED20228A3
:10045000504608BF4846005D0F28E7D826FA00F04E
:10046000C007E3D001202870012088F80040BDE8D3
:10047000F08700BF0020BDE8F087000070B50028BD
:1004800062D00646FFF7DEFC43F6A821C2F2000167
:10049000086848B3407938B301F58C73002253F8EB
:1004A000884C04F00304032C5FD0541C84421BD2FC
:1004B0001D6805F00305032D52D0941C844213D20D
:1004C000D3F8885005F00305032D3FD0D41C844297
:1004D0000AD2D3F8105105F00305032D36D00432AB
:1004E000824203F50873DAD3D1F8C00560B34079CE
:1004F00050B301F5CA63002201F5B8611C6804F02D
:100500000304032C31D0541C84421DD2D3F88850EC
:1005100005F00305032D1DD0941C844214D2D3F89A
:10052000105105F00305032D14D0D41C844228BFBC
:1005300070BDD3F8985105F00305032D0AD004329D
:10054000824203F50873D9D370BD00BF43F6A821DA
:10055000C2F2000122463046BDE87040FFF744BEBB
:1005600043F6A821C2F2000122463046BDE87040A1
:10057000FFF73ABE40F23520C2F20000007840B1E9
:1005800040F25030C2F200000178002904BFC08858
:1005900070470020704700002DE9F04F81B000281F
:1005A00000F0888004688346002C00F08B800BF5F7
:1005B0008A604FF4B471EFF7E6FE6079002800F02E
:1005C00089804FF249380BF104050BF11006C0F693
:1005D00001080027207941463844C3B230462A46F4
:1005E0000EF0BEFDDBF800400137607988368742A7
:1005F000F0D34FF0010A00285ED047F258194FF0AF
:100600000008C2F20009002749E000BF20799D22BE
:100610003844C5B2584629460123C9F8685000F04D
:10062000BFFB0646584629464FF49A724FF40043E2
:1006300000F0B6FB06EA00045846294640F237129D
:100640004FF4004300F0ACFB0440584629464FF4F9
:10065000A3724FF4004300F0A3FB04405846294620
:1006600040F23D12002300F09BFB0440584629460F
:1006700040F24112002300F093FB04405846294603
:100680000022002300F08CFBC9F868802040DBF8D2
:1006900000400AEA000A6079013787420CD2A0794B
:1006A0008742F8D29BF8B9050028AFD14FF0000A75
:1006B000F1E700BF4FF0000A0AF0010001B0BDE809
:1006C000F08F00BF4FF0000A0AF0010001B0BDE852
:1006D000F08F00BF4FF0010A0AF0010001B0BDE841
:1006E000F08F000040F25030C2F2000000787047F6
:1006F00040F25030C2F20000407870472DE9F04FD0
:1007000081B02DED068B86B00590F4F771FD04469F
:10071000F0F728FE002800F0318143F6A827C2F246
:1007200000078046386840F25032407944F6CC7970
:1007300044F6B47B44F6D47A0021C2F20002C0F63B
:100740000209C0F6020BC0F6020A0194D17078B318
:1007500007F59E640025052606E000BF31780135C7
:100760008D4204F1080423D2F2F7C4FA3968002953
:10077000F4D049790829F2D8072D98BF8D42EED2DE
:100780000228584608BF4846405D0F28E7D8781928
:1007900090F850050028E2D007EB8500059AD0F8C4
:1007A000D0049042DBD1D4E9001251EA020039D1E1
:1007B000D7F8C005407998B307F52B6400250526C6
:1007C00006E000BF317801358D4204F1080427D2DC
:1007D000F2F790FAD7F8C0150029F3D04979082923
:1007E000F1D8072D98BF8D42EDD2022844F6BC7097
:1007F000C0F6020008BF5046405D0F28E3D87819C4
:1008000090F8100B0028DED007EB8500059AD0F891
:10081000900A9042D7D1D4E9001251EA020001D1E6
:10082000002100223868CDE902214079002800F03B
:10083000C7809FED708A9FED709A9FED70AA00248B
:100840004FF0050A00260020049007E09AF80010F7
:1008500001368E4204F1880480F0B480F2F74AFA3F
:1008600039680029F2D049790829F1D8072E98BFB4
:100870008E42EDD20228584608BF4846805D0F28B8
:10088000E6D8BA1992F85025002AE1D007EB860382
:10089000D3F830E50EF00B050B2DD9D1D3F8D05499
:1008A000059A9542D4D1D3F85855002DD0D0D3F81D
:1008B00078C5BCF1000FCBD0D3F89835002BC7D04A
:1008C000019A551B642D9CBFA2EB0C05642DBFD86B
:1008D000D31A642BBCD83B1993ED0E0A00EB4005EC
:1008E00093ED0F1A93ED102A20EE080A08EBC505C8
:1008F00093ED113A85ED050A5FEA0E7221EE080AC2
:1009000022EE081A23EE092A93ED123A93ED134AC8
:1009100023EE093A24EE094A85ED060A85ED071A09
:10092000B0EE4A0A85ED082A85ED093AB0EE4A1A7A
:10093000B0EE4A2AB0EE4A3A85ED0A4A07D593ED61
:10094000170A93ED181A93ED192A93ED1A3AD8F86D
:1009500010304FF4803508EB001205FA00F0184310
:1009600082ED650AC8F8100082ED661A012082ED5A
:10097000672A82ED683A04906AE700BF47F2581090
:10098000C2F20000016940F2503401310161C2F24B
:100990000004E07802289CBF0130E070032808D1F1
:1009A00044F204000521002206F02AF9E078013023
:1009B000E07006B0BDEC068B01B0BDE8F08F00BF63
:1009C00000200490D7F8C0054079002800F0D480BA
:1009D0009FED948A9FED949A9FED94AA44F6D47962
:1009E00000264FF429654FF0050B0024C0F60209DC
:1009F0000FE000BF0AE81C4135FA8E3C0000000001
:100A00009BF80010013488368C4205F1040580F013
:100A1000B380F2F76FF9D7F8C0150029F0D0497903
:100A20000829EFD8072C98BF8C42EBD2022844F655
:100A3000BC70C0F6020008BF4846005D0F28E1D830
:100A40003A1992F8102B002ADCD007EB8402D2F876
:100A5000F0AA0AF00B020B2A40F089807A59059B14
:100A60009A4240F084807A19D2F88830002B7ED0E8
:100A7000D2F8A8C0BCF1000F79D0D2F8C8E0BEF11E
:100A8000000F74D0DDF80490A9EB0302642A9CBF28
:100A9000A9EB0C02642A6AD8A9EB0E02642A66D874
:100AA00007EB060E0EF5BF6292ED000A00EB400C5C
:100AB0000EF5C0630EF2FC5293ED002A0EF20463B1
:100AC00020EE080A92ED001A08EBCC0293ED003AF2
:100AD0000EF5C16382ED050A93ED004A0EF20C6338
:100AE00021EE081A22EE082A23EE093A93ED000AB5
:100AF00024EE094A20EE095A82ED061A82ED072AF1
:100B0000B0EE4A0A82ED083A5FEA0A73B0EE4A1A7A
:100B1000B0EE4A2AB0EE4A3A82ED094A82ED0A5A0C
:100B20000FD50EF21C6292ED000A0EF5C46292ED32
:100B3000001A0EF2246292ED002A0EF5C56292EDC3
:100B4000003AD8F810C04FF4803308EB001203FAD3
:100B500000F040EA0C0082ED650AC8F8100082ED52
:100B6000661A012082ED672A82ED683A049044F605
:100B7000D479C0F6020945E7049A40F25035C2F232
:100B800000057AB305980321C8F800000398002AED
:100B9000C8F8080002984FF00004C8F80C00D8F814
:100BA000100008BF01210843C8F81000404600218A
:100BB000F1F7AAF800B347F25810C2F20000016939
:100BC00001310161287902289CBF01302871032876
:100BD00008D144F203000521002206F011F828791B
:100BE00001302871404606B0BDEC068B01B0BDE86F
:100BF000F04FF1F739BB00BF47F25810C2F20000C6
:100C0000C1680131C1602C71E8884FF6FF718842DC
:100C100004BF0120687006B0BDEC068B01B0BDE8D2
:100C2000F08F00BF0AE81C4135FA8E3C000000003E
:100C30002DE9F04194B0002860D0044690F8B90541
:100C400000285BD040F23520C2F200000078002876
:100C500054D054F8040F984617460E46F3F7E4FDB7
:100C600000284FF0000544D068465021EFF78BFB79
:100C70003A0A55208DF806200622C8F6EF40ADF856
:100C800007204FEA182240EA06208DF80A204FF686
:100C90005572ADF80B50C0F6EF4247F25815009070
:100CA00008211040C2F200058DF804108DF805707F
:100CB0008DF809806864A964DDF80520DDF8091065
:100CC000C5E91321AB6E5BB1AB6E052B08D8AB6EDB
:100CD00005EB830705EBC303C7F8E800C3E9402130
:100CE000694620460EF030FB40B1286C0130286484
:100CF0000125284614B0BDE8F08100BF0025284634
:100D000014B0BDE8F081000010B582B047F2581071
:100D1000C2F2000000244FF6FF71C466016740F282
:100D20005031C2F200014467C1E90244C1E9044400
:100D30008C618467C467002000210022002306F034
:100D400045FB4FF40070002101220023009406F0BF
:100D500099F84FF48060002100220023009406F0EF
:100D600091F82020002102220123009406F08AF845
:100D70004020002102220123009406F083F8802005
:100D8000002103220223009406F07CF84FF48070C7
:100D9000002103220223009406F074F802B010BD73
:100DA0002DE9F04381B0984691460E460746F4F788
:100DB0001FFACFB1044697F8B905A8B140F235251E
:100DC000C2F20005287878B17868F3F72DFD58B99C
:100DD000F4F70EFA001B132832D801200FF006FE9C
:100DE00097F8B9050028EDD1384631464A464346C2
:100DF000FFF71EFF20B3F4F7FBF943F6A826C2F273
:100E0000000640F235280546C2F2000806F5B8672C
:100E100098F800406CB13046FFF772F93846FFF79A
:100E20006FF90A200FF0E2FDF4F7E2F9401B3228D7
:100E3000EED3002C18BF0124204601B0BDE8F0839A
:100E40000024204601B0BDE8F083000040F23522C6
:100E50000146C2F20002002818BF0121117040F2C1
:100E600050320021C2F200020028517008BFD18028
:100E70007047000080B5F4F7BBF94FF47A71A0FB1E
:100E8000010180BD2DE9F04389B005F013FEF0F7B4
:100E900029FD014652A013F0D1FA46F29D1044F606
:100EA0001472C0F60100C0F60202002110F0E0F951
:100EB00040F2BC24C2F2000420604BF2252045F62B
:100EC0004C42C0F60100C0F60202002110F0D0F939
:100ED00060604AF6CD4045F62432C0F60100C0F607
:100EE0000202002110F0C4F9A06042F6190044F695
:100EF0003872C0F60000C0F60202002110F0B8F906
:100F0000E06047F2955045F6B822C0F60100C0F601
:100F10000202002110F0ACF9206149F2E14045F6EF
:100F2000DC22C0F60100C0F60202002110F0A0F998
:100F300060614EF2D57044F65C72C0F60000C0F6F7
:100F40000202002110F094F9A06149F2ED4045F64B
:100F50000032C0F60100C0F60202002110F088F94C
:100F6000E06142F2A13044F6F062C0F60000C0F643
:100F70000202002110F07CF9206244F6D56044F6AC
:100F80008072C0F60100C0F60202002110F070F974
:100F9000606246F2A51044F6F472C0F60100C0F695
:100FA0000202002110F064F98446D4E9030E04F132
:100FB0001409D4E9001299E8E003CDE9000E02A873
:100FC000E36A80E8E00345F27F00C0F60200C4F85F
:100FD00028C0CDF81CC013F031FA09B0BDE8F08389
:100FE0005B52544F535D20446174614D616E616783
:100FF00065725F496E6974207374617475733D2501
:10100000750D0A00002804BF042070470170002AF3
:1010100008BF142242600020704700002DE9F04113
:1010200084B000291CBF0546002803D1042004B069
:10103000BDE8F0810C466968287802260DF10E079C
:10104000029136210222012300970196FDF73AFB17
:1010500010B104B0BDE8F08128786D68BDF80E804D
:10106000362104220123CDE900760295FDF72AFB03
:101070000028EED198FA88F09DF80E109DF80F2008
:10108000000C208000097D2342EA012200FB03F0CE
:1010900048F21F53C5F2EB136280A0FB030392B228
:1010A0005809642302FB03F2A080100AE0800020AC
:1010B0002172607204B0BDE8F0810000FEE700001C
:1010C00040F2A84072B6C2F20000D0E9080162B650
:1010D0007047000040F2A84072B6C2F2000081687A
:1010E00041F28450C2F200000068406A62B6704764
:1010F0002DE9F04381B040F2A84872B641F2845025
:10110000C2F20008C2F20000D8F80890006800237C
:10111000476AD8F80C000024C117A7FB005207FB50
:1011200001214CF6002209FB00162846C3F69A322C
:101130003146EFF7DEF898F801202AB343F2016256
:10114000CCF26542AA1A76F1FF324FF00002B8BF26
:101150000122434264EB0106FB1A79EB060338BF18
:101160000124D8E90636C01902EA040241EB09015C
:101170001C187141002A1CBF31461C4662B620462D
:1011800001B0BDE8F08300BF002162B6204601B087
:10119000BDE8F0832DE9F04381B040F2A84841F268
:1011A0008450C2F20008C2F20000D8F8089000682B
:1011B0000023476AD8F80C000024C117A7FB00528F
:1011C00007FB01214CF6002209FB00162846C3F656
:1011D0009A323146EFF78DF898F8012022B343F2A6
:1011E0000162CCF26542AA1A76F1FF324FF000029A
:1011F000B8BF0122434264EB0106FB1A79EB0603F8
:1012000038BF0124D8E90636C01902EA040241EBCE
:1012100009011C187141002A1CBF31461C4620469A
:1012200001B0BDE8F08300BF0021204601B0BDE859
:10123000F083000040F2A840C2F20000002181606B
:10124000C0E90611C0E90811C0E90A11C0E90C1192
:10125000C0E90E11C0E91011C16001610170417057
:101260008170C170017141F28450C2F200000268C5
:10127000002051626FF001011161704740F2A840F7
:10128000C2F2000040787047B0F5004F18BF7047B9
:101290002DE9F04740F2A84641F28450C2F2000620
:1012A000C2F20000B46807684FF000087D6AC6E922
:1012B0000A54C6E90C54306901303061B078A8B3E3
:1012C000F0680023C117A5FB009205FB01214CF635
:1012D000002204FB001A4846C3F69A325146EFF743
:1012E00008F843F20162CCF26542B9EB02027AF1EE
:1012F000FF324FF00002B8BF0122434268EB010CFD
:10130000EB1A74EB0C034FF0000338BF012302EA21
:10131000030CD6E9063240196141C0185141BCF1B5
:10132000000F1CBF11461846012202E000200021D8
:101330000022C6E90E016FF00100F270C7F82480A8
:10134000C6F808803861307948B9F86840F0010083
:10135000F860386840F001003860012030710120E9
:10136000307000207070BDE8F047704770B10068C1
:1013700040F60041C4F20001884218BF704740F2B5
:10138000A840C2F20000816801318160704700000E
:101390002DE9F04140F2A84672B60C460546C2F26D
:1013A0000006C6E90854307800286DD0F07800288F
:1013B00000F08680D6E90E124AF22013691AC0F2B4
:1013C000070344F2402864EB02025B18C0F20F08E6
:1013D0004FF0000042F10007B8EB030370EB070386
:1013E000C6E910124CD3D6E90C03184349D04CF689
:1013F0000023C3F69A33A1FB030102FB0311D6E9D4
:101400000C23EEF776FF47F66017CFF6FE773A1A11
:101410004FF0FF3272EB01034FF00003D6F80CC01F
:10142000B8BF0123002B0CBF1146074648F2A0604D
:10143000C0F201003B1A71F100034FF00003B8BF86
:101440000123002B4FF0000E04BF7146074617EB37
:101450000C034BF6C05041EBEC71CFF6F070C71A9D
:1014600072EB0107B8BF4FF0010EBEF1000F1CBFB9
:101470000A461846B0EB080172F10001A8BF4046C9
:10148000F060C6E9065421E00120C6E90654B070B8
:10149000002141F28450F170C2F200000068416204
:1014A000B1606FF001010161317991B9C16841F01A
:1014B0000101C160016841F001010160301D06E0D9
:1014C0000020C6E90654F060C6E91000B01C0121F6
:1014D000017000203070F0700120707062B6BDE8BD
:1014E000F0810000B0B5DDF810C0BCF1050F4FF081
:1014F000020CC0F09780002B00F09480DDF814E01F
:10150000BEF1000F00F08E8041F0800C4FF6FF71AD
:10151000187041404AF2010080EA510483F801C08A
:101520009A70CD0708BF4C0880EA5401E50708BF50
:10153000610880EA5104CD0708BF4C0880EA5401D5
:10154000E50708BF610880EA5104CD0708BF4C08D1
:1015500080EA5401E50708BF610880EA5104CD071D
:1015600008BF4C0880EA5401E50708BF610881EA1A
:101570000C0180EA5105CC0708BF4D0880EA5501EF
:10158000EC0708BF690880EA5105CC0708BF4D0881
:1015900080EA5501EC0708BF690880EA5105CC07CD
:1015A00008BF4D0880EA5501EC0708BF690880EACA
:1015B0005105CC0708BF4D0880EA5501EC0708BF6C
:1015C0006908514080EA5102CD0708BF4A0880EA05
:1015D0005201D50708BF510880EA5102CD0708BF64
:1015E0004A0880EA5201D50708BF510880EA510233
:1015F000CD0708BF4A0880EA5201D50708BF510845
:1016000080EA5102CD0708BF4A0880EA5200D1079C
:1016100008BF5008010AD87005204FF0010C19715D
:10162000AEF800006046B0BD70B5DDF810C0BCF18A
:10163000080F4FF0020CC0F02381002B00F0208136
:10164000DDF814E0BEF1000F00F01A816FEA000C23
:101650001FFA8CF618704AF20100CFF6FF7080EA8C
:1016600056055FEACC7408BF7508C5F34E06ED0752
:1016700018BF4640C6F34E05F60718BF4540C5F3F0
:101680004E06ED0718BF4640C6F34E05F60718BFD5
:101690004540C5F34E06ED0718BF4640C6F34E055C
:1016A000F60718BF4540C5F34E06ED0718BF464084
:1016B000B5B200F10804F60708BF082484EA55060D
:1016C0001025B4B25D7080EA5405F60708BF6508BE
:1016D000C5F34E06ED0718BF4640C6F34E05F607A4
:1016E00018BF4540C5F34E06ED0718BF4640C6F388
:1016F0004E05F60718BF4540C5F34E06ED0718BF67
:101700004640C6F34E05F60718BF454085EA112648
:101710000D0AB4B29D7080EA5405F60708BF65084B
:10172000C5F34E06ED0718BF4640C6F34E05F60753
:1017300018BF4540C5F34E06ED0718BF4640C6F337
:101740004E05F60718BF4540C5F34E06ED0718BF16
:101750004640C6F34E05F60718BF4540C5F34E0692
:10176000ED0718BF4640CDB26E40B5B2D97080EAE1
:101770005501F60708BF6908C1F34E06C90718BF2F
:101780004640C6F34E01F60718BF4140C1F34E066E
:10179000C90718BF4640C6F34E01F60718BF4140BF
:1017A000C1F34E06C90718BF4640C6F34E01F607FF
:1017B00018BF4140C1F34E06C90718BF464086EA2C
:1017C0001221160A8DB21E7180EA5506C90708BF9C
:1017D0006E08C6F34E01F60718BF4140C1F34E062E
:1017E000C90718BF4640C6F34E01F60718BF41406F
:1017F000C1F34E06C90718BF4640C6F34E01F607AF
:1018000018BF4140C1F34E06C90718BF4640C6F392
:101810004E01F60718BF4140D6B271408EB25A71E0
:1018200080EA5602C90708BF7208C2F34E01D20708
:1018300018BF4140C1F34E02C90718BF4240C2F36E
:101840004E01D20718BF4140C1F34E02C90718BF6D
:101850004240C2F34E01D20718BF4140C1F34E02CD
:10186000C90718BF4240C2F34E004AF20101D20735
:1018700018BF4840D88008204FF0010CAEF8000097
:10188000604670BD70B541F60874C2F200040546AA
:1018900004F5886006F02EFC04F2644007F084F939
:1018A0003DB104F26C4005F0CDF804F5936004F00E
:1018B0007DF8FFF71DFCC4F8F804C4F8FC14FFF72A
:1018C00009FCC4F80005C4F80415FFF7F9FBC4F8D7
:1018D0000805C4F80C150FF0D7F805460FF0F0F81E
:1018E000064610F0DFFEFEF745FE41F6F031A4F8A3
:1018F0001005C2F2000120464FF42672EEF72AFDD1
:1019000041F6886104F52670C2F200018022EEF7EC
:1019100021FD42F2284104F54670C2F200014FF465
:101920009472EEF717FD94F85D04013801281DD874
:101930002078D8B194F89802C0B194F81803A8B1EF
:10194000002140F2E7306422E6FB02014FF47A7294
:101950000023EEF79DFC42F22041C2F2000109682B
:10196000002E08BF0120691A814207D90020A4F87F
:10197000100520464FF48861EEF705FDBDE8704084
:1019800010F0A0BE41F60871C2F2000191F8980271
:1019900000284FF0000008BF704791EDAB2A9FED83
:1019A000D90A9FEDD91AB4EE402A91EDAC3AF1EE86
:1019B00010FA4FF00002B4EE412A91EDAD4AB8BFE3
:1019C0000122F1EE10FAB4EE413AC8BF01201040F6
:1019D000F1EE10FAB4EE403A0246C8BF0232F1EE20
:1019E00010FAB4EE414A91EDAE2AA8BF0246F1EEDC
:1019F00010FAB4EE404A1046C8BF0430F1EE10FAB7
:101A0000B4EE412AA8BF10460246F1EE10FAB4EE39
:101A1000402A91EDAF2AC8BF42F00802F1EE10FA59
:101A2000B4EE412AA8BF02461046F1EE10FAB4EE19
:101A3000402A91EDB02AC8BF40F01000F1EE10FA34
:101A4000B4EE412AA8BF10460246F1EE10FAB4EEF9
:101A5000402A91EDB12AC8BF42F02002F1EE10FAFF
:101A6000B4EE412AA8BF02461046F1EE10FAB4EED9
:101A7000402A91EDB22AC8BF40F04000F1EE10FAC2
:101A8000B4EE412AA8BF10460246F1EE10FAB4EEB9
:101A9000402A91EDB32AC8BF42F08002F1EE10FA5D
:101AA000B4EE412AA8BF02461046F1EE10FAB4EE99
:101AB000402A91EDB42AC8BF40F48070F1EE10FACC
:101AC000B4EE412AA8BF10460246F1EE10FAB4EE79
:101AD000402A91EDB52AC8BF42F40072F1EE10FA27
:101AE000B4EE412AA8BF02461046F1EE10FAB4EE59
:101AF000402A91EDB62AC8BF40F48060F1EE10FA9A
:101B0000B4EE412AA8BF10460246F1EE10FAB4EE38
:101B1000402A91EDB72AC8BF42F40062F1EE10FAF4
:101B2000B4EE412AA8BF02461046F1EE10FAB4EE18
:101B3000402A91EDB82AC8BF40F48050F1EE10FA67
:101B4000B4EE412AA8BF10460246F1EE10FAB4EEF8
:101B5000402A91EDB92AC8BF42F40052F1EE10FAC2
:101B6000B4EE412AA8BF02461046F1EE10FAB4EED8
:101B7000402A91EDBA2AC8BF40F48040F1EE10FA35
:101B8000B4EE412AA8BF10460246F1EE10FAB4EEB8
:101B9000402A91EDBB2AC8BF42F40042F1EE10FA90
:101BA000B4EE412AA8BF02461046F1EE10FAB4EE98
:101BB000402A91EDBC2AC8BF40F48030F1EE10FA03
:101BC000B4EE412AA8BF10460246F1EE10FAB4EE78
:101BD000402A91EDBD2AC8BF42F40032F1EE10FA5E
:101BE000B4EE412AA8BF02461046F1EE10FAB4EE58
:101BF000402A91EDBE2AC8BF40F48020F1EE10FAD1
:101C0000B4EE412AA8BF10460246F1EE10FAB4EE37
:101C1000402A91EDBF2AC8BF42F40022F1EE10FA2B
:101C2000B4EE412AA8BF02461046F1EE10FAB4EE17
:101C3000402A91EDC02AC8BF40F48010F1EE10FA9E
:101C4000B4EE412AA8BF10460246F1EE10FAB4EEF7
:101C5000402A91EDC12AC8BF42F40012F1EE10FAF9
:101C6000B4EE412AA8BF02461046F1EE10FAB4EED7
:101C7000402A91EDC22AC8BF40F48000F1EE10FA6C
:101C8000B4EE412AA8BF10460246F1EE10FAB4EEB7
:101C9000402A91EDC32AC8BF42F40002F1EE10FAC7
:101CA000B4EE412AA8BF02461046F1EE10FAB4EE97
:101CB000402A91EDC42AC8BF40F08070F1EE10FABE
:101CC000B4EE412AA8BF10460246F1EE10FAB4EE77
:101CD000402A91EDC52AC8BF42F00072F1EE10FA19
:101CE000B4EE412AA8BF02461046F1EE10FAC8BF72
:101CF00040F08060B4EE402AF1EE10FAA8BF104622
:101D0000704700BF276B6E4E276B6ECE80B510F00C
:101D1000C9FC41F6F030C2F200004FF42671EEF734
:101D200032FB41F68860C2F200008021EEF72BFB07
:101D300042F22840C2F200004FF49471EEF723FB08
:101D400042F22040C2F2000000210160BDE8804064
:101D500010F0B8BC2DE9F0472DED068B82B040F2B3
:101D60001C7AC2F2000A9AF80100002800F0948060
:101D7000BAF80E00002800F02381BAF80C104CF6D7
:101D80001B22914240F02C81022800F0438101285F
:101D900040F0EA8141F6EC09B5EE008A41F2EC78B8
:101DA000B0EE029A0026B7EE00AAC2F20009C2F213
:101DB0000008002559F8060000F0FF41B1F1FF4F7F
:101DC00000F06C8209EB0607796801F0FF42B2F17E
:101DD000FF4F00F06382BA6802F0FF43B3F1FF4F98
:101DE00000F05C82FB6803F0FF44B4F1FF4F00F0A9
:101DF000558200EE100A01EE101A20EE000A21EEC4
:101E0000011A02EE102A30EE010A22EE021A02EE48
:101E1000103A30EE010A22EE021A30EE010AB4EE58
:101E2000480AF1EE10FAC0F23982B4EE490AF1EE36
:101E300010FA00F33382B1EEC01AB4EE411AF1EE9B
:101E400010FA23D68AEE010A97ED001A97ED012ABF
:101E500097ED023A97ED034A08EB06001036B6F507
:101E6000807F05F1010521EE001A20EE022A20EE06
:101E7000033A20EE040A80ED001A80ED012A80ED7D
:101E8000023A80ED030A95D190E100BF12F000FD07
:101E9000B0EE401AD6E700BF41F6EC024FF07E519B
:101EA000C2F200020020C2E90010C2E90200C2E949
:101EB0000410C2E90600C2E90810C2E90A00C2E93A
:101EC0000C10C2E90E00C2E91010C2E91200C2E90A
:101ED0001410C2E91600C2E91810C2E91A00C2E9DA
:101EE0001C10C2E91E00C2E92010C2E92200C2E9AA
:101EF0002410C2E92600C2E92810C2E92A00C2E97A
:101F00002C10C2E92E00C2E93010C2E93200C2E949
:101F10003410C2E93600C2E93810C2E93A00C2E919
:101F20003C10C2E93E0041F6EC22C2F20002C2E9D6
:101F30000010C2E90200C2E90410C2E90600C2E9C9
:101F40000810C2E90A00C2E90C10C2E90E00C2E999
:101F50001010C2E91200C2E91410C2E91600C2E969
:101F60001810C2E91A00C2E91C10C2E91E00C2E939
:101F70002010C2E92200C2E92410C2E92600C2E909
:101F80002810C2E92A00C2E92C10C2E92E00C2E9D9
:101F90003010C2E93200C2E93410C2E93600C2E9A9
:101FA0003810C2E93A00C2E93C10C2E93E00CAF862
:101FB0000C00AAF81000AAF8140001208AF8010009
:101FC0000020AAF8120040F20A00C2F200004FF00E
:101FD000FF31418002B0BDEC068BBDE8F08700BF49
:101FE00049F20100CFF6FF70A0F58050AAF8120068
:101FF00040F20A00C2F200004FF0FF3141800120A0
:1020000000904FF4001049F201010C22002300253A
:10201000A1E000BF41F6EC014FF07E50C2F200019A
:102020000025C1E90005C1E90255C1E90405C1E97E
:102030000655C1E90805C1E90A55C1E90C05C1E920
:102040000E55C1E91005C1E91255C1E91405C1E9F0
:102050001655C1E91805C1E91A55C1E91C05C1E9C0
:102060001E55C1E92005C1E92255C1E92405C1E990
:102070002655C1E92805C1E92A55C1E92C05C1E960
:102080002E55C1E93005C1E93255C1E93405C1E930
:102090003655C1E93805C1E93A55C1E93C05C1E900
:1020A0003E5541F6EC21C2F20001C1E90005C1E94B
:1020B0000255C1E90405C1E90655C1E90805C1E9B0
:1020C0000A55C1E90C05C1E90E55C1E91005C1E980
:1020D0001255C1E91405C1E91655C1E91805C1E950
:1020E0001A55C1E91C05C1E91E55C1E92005C1E920
:1020F0002255C1E92405C1E92655C1E92805C1E9F0
:102100002A55C1E92C05C1E92E55C1E93005C1E9BF
:102110003255C1E93405C1E93655C1E93805C1E98F
:102120003A55C1E93C05C1E93E55F0F7D9FA02201C
:1021300040F20A01BAF81020AAF812004FF0FF305E
:10214000C2F200014880AAF814204FF400100021C8
:102150000C220023009504F095FECAF80C5002B042
:10216000BDEC068BBDE8F08749F20100CFF6FF70A9
:10217000A0F6FF70AAF8120040F20A00C2F20000B6
:102180004FF0FF314180012000904FF4001049F2E0
:1021900001010C220023002404F074FECAF80C4054
:1021A00002B0BDEC068BBDE8F08700BF41F6EC291C
:1021B00041F6EC180025C2F20009C2F2000800271F
:1021C00059F8050000F0FF41B1F1FF4F64D009EB71
:1021D0000506716801F0FF42B2F1FF4F5CD0B268B2
:1021E00002F0FF43B3F1FF4F56D0F36803F0FF4412
:1021F000B4F1FF4F50D000EE100A01EE101A20EE9D
:10220000000A21EE011A02EE102A30EE010A22EE37
:10221000021A02EE103A30EE010A22EE021A30EEF5
:10222000010AB4EE480AF1EE10FA35DBB4EE490AC1
:10223000F1EE10FA30DCB1EEC01AB4EE411AF1EE54
:1022400010FA23D68AEE010A96ED001A96ED012ABD
:1022500096ED023A96ED034A08EB05001035B5F508
:10226000807F07F1010721EE001A20EE022A20EEFE
:10227000033A20EE040A80ED001A80ED012A80ED79
:10228000023A80ED030A9BD128E000BF12F000FB68
:10229000B0EE401AD6E700BF07F1100549F2010081
:1022A000CFF6FF70A0F6FE70AAF8120040F20A0006
:1022B000C2F200004580681C83B201274FF4001071
:1022C00049F201010C22009704F0DCFD0020CAF85D
:1022D0000C0002B0BDEC068BBDE8F087BAF8102008
:1022E00041F2EC7041F6EC11C2F20000C2F20001C2
:1022F000F0F738FA30B149F20100CFF6FF70A0F6DE
:10230000FE7037E741F6EC0041F2EC71C2F20000DA
:10231000C2F200014FF48072EEF71CF841F6EC2097
:1023200041F6EC11C2F20000C2F200014FF48072DB
:10233000EEF710F8012040F20A01BAF81020AAF8CE
:1023400012004FF0FF30C2F200014880AAF81420BA
:1023500000244FF4001000210C22002300941BE7FE
:102360002DE9F04F89B0129D8046002D1CBF002042
:1023700028801E46914604294FF0020007D3B8F189
:10238000000F04D0B9F1000F18BF002D02D109B021
:10239000BDE8F08F881E38F800C04FF6FF7A0204BF
:1023A0004FF6FF7400F0A38080B24AF201020128C8
:1023B00001F0010E06D100204FF6FF74BEF1000FB0
:1023C0006AD194E0B346AEEB00056FF001064FF61C
:1023D000FF7400BF08EB06008378C078634082EA90
:1023E0005304DF0708BF5C0882EA5403E70708BF0D
:1023F000630882EA5304DF0708BF5C0882EA5403DB
:10240000E70708BF630882EA5304DF0708BF5C08D8
:1024100082EA5403E70708BF630882EA5304DF0730
:1024200008BF5C0882EA5403E70708BF6308584006
:1024300082EA5003C40708BF430882EA5300DC075E
:1024400008BF580882EA5003C40708BF430882EA5D
:102450005300DC0708BF580882EA5003C40708BFCE
:10246000430882EA5300DC0708BF580882EA500399
:10247000C40708BF4308D80706F1020682EA5304DE
:1024800005EB060008BF5C080230A3D1129DB01C0A
:102490005E46BEF1000F2AD018F80000604082EAC4
:1024A0005003C70708BF430882EA5300DF0708BF8D
:1024B000580882EA5003C70708BF430882EA53005E
:1024C000DF0708BF580882EA5003C70708BF430860
:1024D00082EA5300DF0708BF580882EA5003C707A3
:1024E00008BF430882EA5304D80708BF5C08A44524
:1024F00040F0748140F20A0098F80040C2F20000F7
:1025000098F801200778002C18BFBC4240F0668183
:102510000F2A07DC032A00F0D980062A00F0AC80DD
:10252000ECE000BF102A00F0A780412A40F0E680CE
:10253000002C00F05381042940F0588140F28E3085
:102540008642C0F0718100200025FFF79BF940F220
:10255000413089F80040A9F80100882041F608744C
:1025600089F80300C2F20004A08844F2402B00BAAC
:10257000000CA9F804006068C0F20F0B010C000EFB
:1025800089F8060089F80710D4E902065A460023A4
:102590003146EDF77DFE44F23F21C0F20F018E423D
:1025A00088BF4FF0FF3000BA000CA9F80800D4E94A
:1025B00002060F465A4600233146EDF769FEBE4239
:1025C00088BF4FF0FF30010C000E89F80A0089F82F
:1025D0000B10B846D4E902675A4630460023394604
:1025E000EDF756FE4FF47A7B02FB0BF0474584BFB4
:1025F0004CF6FF10C3F69A3000BA000CA9F80C0094
:10260000E76844F2402230463946C0F20F02002308
:10261000EDF73EFE02FB0BF0474584BF4CF6FF1082
:10262000C3F69A30010C000E89F80E0089F80F10DD
:1026300094F85D0489F8105089F811002078B4F8F6
:102640001025618A002808BF014601EA020000BA8D
:10265000000CA9F8120094F89802002800F0888174
:10266000D4F8A8020422010702EA90004FF0030107
:1026700058BF012108447CE1002C00F0AF80062AFD
:1026800044D1082940F0B680082EC0F0CD8098F8DB
:1026900002B098F803A098F804704AEA0B2098F862
:1026A0000580A0F120018AB248EA0721022A40F2FF
:1026B0004D8141F25412821A92B29309042B40F2D6
:1026C000A382204606210096022297E0082940F0C6
:1026D0007F80B8F80200B8F8041000BA4FEA104B37
:1026E00008BA4FEA1048002C18BF274600F08E8029
:1026F000A8F1010080B27D286BD290E0002C6DD053
:10270000009638461146012278E000BF082969D9B1
:1027100098F8063003F10900884263D1082EC0F012
:102720008380B8F8040000BA070C781E80B27A28BB
:1027300000F2D4837900994240F0D083B8F80210B7
:1027400009BA0B0C0A2B08BF042F00F0B583D91966
:10275000202BA1F10101C0F0C583222900F2C28320
:1027600023F003010022202908BFC3F1230291B204
:10277000814240F2E38308F10700CDE9039605901A
:10278000781E40F21C799B46032807F00300C2F232
:102790000009069080F02884002300200890069805
:1027A000002800F0F8850BEB030082B20598202A80
:1027B00030F8131009F1040000F0AA85212A00F076
:1027C000AD85222A40F0AE8509F1060200F0A7BDD2
:1027D00024B10096384603210FE000BF002009B065
:1027E000BDE8F08F00963846114606E03846412194
:1027F000009602E000963846062103224B460195DA
:10280000FEF770FE09B0BDE8F08F00BFBBF1000F0E
:102810004FF0000008BFB8F1010F7FF4B8AD0520FC
:1028200000EB4800B04203D9022009B0BDE8F08FA8
:102830004FEA480400204FF6F8734FF6807103E02A
:10284000013082B242455FD200EB0B05A5F1600278
:1028500092B2122AF4D3A5F14A0292B2162AEFD309
:10286000A5F1400292B20A2AEAD31FFA85FCBCF114
:10287000110FE5D3A5F1200292B21F2AE0D3A5F5EE
:10288000805292B2B2F5A07FDAD3BCF5A06FD7D058
:10289000A5F1810292B23F2AD2D305EA0302B2F532
:1028A000025F1CBF05EA0102B2F5005FC8D041F229
:1028B0004432AA1A92B2032AC2D34FF6FC7205EA36
:1028C000020EBEF59A5FBBD0A5F5985292B2362A99
:1028D000B6D341F25412AA1A92B2B2F5A07FAFD386
:1028E00041F24412944518BFBEF58A5FA8D038461D
:1028F000032102224B460096129F0197FEF7F2FD3C
:1029000009B0BDE8F08F00BF0120FEF7BBFF032038
:10291000002589F8007089F8010089F802400BEB66
:10292000050080B200F07CFD09EB4501013540BA9D
:10293000A845A1F80300F2D1E01C80B24AF20101DF
:10294000012840F0C780002229E100BF20284AF278
:10295000010500F08982222800F0A882212840F099
:10296000C08340F21C70C2F200008180B9E300BF56
:10297000002089F8145089F81500D4F8280394F839
:10298000181340074FF0030058BF0120A9F10204BB
:10299000002908BF084689F8165089F8170005F580
:1029A000805080B200F03CFD010AA176E076B5F5DA
:1029B0009F7F05F1010504F10204F0D909F2962484
:1029C000002505F5985080B200F02AFD010A04F8B0
:1029D000021F352D05F101056070F2D309F20234B2
:1029E000002505F5005080B200F01AFD010A04F838
:1029F000021F432D05F101056070F2D36FF0010055
:102A00004AF2010140F28A3209EB00039F78DB7839
:102A100087EA0A0781EA5706FD0708BF7E0881EAB0
:102A20005607F50708BF770881EA5706FD0708BF74
:102A30007E0881EA5607F50708BF770881EA57063E
:102A4000FD0708BF7E0881EA5607F50708BF77082B
:102A500081EA5706FD0708BF7E0881EA5607F50799
:102A600008BF77087B4081EA5307DE0708BF5F088D
:102A700081EA5703FE0708BF7B0881EA5307DE0798
:102A800008BF5F0881EA5703FE0708BF7B0881EA99
:102A90005307DE0708BF5F0881EA5703FE0708BF38
:102AA0007B0881EA5307DE0708BF5F0881EA570AFF
:102AB000FB0708BF4FEA570A02309042A4D14FEA01
:102AC0001A2089F88D0340F28E3089F88CA300F02B
:102AD00019BC00BFA446C0F101036FF0010209EB6D
:102AE0000207BE78FF7886EA0A0681EA5605F407EF
:102AF00008BF750881EA5506EC0708BF6E0881EA31
:102B00005605F40708BF750881EA5506EC0708BFAB
:102B10006E0881EA5605F40708BF750881EA550674
:102B2000EC0708BF6E0881EA5605F40708BF750870
:102B300081EA5506EC0708BF6E08774081EA570620
:102B4000FD0708BF7E0881EA5607F50708BF77082A
:102B500081EA5706FD0708BF7E0881EA5607F50798
:102B600008BF770881EA5706FD0708BF7E0881EA9B
:102B70005607F50708BF770881EA5706FD0708BF23
:102B80007E08F70702F1020281EA560A03EB020708
:102B900008BF4FEA560A0237A1D10232644619F83B
:102BA000022082EA0A0281EA5203D70708BF5308CB
:102BB00081EA5302DF0708BF5A0881EA5203D707A8
:102BC00008BF530881EA5302DF0708BF5A0881EAA9
:102BD0005203D70708BF530881EA5302DF0708BF33
:102BE0005A0881EA5203D70708BF530881EA530104
:102BF000DA0708BF59080A0A09EB000309F80010B0
:102C00005A70601D7EE300BF802A0BD341F2D412BC
:102C1000821A92B2802A05D341F25422821A032AE0
:102C2000BFF44FAD01F0B6FB002818BFFFF792F8D4
:102C3000E1438AB24AF20100CFF6FF7080EA520304
:102C4000C90789F8004008BF5308C3F34E01DA07EB
:102C500018BF4140C1F34E02C90718BF4240C2F33A
:102C60004E01D20718BF4140C1F34E02C90718BF39
:102C70004240C2F34E01D20718BF4140C1F34E0299
:102C8000C90718BF4240C2F34E01D20718BF4140E6
:102C90008AB2C9074AF20201CFF6FF7108BF0321C9
:102CA00081EA520106228BB289F8012080EA5302A0
:102CB000C90708BF5A08C2F34E01D20718BF4140E6
:102CC000C1F34E02C90718BF4240C2F34E01D207FA
:102CD00018BF4140C1F34E02C90718BF4240C2F3BA
:102CE0004E01D20718BF4140C1F34E02C90718BFB9
:102CF000424082EA0B018AB2C90780EA520389F88E
:102D000002B008BF5308C3F34E01DA0718BF4140B1
:102D1000C1F34E02C90718BF4240C2F34E01D207A9
:102D200018BF4140C1F34E02C90718BF4240C2F369
:102D30004E01D20718BF4140C1F34E02C90718BF68
:102D40004240C2F34E01D20718BF414081EA0A0156
:102D50008AB2C90780EA520389F803A008BF530862
:102D6000C3F34E01DA0718BF4140C1F34E02C90751
:102D700018BF4240C2F34E01D20718BF4140C1F311
:102D80004E02C90718BF4240C2F34E01D20718BF16
:102D90004140C1F34E02C90718BF4240C2F34E0181
:102DA000D20718BF414079408AB2C90780EA52036E
:102DB00089F8047008BF5308C3F34E01DA0718BF3F
:102DC0004140C1F34E02C90718BF4240C2F34E0151
:102DD000D20718BF4140C1F34E02C90718BF424095
:102DE000C2F34E01D20718BF4140C1F34E02C907DA
:102DF00018BF4240C2F34E01D20718BF414081EADA
:102E000008018AB2C90780EA520389F8058008BF21
:102E10005308C3F34E01DA0718BF4140C1F34E0215
:102E2000C90718BF4240C2F34E01D20718BF414044
:102E3000C1F34E02C90718BF4240C2F34E01D20788
:102E400018BF4140C1F34E02C90718BF4240C2F348
:102E50004E01D20718BF4140080A89F80700082030
:102E600089F8061028804FE240F21C76C2F2000674
:102E70000029718000F035813289F0881AB1728999
:102E8000904200F02B81708100204A29307040F080
:102E90001B81B0884CF2EA11884240F0198101F0A0
:102EA000A9FC03F0B9FD012010E100BF40F21C7045
:102EB000C2F20000C18014E1B8F80B1098F80D00C0
:102EC000090409BA98F80E2041EA00604CF6FF1197
:102ED00040EA0240C3F69A31884235D9009620462E
:102EE00010218AE441F25410834251D341F29320DD
:102EF00081424DD84EF6AC5CB346CA46002041F242
:102F0000541141F2D412CFF6FF7C02E00130874227
:102F10004AD01E18751AADB2802DF7D3B51AADB2CE
:102F2000802DF3D31CFA86F6032EEFD3CDF800B034
:102F30002046102102225346DEE400BF00962046C0
:102F40001021FFF7C1BB00BFB8F8071098F809209F
:102F5000090409BA98F80A3041EA026141EA0342D9
:102F600044F6D351C1F26201A0FB010144F24023B7
:102F700088090021C0F20F03E2FB0301FEF708FA03
:102F8000009620460A2104224B46019542E200BFEA
:102F90002046102102224B4600960195FEF7A2FA28
:102FA00009B0BDE8F08F00BF00260025994608EB68
:102FB000460009EB0601B0F8070002BA88B2110C0E
:102FC00001F0E8F9002818BF01250136B742EED11B
:102FD000002D18BFFEF7BEFE204649463A4653462E
:102FE000CDF800B014E200BF27F003000790484678
:102FF000DDF814E0002309F1040209F1020C0020BD
:1030000008900CE001250895654640EA01202880DB
:103010000798043398420EF1080E3FF4C0AB08EB5A
:1030200043060BEB030085B2317A9EF800A0202DF9
:1030300006D0212D08D0222D0AD109F1060504E081
:1030400001250895654600E0154641EA0A212980D8
:10305000411C8DB2BEF80210202D07D0212D09D0C1
:10306000222D0BD109F1060505E000BF01250895C9
:10307000654600E0154609BA090C2980811C8DB20D
:10308000BEF80410202D07D0212D09D0222D0BD100
:1030900009F1060505E000BF01250895654600E039
:1030A000154609BA090C2980C11C8DB2B07B9EF867
:1030B0000610202DA6D0212D04D0222DA8D109F153
:1030C0000605A2E71546A0E7A5F50050308105E00A
:1030D00041F6FF70281A3081012030700020C6F8B8
:1030E0000200062089F80100E04381B2C00785EAAA
:1030F000510289F8004089F802B089F803A008BF9E
:103100004A0885EA5200D10708BF500885EA5001F5
:10311000C20708BF410885EA5100CA0708BF48082E
:1031200085EA5001C20708BF410885EA5100CA0775
:1031300008BF480885EA5001C20708BF410885EA70
:103140005100CA0708BF4808C1074AF20201CFF67A
:10315000FF7108BF032181EA500089F8047081B231
:10316000C00785EA510289F8058008BF4A0885EA48
:103170005200D10708BF500885EA5001C20708BFB6
:10318000410885EA5100CA0708BF480885EA50018E
:10319000C20708BF410885EA5100CA0708BF4808AE
:1031A00085EA5001C20708BF410881EA0B0085EAA1
:1031B0005001C20708BF410885EA5100CA0708BF8D
:1031C000480885EA5001C20708BF410885EA510056
:1031D000CA0708BF480885EA5001C20708BF41086E
:1031E00085EA5100CA0708BF480885EA5001C207AE
:1031F00008BF410885EA5100CA0708BF480880EAAD
:103200000A0085EA5001C20708BF410885EA51005B
:10321000CA0708BF480885EA5001C20708BF41082D
:1032200085EA5100CA0708BF480885EA5001C2076D
:1032300008BF410885EA5100CA0708BF480885EA67
:103240005001C20708BF410885EA5100CA0708BFFC
:103250004808784085EA5001C20708BF410885EA5E
:103260005100CA0708BF480885EA5001C20708BFD5
:10327000410885EA5100CA0708BF480885EA50019D
:10328000C20708BF410885EA5100CA0708BF4808BD
:1032900085EA5001C20708BF410885EA5100CA0704
:1032A00008BF480880EA080085EA5001C20708BF45
:1032B000410885EA5100CA0708BF480885EA50015D
:1032C000C20708BF410885EA5100CA0708BF48087D
:1032D00085EA5001C20708BF410885EA5100CA07C4
:1032E00008BF480885EA5001C20708BF410885EABF
:1032F0005100CA0708BF4808010A89F8060089F882
:103300000710082012990880012009B0BDE8F08F4D
:1033100009F102020126089601E000BF024609BA3F
:10332000090C11800699012935D0591C0BEB0102BB
:10333000059E92B236F81110202A07D0212A0BD010
:10334000222A0DD109F1060207E000BF09F10202AD
:103350000126089601E000BF024609BA090C118057
:103360000699022917D0991C0BEB0102059B92B21A
:1033700033F81110202A07D0212A09D0222A0AD195
:1033800009F1060004E000BF09F1020001220892E1
:1033900009BA090C01800898A0B3B9F802004B469D
:1033A00080B31A89D98812B15A89914227D059819C
:1033B00000214A2819700BD1B9F804004CF2EA1127
:1033C00088420FD101F016FA03F026FB012005E038
:1033D0004AF20100CFF6FF70A0F500504B46A9F865
:1033E00008000CE04AF2010141F6FF70CFF6FF71D0
:1033F000081AA9F8080001204B4689F800000020AF
:10340000C3F802000498039B0090204659463A46B0
:10341000129F0197FEF708F909B0BDE8F08F000090
:10342000F0B581B0012800F0A282044640B940F214
:103430000A00C2F200000578A8B201B0F0BD00BFDA
:10344000052C33D841F60870C2F20000D0F8F864B9
:10345000D0F8FC7444F240223046C0F20F023946E4
:1034600000230025ECF714FF43F6095100FB01F19E
:103470004FF47A72A6EB811101FB02F144F23F2274
:10348000C0F20F02974288BF4FF0FF30A4F1020252
:1034900084BF4CF6FF11C3F69A31032ACCD8DFE87B
:1034A00012F071000905C106C50600BF092C33D80A
:1034B00041F60870C2F20000D0F80065D0F804753B
:1034C00044F240223046C0F20F0239460023002564
:1034D000ECF7DEFE43F6095100FB01F14FF47A727E
:1034E000A6EB811101FB02F144F23F22C0F20F0270
:1034F000974288BF4FF0FF30A4F1060284BF4CF61C
:10350000FF11C3F69A31032A96D8DFE812F03B0088
:10351000D3048B068F0600BF0D2C37D841F60870F8
:10352000C2F20000D0F80865D0F80C7544F24022D1
:103530003046C0F20F02394600230025ECF7A8FE02
:1035400043F6095100FB01F14FF47A72A6EB8111A9
:1035500001FB02F144F23F22C0F20F02974288BF02
:103560004FF0FF30A4F10A0284BF4CF6FF11C3F6FE
:103570009A31032A3FF660AFDFE812F004009C04A2
:10358000540658060546A8B201B0F0BD41F24310FA
:10359000844200F39180A4F10E007C2800F2F280B6
:1035A0000225DFE810F07D00E901E40109010901CD
:1035B00009010901090109010901090109010901BB
:1035C000090109010901090109013F0147014F01F1
:1035D00057015F0167010901090109010901090199
:1035E000090109010901090109010901090109018B
:1035F000090109010901090109010901090109017B
:10360000090109010901090109013501E4017F00EE
:10361000CD00BD006F017D0187010901090109018C
:10362000090109010901090109010901090109014A
:10363000090109010901090109010901090109013A
:10364000090109010901090109010901090109012A
:10365000090109010901090109010901090109011A
:10366000090109010901090109010901090109010A
:1036700009010901090109010901090109010901FA
:10368000090109010901090109010901CD007F00B2
:1036900091010901090109010901090109019B01C0
:1036A000CAE600BF41F60870C2F20000B0F89A54B2
:1036B000A8B201B0F0BD00BF41F24530844211DC38
:1036C00041F2441084422BD041F24430844241D034
:1036D00041F2453084426FD1FEF754F90546A8B255
:1036E00001B0F0BD42F28400201A03285AD8DFE866
:1036F00010F00500FF0003013E0100BF41F6087015
:10370000C2F2000090F81813002900F0308190F800
:1037100028030325400758BF0125A8B201B0F0BD1A
:1037200041F60870C2F200000178428AB0F8100534
:10373000002908BF0A4602EA0005A8B201B0F0BDA0
:1037400041F60870C2F20000B0F89854A8B201B077
:10375000F0BD00BF41F60870C2F2000090F8981268
:10376000002900F00481D0F8A8020422010702EA2F
:1037700090004FF0030158BF01214518A8B201B0D5
:10378000F0BD00BFB4F5A06F16D141F60870C2F2CB
:10379000000090F85D14052940F0D6800225A8B2FB
:1037A00001B0F0BD41F24630844205D1FEF7EAF89F
:1037B000050CA8B201B0F0BDA4F14A0081B21529F0
:1037C00000F29E80152800F2D280DFE810F017008A
:1037D0002100270131013B0145014F0159016301DE
:1037E0006D01770181018B0195019F01A901B30151
:1037F000BD01C701D101DB01E50100BF41F6087041
:10380000C2F20000B0F86C54A8B201B0F0BD00BF25
:1038100041F60870C2F20000B0F86E54A8B201B0D0
:10382000F0BD00BF40F21C70C2F200004588A8B293
:1038300001B0F0BD40F21C70C2F200008588A8B251
:1038400001B0F0BD40F21C70C2F20000C588A8B201
:1038500001B0F0BD40F21C70C2F200000589A8B2B0
:1038600001B0F0BD40F21C70C2F200004589A8B260
:1038700001B0F0BD40F21C70C2F200000578A8B2A1
:1038800001B0F0BD41F60870C2F20000B0F8720459
:10389000022510F4E07F08BF0125A8B201B0F0BDF9
:1038A00041F60870C2F20000B0F86454A8B201B04A
:1038B000F0BD00BF41F60870C2F20000B0F86654D7
:1038C000A8B201B0F0BD00BF41F60870C2F200001E
:1038D000B0F89C54A8B201B0F0BD00BF41F608702A
:1038E000C2F20000B0F89E54A8B201B0F0BD00BF13
:1038F0004425A8B201B0F0BD8025A8B201B0F0BD4A
:1039000024F00100A0F146011E2939D80025DFE886
:1039100001F01137133737373737373737373737FE
:1039200037373737373737373737373755376137DF
:103930006F0000BF80E500BFB4F1480518BF44F236
:10394000C815A8B201B0F0BDB0F86E2442F0020272
:10395000072A05D14FF40045A8B201B0F0BD00BF61
:103960000139012903D8B0F89204400704D4002596
:10397000A8B201B0F0BD00BF0125A8B201B0F0BDF2
:10398000A4F166010B2900F22F81DFE811F00D0090
:103990000F01190123012D012D012D012D016F01B1
:1039A00051015B01650100BF41F60870C2F20000E1
:1039B00090F85D54A8B201B0F0BD00BF41F60870A8
:1039C000C2F20000B0F848049FEDAE1A00EE100AF3
:1039D000602C18E041F60870C2F20000B0F94A0409
:1039E0009FEDA81A00EE100A622CB8EEC00A0CE097
:1039F00041F60870C2F20000B0F850049FEDA21A20
:103A000000EE100A642CB8EE400A80EE010A10EEB7
:103A1000105A18BF2D0CA8B201B0F0BD41F60870C5
:103A2000C2F20000D0F87054A8B201B0F0BD00BFDF
:103A300041F60870C2F20000B0F87254A8B201B0AA
:103A4000F0BD00BF41F60870C2F20000B0F8745437
:103A5000A8B201B0F0BD00BF41F60870C2F200008C
:103A6000B0F87654A8B201B0F0BD00BF41F60870BE
:103A7000C2F20000B0F87854A8B201B0F0BD00BFA7
:103A800041F60870C2F20000B0F87A54A8B201B052
:103A9000F0BD00BF41F60870C2F20000B0F87C54DF
:103AA000A8B201B0F0BD00BF41F60870C2F200003C
:103AB000B0F87E54A8B201B0F0BD00BF41F6087066
:103AC000C2F20000B0F88054A8B201B0F0BD00BF4F
:103AD00041F60870C2F20000B0F88254A8B201B0FA
:103AE000F0BD00BF41F60870C2F20000D0F8845467
:103AF000A8B201B0F0BD00BF41F60870C2F20000EC
:103B0000B0F88654A8B201B0F0BD00BF41F608700D
:103B1000C2F20000D0F88854A8B201B0F0BD00BFD6
:103B200041F60870C2F20000B0F88A54A8B201B0A1
:103B3000F0BD00BF41F60870C2F20000D0F88C540E
:103B4000A8B201B0F0BD00BF41F60870C2F200009B
:103B5000B0F88E54A8B201B0F0BD00BF41F60870B5
:103B6000C2F20000B0F89054A8B201B0F0BD00BF9E
:103B700041F60870C2F20000B0F89254A8B201B049
:103B8000F0BD00BF41F60870C2F20000B0F89454D6
:103B9000A8B201B0F0BD00BF41F60870C2F200004B
:103BA000B0F89654A8B201B0F0BD00BF41F608705D
:103BB000C2F2000090F85E54A8B201B0F0BD00BFA0
:103BC00041F60870C2F20000B0F85254A8B201B039
:103BD000F0BD00BF41F60870C2F20000B0F85454C6
:103BE000A8B201B0F0BD00BFA0F16A011E2900F229
:103BF0004D80DFE801F0114B6F4B4B4B4B4B4B4B68
:103C00004B4B4B4B4B4B4B4B4B4B4B4B4B4B4B4B04
:103C10007B4B874B930000BF41F60870C2F2000057
:103C2000B0F84C049FED171A00EE100A6A2CEAE671
:103C300041F60870C2F20000B0F85654A8B201B0C4
:103C4000F0BD00BF41F60870C2F20000B0F8585451
:103C5000A8B201B0F0BD00BF41F60870C2F200008A
:103C6000B0F85A54A8B201B0F0BD00BF41F60870D8
:103C7000C2F20000B0F8620400BA050CA8B201B0AC
:103C8000F0BD00BF00007A440000C84224F00301E8
:103C90008C294FD141F60870A4F18C02C2F20000C9
:103CA00092B2D0F8A0142023D0F8A404A3EB0213FE
:103CB0001701F9406FF01F0700FA03F307EB021238
:103CC00041EA0305002A58BF20FA02F5A8B201B064
:103CD000F0BD00BF41F60870C2F20000B0F94E041A
:103CE0001FED181A00EE100A6C2C7EE641F60870E3
:103CF000C2F20000D0F8AC54842C18BF2D0CA8B22E
:103D000001B0F0BD41F60870C2F20000D0F8B05426
:103D1000862C18BF2D0CA8B201B0F0BD41F608707A
:103D2000C2F20000D0F8B454882C18BF2D0CA8B2F1
:103D300001B0F0BD90280BD141F60870C2F200002E
:103D4000D0F8A854902C18BF2D0CA8B201B0F0BD2B
:103D5000A4F19A0080B203281CD841F60871C2F27F
:103D60000001D1F8A0242023D1F8A414A3EB001360
:103D70000701FA406FF01F0701FA03F307EB001089
:103D800042EA0305002858BF21FA00F5A8B201B0A5
:103D9000F0BD00BF24F00F00B0280DD0A0281FD127
:103DA000A4F1A00080B241F608724100C2F2000204
:103DB00002F597620AE000BFA4F1B00080B241F6BC
:103DC00008724100C2F2000202F59B62013112F852
:103DD0001000515C41EA0025A8B201B0F0BD00BF5F
:103DE000A4F1840080B23C28FFF4C1ADA4F580505A
:103DF00082B29309042B21D84CF6CD41CCF6CC41AC
:103E0000A2FB011241F60871C2F2000112090F78FB
:103E100002EB8203002FA0EB83001FBFB1F8103527
:103E20000127974013EA07034FF0000540F0F480A4
:103E3000C00718BF2D0CA8B201B0F0BDB1F58A5F64
:103E40003CD141F60870C2F20000D0E9026500786A
:103E500044F24022002804BF054606463046C0F220
:103E60000F0229460023ECF713FA43F6095100FB31
:103E700001F14FF47A72A6EB811101FB02F144F2D9
:103E80003F22C0F20F02954288BF4FF0FF30A4F5E9
:103E90008A5284BF4CF6FF11C3F69A31032A3FF6CB
:103EA00066ADDFE812F005000700BF01C30100BFE7
:103EB000FFF768BB050CA8B201B0F0BD41F2541089
:103EC000201A82B29309042B00F2BE8040F21C71CA
:103ED000C2F200014B78002B40F0978041F6EC06CF
:103EE0004FF07E57C2F200060023C6E90073C6E910
:103EF0000233C6E90473C6E90633C6E90873C6E9A6
:103F00000A33C6E90C73C6E90E33C6E91073C6E975
:103F10001233C6E91473C6E91633C6E91873C6E945
:103F20001A33C6E91C73C6E91E33C6E92073C6E915
:103F30002233C6E92473C6E92633C6E92873C6E9E5
:103F40002A33C6E92C73C6E92E33C6E93073C6E9B5
:103F50003233C6E93473C6E93633C6E93873C6E985
:103F60003A33C6E93C73C6E93E3341F6EC26C2F269
:103F70000006C6E90073C6E90473C6E90873C6E91A
:103F80000C73C6E91073C6E91473C6E91873C6E961
:103F90001C73C6E92073C6E92473C6E92873C6E911
:103FA0002C73C6E93073C6E93473C6E93873C6E9C1
:103FB0003C7340F20A07C6E90233C6E90633C6E994
:103FC0000A33C6E90E33C6E91233C6E91633C6E929
:103FD0001A33C6E91E33C6E92233C6E92633C6E9D9
:103FE0002A33C6E92E33C6E93233C6E93633C6E989
:103FF0003A33C6E93E33CB600B61C2F200074FF69D
:10400000FF768B8201237E804B70802A32D241F66C
:10401000EC01C2F2000137E0C0F34303092B00F2C8
:104020000981DFE813F00B0009010F0115011B01E5
:10403000210127012D013301390100BF02EB4202AA
:1040400001EBC2014D69F3E6A4F5985082B2352A1E
:1040500028D841F60871C2F2000191F89822002A8E
:1040600000F088804FF6FE72104001EB4000D0F85F
:10407000AC5280E041F2D410201A82B27F2A4DD88F
:1040800041F6EC21C2F2000183B2DA08C3F3410326
:1040900000F00100DFE803F002767A7E01EB021106
:1040A0007BE000BFB1F59A5F48D141F60870C2F2DB
:1040B0000000D0E9A86590F8980244F24022002858
:1040C00004BF054606463046C0F20F0229460023CB
:1040D000ECF7DEF843F6095100FB01F14FF47A7278
:1040E000A6EB811101FB02F144F23F22C0F20F0264
:1040F000954288BF4FF0FF30A4F59A5284BF4CF62A
:10410000FF11C3F69A31032A3FF631ACDFE802F023
:1041100004028A8ECEE600BFFFF734BA41F2542083
:10412000201A05283FF623ACDFE800F004BCC0C429
:10413000C8D000BF8D89A8B201B0F0BD24F07F00C7
:10414000B0F5005F30D1A4F5005080B200254328BF
:104150003FF672A941F60871C2F2000191F81823E6
:10416000002A3FF469A901EB8000B0F82C53A8B2F3
:1041700001B0F0BD0025E00718BF2D0CA8B201B0BA
:10418000F0BD00BF01EB0211043106E001EB0211AA
:10419000083102E001EB02110C310D68002818BF54
:1041A0002D0CA8B201B0F0BDB1F5025F7FF4DFAB1A
:1041B00041F60870C2F20000D0E9C86590F8180313
:1041C00044F24022002804BF054606463046C0F2AD
:1041D0000F0229460023ECF75BF843F6095100FB78
:1041E00001F14FF47A72A6EB811101FB02F144F266
:1041F0003F22C0F20F02954288BF4FF0FF30A4F576
:10420000025284BF4CF6FF11C3F69A31032A3FF6DF
:10421000AEABDFE802F00503070B00BF4AE600BFC4
:10422000FFF7B0B90D46A8B201B0F0BD0D0CA8B2B1
:1042300001B0F0BD0025FBE502EB420201EBC2013B
:104240008D69F5E502EB420201EBC201CD69EFE5B4
:1042500002EB420201EBC2010D6AE9E502EB420208
:1042600001EBC2014D6AE3E502EB420201EBC20140
:104270008D6ADDE501EB0211D1F89451D8E500BF5C
:1042800001EB0211D1F89851D2E500BF01EB021108
:10429000D1F89C51CCE500BF01EB0211D1F8A0513F
:1042A000C6E500BFCD89A8B201B0F0BD0D8AA8B2A5
:1042B00001B0F0BD4D8AA8B201B0F0BD40F20A00D5
:1042C000C2F200004588A8B201B0F0BD8D8AA8B244
:1042D00001B0F0BD2DE9F0418AB0002857D0044666
:1042E00001A803F007FF9DF82100013801284ED8EE
:1042F000D4E908650EF0D6F9206841F6F037A16AD6
:10430000C2F20007C7E90106C7E9035104F12C0115
:1043100007F114004FF4C072ECF71CF804F5D671E5
:1043200007F5CA704FF48072ECF714F84FF00108EB
:1043300087F8008041F68867D4F8D003C2F20007FE
:10434000386104F2D44107F114006C22C7E9026518
:10435000ECF700F887F8008042F22847A06AC2F222
:104360000007386104F52B7107F114004FF48872CF
:10437000C7E90265EBF7EEFF87F800800CF084FBDD
:1043800042F22041C2F2000108600EF09BF90AB02F
:10439000BDE8F08180B540F21C7CC2F2000C9CF8B4
:1043A0000120002A40F09C8041F6EC024FF07E5E36
:1043B000C2F200020023C2E900E3C2E90233C2E90B
:1043C00004E3C2E90633C2E908E3C2E90A33C2E9F9
:1043D0000CE3C2E90E33C2E910E3C2E91233C2E9C9
:1043E00014E3C2E91633C2E918E3C2E91A33C2E999
:1043F0001CE3C2E91E33C2E920E3C2E92233C2E969
:1044000024E3C2E92633C2E928E3C2E92A33C2E938
:104410002CE3C2E92E33C2E930E3C2E93233C2E908
:1044200034E3C2E93633C2E938E3C2E93A33C2E9D8
:104430003CE3C2E93E3341F6EC22C2F20002C2E99B
:1044400000E3C2E904E3C2E908E3C2E90CE3C2E91C
:1044500010E3C2E914E3C2E918E3C2E91CE3C2E9CC
:1044600020E3C2E924E3C2E928E3C2E92CE3C2E97C
:1044700030E3C2E934E3C2E938E3C2E93CE340F2A5
:104480000A0EC2E90233C2E90633C2E90A33C2E9BD
:104490000E33C2E91233C2E91633C2E91A33C2E954
:1044A0001E33C2E92233C2E92633C2E92A33C2E904
:1044B0002E33C2E93233C2E93633C2E93A33C2E9B4
:1044C0003E33C2F2000E4FF6FF72AEF80220012218
:1044D000CCF80C30CCF81030ACF814308CF801204B
:1044E00041F25412831A9AB2802A05D241F6EC0C9A
:1044F000C2F2000C0AE000BF41F2D412831A9AB251
:104500007F2A13D841F6EC2CC2F2000C9AB203F0C9
:104510000103D0080CEB001EC2F341004FEA520C1D
:10452000DFE800F00214181C704619E041F2562230
:10453000904235D041F25522904235D041F254227A
:1045400090422FD10020ACF80C1080BD0EF1040079
:1045500006E000BF0EF1080002E000BF0EF10C0003
:104560000068002B11BFC0EA01414FF6FF72904373
:1045700001440CF00300DFE800F003070B0F00BF5D
:104580000020CEF8001080BD0020CEF8041080BDC1
:104590000020CEF8081080BD0020CEF80C1080BDA1
:1045A000ACF81010002080BD0120ACF80E1080BDCA
:1045B000FEE70000EFF309801EF0100F08BF20EDAA
:1045C000108AEFF30B82734620E9FC0F0F4A116843
:1045D00008604FF0500080F31188BFF34F8FBFF396
:1045E0006F8F0EF013FC4FF0000080F31188084A23
:1045F00011680868B0E8FC0F13F0100F08BFB0ECAA
:10460000108A82F30B8880F309881847402600201F
:104610004026002070B540F62C46C4F2024656F8FB
:104620002C1C044621F0806046F82C0CF0F7E0FDCD
:10463000054600BF56F82C0C000107D5F0F7D8FD51
:10464000401B022884BF032070BDF3E7306843F6A7
:104650000371884394E80E00084340EA0220E168B1
:1046600030604FF47E4202EB41212269581E4FF424
:10467000FE0389B203EB02426FF35F20084402F4A9
:10468000FE0162694FF0FE4303EB0262084402F050
:10469000FE41084430613068A16920F00C000843F5
:1046A00030603068E16920F0200008433060606AC3
:1046B00031680843306030684FF6F87120F0100020
:1046C00030607069226A884340EAC20070613068D5
:1046D00040F01000306056F82C0C40F0806046F836
:1046E0002C0CF0F785FD044656F82C0C000144BF55
:1046F000002070BDF0F77CFD001B032824BF0320C1
:1047000070BDF1E770B540F63046C4F2024656F887
:10471000301C044621F0805046F8300CF0F768FD5C
:10472000054600BF56F8300C800007D5F0F760FD55
:10473000401B022884BF032070BDF3E7306843F6B6
:104740000371884394E80E00084340EA0220E168C0
:1047500030604FF47E4202EB41212269581E4FF433
:10476000FE0389B203EB02426FF35F20084402F4B8
:10477000FE0162694FF0FE4303EB0262084402F05F
:10478000FE41084470613068A16920F00C000843C4
:1047900030603068E16920F0200008433060606AD2
:1047A00031680843306030684FF6F87120F010002F
:1047B0003060B069226A884340EAC200B061306864
:1047C00040F01000306056F8300C40F0805046F851
:1047D000300CF0F70DFD044656F8300C800044BF55
:1047E000002070BDF0F704FD001B032824BF032048
:1047F00070BDF1E740F2B85072B6C2F2000000217D
:10480000C16562B670470000002808BF704740F2DB
:10481000B85172B6C2F20001CA6902608A69426088
:104820000A6A82604A6CC2600A6B0261CA6A4261AB
:104830008A6C8261CA6CC2610A6D02624A6D426210
:104840008A6A82624A6BC262CA6B02630A6C426302
:104850008A6B82638A6DC2634A6A0264CA6D42646B
:10486000CA8AA0F848204A8A8B78A0F84A208A7A17
:1048700080F8543080F84C20CA7ACB7880F84D20EC
:1048800080F855300A7B0B7980F84E2080F856303E
:104890004A7B4B7980F84F2080F857308A7B8B79A0
:1048A00080F8502080F85830CA7BCB7980F85120AE
:1048B00080F859300A7C0B7A80F8522080F85A3000
:1048C0004A7C4B7A80F8532080F85B30097880F876
:1048D0005C1062B670470000B0B540F2B855C2F245
:1048E0000005E86940210130E86140F60000C4F2AB
:1048F00002200022F0F776FC41F26864C2F2000464
:1049000042F6A461C2F2000120464FF48062F6F73D
:1049100041FB002818BFB0BDA9690131A961D4F8D5
:10492000801009684A6922F400724A61B0BD000033
:1049300070B584B0002040F2B856ADF80A00C2F25B
:104940000006307810B104B070BD00BF72B6707848
:10495000002800F08980B48A43F2A4254FF48060D7
:10496000C2F2000542F6A461B4F5806F28BF044688
:10497000C2F2000128462246EBF7ECFC00207070E2
:10498000B08262B642F6A422B06A0DF10A0C013080
:10499000B0622846C2F2000221464FF48063CDF88F
:1049A00000C0FDF7DDFC012862D1BDF80A10002926
:1049B0005ED0306B41F2040401303063706BCEF294
:1049C0000004013070634EF6FC50CEF20000016826
:1049D000C82341F08071016054F8040C002140F0BC
:1049E000010044F8040C40F21800C2F20000026812
:1049F00044F23F20C0F20F00E2FB030144F24022E8
:104A0000C0F20F020023EBF743FC216800BF00BF98
:104A100000BF00BF22688A4236D14CF6CD41CCF6A9
:104A2000CC41A0FB0101880803900398002845D0E1
:104A300003980138039000BF039800283ED00398E4
:104A40000138039000BF0398C0B303980138039066
:104A500000BF039890B303980138039000BF0398F8
:104A60000028E5D12AE000BF62B604B070BD00BFE7
:104A7000002840F60000C4F202202FD0316C002242
:104A8000013131642EE000BF21682268521A82424F
:104A900014D200BF00BF2268521A82420ED200BF59
:104AA0002268521A824209D200BF2268521A8242F8
:104AB00004D200BF2268521A8242EBD3BDF80A101A
:104AC00042F6A420C2F2000000F06CF800283FF487
:104AD0003AAFB06B0130B06304B070BDF16B00222F
:104AE0000131F1634021F0F77DFB41F26864C2F2CD
:104AF000000442F6A461C2F2000120464FF4806235
:104B0000F6F748FA20B1706A0130706204B070BDE7
:104B1000B0690130B061D4F880000068416921F4C7
:104B20000071416104B070BDB0B540F2B855C2F239
:104B30000005287848B341F26860C2F200000068BE
:104B4000C069400621D52878002808BFB0BD0020E4
:104B50002870A86D40210130A86540F60000C4F21D
:104B600002200022F0F73EFB41F26864C2F200042A
:104B700042F6A461C2F2000120464FF48062F6F7CB
:104B800009FA18B1686A01306862B0BDA8690130DD
:104B9000A861D4F880000068416921F40071416186
:104BA000B0BD00002DE9F04182B04FF0010698B190
:104BB0000546481E80B20C460021B1EB902F0BD168
:104BC00040F2B857C2F20007386A0130386272B654
:104BD000387828B162B60226304602B0BDE8F081CE
:104BE0000120387062B643F2A460C2F20000294688
:104BF0002246EBF7AFFB2046082C28BF0820297877
:104C00000128B97002D10020F8701BE069780228F1
:104C1000F97017D9A9780328397115D0E9780428D3
:104C2000797113D929790528B97111D069790628C4
:104C3000F9710FD9A9790728397214BFE8790020D2
:104C40000AE000BF00203871002078710020B871A0
:104C50000020F8710020387241F26866C2F2000646
:104C6000787240F600083046C4F202287C82F6F7DB
:104C7000E5FA306840210162404640210122F0F708
:104C8000B1FA002001900198C7281BD800BF0198F5
:104C9000013001900198C82814D200BF019801305A
:104CA00001900198C7280DD800BF019801300190EC
:104CB0000198C72806D800BF0198013001900198DB
:104CC000C828E3D341F26865C2F2000543F2A4614B
:104CD000C2F2000128462246F7F78AF830B30646AA
:104CE000786A402101307862404600220024F0F7C3
:104CF00079FA4046402100223C70F0F773FA41F205
:104D00006864C2F2000442F6A461C2F200012046C7
:104D10004FF48062F6F73EF900287FF45DAFB86982
:104D20000130B861D4F8800002E000BFE86F0026CF
:104D30000068416921F400714161304602B0BDE86C
:104D4000F0810000B0B582B0002401A90220002249
:104D50000194ECF737FC08B102B0B0BD0198FFF741
:104D6000B9FA0198EDF74CFA019440F28C34C2F292
:104D70000004E06801A90130E06002200022ECF7A5
:104D800021FC0028E8D10198FFF7A4FA0198EDF77B
:104D900037FA00250195E06801A90130E0600220A2
:104DA0000022ECF70FFC0028D6D10198FFF792FA09
:104DB0000198EDF725FA0195E06801A90130E0605E
:104DC00002200022ECF7FEFB0028C5D10198FFF776
:104DD00081FA0198EDF714FAE0680130E06002B062
:104DE000B0BD000040F28C31C2F200014A6808698F
:104DF000013200284A6014BF012170470CF0F0B85E
:104E000040F28C31C2F200018A6808690132002840
:104E10008A6014BF022170470CF0E2B840F28C3077
:104E2000C2F200000069002814BF022170470CF094
:104E3000D7B8000070B547F60C06C4F200463168DA
:104E4000044621F080013160F168890618D4306889
:104E500020F020003060F0F7CBF90546306880067E
:104E600030D4F0F7C5F9401BB0F57A7FF6D9306839
:104E7000800627D4032084F82D0084F82D0070BD0F
:104E8000F06820F02000F060306820F020003060F2
:104E9000F0F7AEF9054600BF3068800614D4F0F78D
:104EA000A7F9401BB0F57A7FF6D9306880060BD49D
:104EB000032084F82D0084F82D00F16841F02001D2
:104EC000F16070BD002070BD0020F16841F020014C
:104ED000F16070BD9AB00CF0C9F940F28C35C2F2A5
:104EE00000052861FCF7A6F9FFF7F6FC80B1002465
:104EF00064200BF07BFDFFF7EFFC0028A4F1010418
:104F0000F6D12CB148F202000A21002201F078FE0D
:104F10004020012102F0D0FA48F2020002301FFACC
:104F200080F90DF108084FF00A0B4FF0000A05F167
:104F3000140600BFFFF706FF4046FFF765FCBDF80B
:104F40004C0002F0ABFA0B98A96B88420ED1129874
:104F5000696D884218D11098E96C471A18BF01276B
:104F60001098E96C884217D02CE000BF48F202008C
:104F7000013881B24FF480000A22002301270097F4
:104F800001F080FF1298696D88424FF001070BD144
:104F90001098E96C884215D117B385F800A040201D
:104FA000002102F089FA49E0BDF84C304FF40000CE
:104FB00048F202010A22009701F064FF1098E96CA0
:104FC0008842E9D048F20200013081B24FF080708F
:104FD0000A2200230124009401F054FF002FDCD1A9
:104FE0001198296D884229D0401A0A2229780A2866
:104FF00038BF0A18D0B20A282A701FD34FF4800095
:1050000000210A220023002485F800B0009401F05A
:1050100039FF4FF4000000210A220023009401F020
:1050200031FF4FF0807000210A2200234FF0000A68
:10503000009401F027FF40200121B2E7FCF740F87F
:10504000084311D0FCF71AF90746B0FA80F044097A
:105050004FF4801049460B220023009401F012FF08
:105060002020394602F028FA304641466022EBF70C
:1050700071F90BF025FD074640F2E7300021E7FB10
:105080000B014FF47A720023EBF702F9024603207A
:105090000021002F08BF01220BF0FAFF00283FF586
:1050A00049AF0746800748BFFFF73EFDF8073FF4CA
:1050B00041AFFFF747FEFFF73BFC3BE741F20850EB
:1050C000C2F20000F4F766BA8160C1684EF2C00215
:1050D000CFF6FE72114041F2371241EA0203372146
:1050E00041F28832C36000F0E9BA00008160C16813
:1050F0004EF2C002CFF6FE72114041F22912114366
:10510000C16040F21801C2F20001096844F6D352AE
:10511000C1F26202A1FB0212510A6FF0030241F2D6
:10512000883301FB132100BF043102BF4FF000415F
:1051300008467047426B12F0450F02D012F400523D
:1051400014D0426B12F0450F02D012F400520DD071
:10515000426B12F0450F02D012F4005206D0426B9F
:1051600012F0450FE0D012F40052DDD1416B042261
:1051700011F0040104BFC522C0F220028263084678
:10518000704700008160C1684EF2C002CFF6FE7227
:10519000114041F2101241EA0203102141F288321B
:1051A000C36000F08BBA00008160C1684EF2C0029B
:1051B000CFF6FE72114041F2061241EA02030621C7
:1051C00041F28832C36000F079BA000000218160AA
:1051D000C1684EF2C002CFF6FE72114001F5805157
:1051E000C16040F21801C2F20001096844F6D352CE
:1051F000C1F26202A1FB0212510A6FF0030241F2F6
:10520000883301FB1321043104BF4FF00040704785
:10521000426B120609D4426B12065CBF426B5FEA16
:10522000026202D4426B1206EDD5C521C0F2200104
:1052300081630020704700004FF4D5718160C16820
:105240004EF2C002CFF6FE72114041F20812114335
:10525000C16040F21801C2F20001096844F6D3525D
:10526000C1F26202A1FB0212510A6FF0030241F285
:10527000883301FB132100BF043102BF4FF000410E
:1052800008467047426B12F0450F02D012F40052EC
:1052900014D0426B12F0450F02D012F400520DD020
:1052A000426B12F0450F02D012F4005206D0426B4E
:1052B00012F0450FE0D012F40052DDD1416B4907E6
:1052C0000AD4416BC9070BD1416B490644BF402149
:1052D00081630021084670470421816308467047B6
:1052E00001218163084670478160C1684EF2C002A7
:1052F000CFF6FE72114041F2121241EA020312216E
:1053000041F28832C36000F0D9B900008160C16801
:105310004EF2C002CFF6FE72114041F2111241EA84
:105320000203112141F28832C36000F0C7B90000C6
:105330008160C1684EF2C002CFF6FE72114041F2A8
:10534000071241EA0203072141F28832C36000F0EC
:10535000B5B9000000218160C1684EF2C002CFF6ED
:10536000FE72114041F202321143C16040F2180155
:10537000C2F20001096844F6D352C1F26202A1FBF5
:105380000212510A6FF0030241F2883301FB13212C
:10539000043102BF4FF0004108467047426B12F0E3
:1053A000450F02D012F4005214D0426B12F0450F98
:1053B00002D012F400520DD0426B12F0450F02D011
:1053C00012F4005206D0426B12F0450FE0D012F4F6
:1053D0000052DDD1416B49070AD4416BC9070BD19B
:1053E000C521C0F22001816300210846704700BF3B
:1053F0000421816308467047012181630846704794
:105400008160C1684EF2C002CFF6FE72114041F2D7
:1054100009321143C16040F21801C2F2000109686B
:1054200044F6D352C1F26202A1FB0212510A6FF09C
:10543000030241F2883301FB132100BF043102BF94
:105440004FF0004108467047426B12F0450F02D002
:1054500012F4005214D0426B12F0450F02D012F435
:1054600000520DD0426B12F0450F02D012F40052E0
:1054700006D0426B12F0450FE0D012F40052DDD19D
:10548000416B49070AD4416BC9070BD1C521C0F252
:105490002001816300210846704700BF0421816319
:1054A00008467047012181630846704700218160EA
:1054B000C1684EF2C002CFF6FE72114041F23312C3
:1054C00041EA0203332141F28832C36000F0F6B8AA
:1054D0008160C1684EF2C002CFF6FE72114041F207
:1054E0000D1241EA02030D2141F28832C36000F03F
:1054F000E5B8000000228260C2684EF2C003CFF619
:10550000FE731A4041F203131A43C26040F21802BC
:10551000C2F20002126844F6D353C1F26203A2FB46
:1055200003235A0A6FF0030C41F2883302FB13C2C3
:10553000043202BF4FF0004108467047436B13F03E
:10554000450F02D013F4005314D0436B13F0450FF2
:1055500002D013F400530DD0436B13F0450F02D06B
:1055600013F4005306D0436B13F0450FE0D013F44F
:105570000053DDD1426B520720D4426BD20721D1B8
:105580000269D2B2032A1EBF012108467047C52214
:10559000C0F220028263406910F4604F16D04104CB
:1055A00042BF4FF400510846704700044FF4805149
:1055B00058BF4FF480310846704700BF0421816313
:1055C000084670470121816308467047000C088037
:1055D000002108467047000000218160C1684EF23A
:1055E000C002CFF6FE72114041F20D1241EA0203F1
:1055F0000D2141F28832C36000F060B810B5044656
:10560000C0684EF2C00140F08000E060E068CFF674
:10561000FE7120F04000E0600020A060E0684EF2E3
:105620000012084041F20C110843E0602046C0F22D
:10563000F5520C2100F042F8E168B0F1007208BFA9
:10564000104621F08001E16010BD00008160C1685A
:105650004EF2C002CFF6FE72114041F2191241EA39
:105660000203192141F28832C36000F027B800001C
:105670008160C1684EF2C002CFF6FE72114041F265
:10568000181241EA0203182141F28832C36000F087
:1056900015B8000080B5024691E809505062936247
:1056A00008694EEA0C0318434969D36A084323F09A
:1056B000FF0101430020D16280BD000040F21803C9
:1056C000C2F20003D3F800C044F6D353C1F2620320
:1056D000ACFB033C4FEA5C2303FB02F340F2450CB6
:1056E0000246C0F2200C00BF002B04BF4FF0004068
:1056F0007047506B10EA0C0F02D010F400501ED00F
:10570000012B00F09580506B10EA0C0F02D010F4C2
:10571000005014D0022B00F08B80506B10EA0C0F5D
:1057200002D010F400500AD0043B581C00F08080D6
:10573000506B10EA0C0FD7D010F40050D4D1506B3E
:10574000400742BF042090637047506BC0071EBFE4
:105750000120906370470CF1800090631069C0B223
:1057600088421CBF0120704750694EF20801CFF6F5
:10577000FF51084204BF00207047002844BF4FF08B
:1057800000707047410044BF40207047810044BF13
:1057900080207047C10044BF4FF480707047010102
:1057A00044BF4FF400707047410144BF4FF4806024
:1057B0007047C10144BF4FF400607047010244BF0D
:1057C0004FF480507047410244BF4FF4005070477F
:1057D000810244BF4FF480407047C10244BF4FF480
:1057E00000407047410344BF4FF4003070478103CD
:1057F00044BF4FF480207047C10344BF4FF40020E2
:105800007047010444BF4FF480107047410444BF07
:105810004FF400107047810444BF4FF4800070477C
:1058200000074FF4000058BF4FF48030704700BFAE
:105830004FF0004070470000006800F00300704720
:10584000084440697047000080B58446DDE9020ED7
:10585000114319430843DCF8041042F60042CFF626
:10586000C07240EA0E00114001430020CCF8041041
:1058700080BD00000146006820F0030200200A609D
:10588000704700000146006840F0030200200A60F3
:1058900070470000D0F88000704700000968024699
:1058A0000020C2F8801070472DE9F04786B00C4602
:1058B0000546EFF79DFC2968064608460821FFF7D4
:1058C00061FC18B106B0BDE8F08700BF696C2868BC
:1058D0000904FFF7F9FB0028F4D14FF0FF300090E6
:1058E00008200190302002900220039000200490B4
:1058F0000121286805916946FFF7CCFE2868FFF76B
:10590000D5FD0028DED1002740F22A5A4FF00008CA
:105910004FF0000907E000BFEFF76AFC801B013081
:105920004FF00040CED029684A6B486B12EA0A0F4C
:105930000ED100F400203843EED10846FFF7AAFF4D
:10594000296880460846FFF7A5FF81460127E3E75F
:10595000000715D4486B800714D4486B800613D415
:1059600040F63A70C1F60000886399FA89F098FA17
:1059700088F1C4E90001002006B0BDE8F08700BF4F
:10598000082002E0022000E02020886306B0BDE885
:10599000F08700001EF0040F0CBFEFF30880EFF358
:1059A00009800149084700BFE9270208002808BF0D
:1059B000704780B572B64CF65031C2F200016022D9
:1059C000EAF7C8FC62B680BD4CF65030C2F2000067
:1059D00040880138B0FA80F040097047B0B582B015
:1059E0004CF20054C2F2000445F2F771C0F6020115
:1059F0002046012207F05EFE4CF65035C2F200054B
:105A000020B100210446298041E000BF207804280D
:105A100028D101206988288000200129A88018BF8A
:105A2000688045F2F7706946C0F6020001AA07F0E7
:105A3000D5FC90B90198009A816940890239A1FB8F
:105A40000013A2FB0002C90AC00A41EA435140EA1E
:105A500042500A1AC5E90510EA610024204602B046
:105A6000B0BD00BF45F2F771C0F602010020002270
:105A7000002407F01FFE4CF20050C2F200004FF469
:105A80000F71EAF780FC2C800D2448F20100A880F9
:105A90004FF40040688064200AF0A8FF204602B05E
:105AA000B0BD00002DE9F04F81B04CF65037C2F286
:105AB00000077888012800F08D804CF2B02BB0F5FB
:105AC000004FC2F2000B10D1DBF8000058B14CF2CD
:105AD000B024C2F20004204607F050FC20464FF4E8
:105AE0001471EAF750FC002078803888012805D02E
:105AF000FFF774FF0146002840F0A780F8880028CF
:105B000071D140F24050C2F2000000F108045DA1E2
:105B1000204608F06DF8002865D14CF6C015C2F299
:105B200000052046294608F0E5F800284FF0000956
:105B300054D1A87E002851D04FF0000905F11A0673
:105B40000FF2441A05F12108304651460322EAF7C4
:105B500042FCF8B93046EAF72DFC0B281AD1404632
:105B60004AA10522EAF737FCA0B9687FA0F130010D
:105B700009290FD8A97FA1F13002092A0AD8EA7FA2
:105B8000A2F13003092B05D895F820C0ACF1300301
:105B9000092B0FD900201FFA89F182B28A4288BFEF
:105BA00081462046294608F0A5F8B8B9A87E002805
:105BB000CAD113E000EB800001EB400042F6B07167
:105BC00000EB800002EB400000EB80000CEB40009B
:105BD0000844E0E7002001B0BDE8F08F204607F060
:105BE000E7FBA7F80690DBF8000058B14CF2B024B0
:105BF000C2F20004204607F0C1FB20464FF41471A6
:105C0000EAF7C1FBF88842F20F71884206D348F2E6
:105C10000000C8F20300C7F802001FE007F12004EB
:105C2000431C1CA220462021FB800EF017FC4CF2E6
:105C3000B020C2F2000021460A2207F09DFD88B183
:105C40000146B8804FF40040788003294FF00700E8
:105C500018BF0C2902D101B0BDE8F08F012001B0BE
:105C6000BDE8F08F40F240510020C2F20001086010
:105C70000121C7E902003861C7F8021001B0BDE890
:105C8000F08F00BF303A2F004C4F47002E42494E54
:105C900000000000303A2F4C4F47253034752E421B
:105CA000494E0000F0B583B04CF65035C2F2000505
:105CB0004CF2B0266988C2F200063068012903D090
:105CC00010B9002003B0F0BD02214FF0000469803C
:105CD00088B140F24057C2F20007386858B14CF220
:105CE000B020C2F2000008F045F8E8B10446A880F0
:105CF0004FF4004068803068D8B14CF2B020C2F256
:105D0000000007F03BFB28B1A8804FF400406880FA
:105D10004EE000BF4CF2B020C2F200004FF414710C
:105D2000EAF731FB002404E000243C6030680028DE
:105D3000E3D16888B0F5004F3AD005F1400005F195
:105D400020012022EAF72AFB002085F85F00C5F831
:105D5000020045F2F77001A9C0F6020002AA07F09E
:105D60003DFB28B16888B0F5004F21D017E000BF97
:105D70000298019A816940890239A1FB0013A2FBB4
:105D80000002C90AC00A41EA435140EA42500A1AD5
:105D9000C5E90510EA616888B0F5004F08D0002C0D
:105DA0003FF48FAF0C2C11BF032C072003B0F0BDC4
:105DB000012003B0F0BD00002DE9F04F87B004468C
:105DC0000020002C069000F0CD814CF65030C2F23D
:105DD0000000408801281EBF072007B0BDE8F08FF3
:105DE000ECF788FFD4E902A94CF23C7C8046002005
:105DF0000021C2F2000C00236618F76A30314CF81B
:105E00000370356B0CEB03077D60756B5033BD6021
:105E1000B56BB3F5207FFD60F56B3D61356C7D6141
:105E200004EB0005D5F8AC2100F12000BA61D5F8EB
:105E3000B021FA61D5F8B4213A62D5F8B8217A6276
:105E4000726CBA62B26CFA62F26C3A63326D7A6367
:105E5000726DBA63B26DFA63D5F8BC213A64D5F8B5
:105E6000C0217A64D5F8C421BA64D5F8C821FA648F
:105E7000C2D14CF6E02004F2D441C2F200006C2200
:105E8000EAF768FA4CF6B0310020C2F2000100BF18
:105E900004EB4002B2F8AC320B52B2F8B0720B18FD
:105EA0005F80B2F8B47222309F80B2F8B87288284E
:105EB000DF80B2F8BC721F81B2F8C0725F81B2F8A5
:105EC000C4729F81B2F8C872DF81B2F8CC721F82AF
:105ED000B2F8D0725F82B2F8D4729F82B2F8D872F0
:105EE000DF82B2F8DC721F83B2F8E0725F83B2F82F
:105EF000E4729F83B2F8E872DF83B2F8EC221A846E
:105F0000C6D1A8F10100B0FA80F04BF6B0244009E8
:105F1000C2F20004C60120464FF400614AF20105B6
:105F2000EAF731FA701C4CF23C71A5276070A01C96
:105F3000C2F200014FF420722770EAF70BFA4FEA21
:105F400019414FEA1A424AF25A500291059284F8D6
:105F500084224FEA196284F88812A4F88A02B01CDD
:105F60004CF6E0214FEA19284FEA1A2B04924FEA27
:105F70001A6384F8892284F88C0204F28D20C2F21C
:105F800000016C2284F882A284F883B2039384F81F
:105F9000853284F8869284F88782CDF80480EAF707
:105FA000D9F9059884F8FE8284F8FB020398DDF89D
:105FB000088084F8FC0204984CF6B03184F80003A1
:105FC0004AF25A50A4F80103F01C84F8030304F5C4
:105FD0004170C2F20001882284F8F9A284F8FAB272
:105FE00084F8FD9284F8FF82EAF7B4F905984FF639
:105FF000FF7184F88E03039884F88CA384F88F03D0
:10600000019884F88DB384F89103049884F89093F0
:1060100084F893035A2084F894034FF60400CFF6D3
:10602000FF7084F8928300BF794085EA5102CB0764
:1060300008BF4A0885EA5201D30708BF510885EA1C
:106040005102CB0708BF4A0885EA5201D30708BFAF
:10605000510885EA5102CB0708BF4A0885EA520178
:10606000D30708BF510885EA5102CB0708BF4A0889
:1060700085EA5201D30708BF510878B3221892F875
:10608000FD3792F8FE77594085EA5102CB0708BFE9
:106090004A0885EA5201D30708BF510885EA510230
:1060A000CB0708BF4A0885EA5201D30708BF510849
:1060B00085EA5102CB0708BF4A0885EA5201D30797
:1060C00008BF510885EA5102CB0708BF4A0885EA94
:1060D0005201D30708BF51080230A5E7080A84F827
:1060E000FE07002084F8FF074CF2B02084F8FD176B
:1060F000C2F2000006AB21464FF4006207F08AFFAF
:10610000A0BB0699B1F5006F30D14CF65035C2F204
:10611000000505F1080207CA40F2405410F500607E
:1061200041F10001C2F20004C5E902012068013218
:1061300000F50060B0F5803F2A6120603EBF00207E
:1061400007B0BDE8F08F4CF2B020C2F2000007F0BB
:1061500011FEE8B1A8804FF400406880012007B02C
:10616000BDE8F08F042007B0BDE8F08F4CF6503149
:10617000002804BF48F20200CFF6FF70C2F200010F
:1061800088804FF400404880012007B0BDE8F08FC0
:106190000020206007B0BDE8F08F000001200AF069
:1061A00025FCFBE7B8B008A8F3EE0BFA40F2004775
:1061B000F3EE0EEA40F26C369FED6B8A9FED6B9A20
:1061C0009FED6BAA9FED6BBA9FED6BCA9FED6BDAEB
:1061D0009FED6BEA9FED6BFADFED6B8ADFED6B9A5B
:1061E000DFED6BAADFED6BBADFED6BCADFED6BDACB
:1061F00040F6884A20304FF00008C4F20227C2F26D
:1062000000064FF47A7BC2F2000A0590384610214E
:10621000CDF81C80EEF7E0FF81460138B0FA80F03F
:1062200044090AF031FC317841B17178A1420BD1B7
:106230003169401A32280ED2BCE000BF0121317012
:106240007470B4703061B5E0014674703061401A0A
:106250003228C0F0AF80B078A04200F0AB80B9F136
:10626000010FB47040F0A680F0680130F060FFF7D5
:10627000ABFB38B3FFF716FD044620A8FFF796FBEB
:10628000BDF8843025464FF000604AF201010D222E
:10629000002C18BF0125009500F0F4FD08AD28463C
:1062A000FFF784FB9DF86000059B002818BF05F1EF
:1062B0004003002C74D0BDF824200FF2F05021468A
:1062C00075E000BFFFF7EEFB044620A8FFF76EFB6A
:1062D000BDF8843025464FF000604AF201010D22DE
:1062E000002C18BF0125009500F0CCFD08A8FFF791
:1062F0005DFB002C00F0D282BDF8242045F24B70EB
:10630000C0F6020021460EF099F840F2A450C2F205
:106310000000016840F2A050C2F20000026840F2A2
:106320009850C2F20000036840F29C50C2F2000094
:10633000D0F800E040F2A85540F2AC5440F2B05022
:10634000C2F20005C2F20004C2F200002D68246807
:10635000D0F800C045F29970C0F60200CDE900E522
:106360000294CDF80CC022E00AD7233CCDCCCC3D22
:10637000CDCC4C3E0AD7A33C6F12833A6F12033B3D
:10638000A69B443B0000E4410000FC4100000442A5
:1063900000000A42000010420000164200001C42A9
:1063A000BDF824500C9A0FF23C5019462B460EF0C3
:1063B00045F800BF012007A91422EBF703F90028D4
:1063C00000F040820AF060FB0546FFF7FDFA002866
:1063D00000F052827069281A1428C0F04D8275614D
:1063E0007068069000F101090AF04EFBA0FB0B4813
:1063F00050464FF4A861E9F7C6FF00EE109A0F204F
:10640000B8EE400ACFF6FF70CAF81000CAF82800AC
:10641000082020EE080ACAE90248CAE90848CAE981
:10642000F248CAF8D0030120002100224FF07E5824
:10643000CAF80090CAF81890CAF8C093431E9BB2DD
:106440000AEB020401EE103A87B2B8EE411A0AEBE9
:10645000010330EE011AC3F8AC8131EE092A31EEA6
:106460000A3A21EE094A84ED0C2A84ED0D3A34EE05
:10647000082A34EE0B3A84ED0F2A84ED0B1A84EDD2
:10648000103A84ED0E4A21EE0C2A21EE0D3A21EE4F
:106490000E1A83ED6C2A83ED6D3A83ED6E1AD3E903
:1064A0006C6C01EE107AD3F8ACE1B8EE411AD3F877
:1064B000B85130EE011AC3F8D4E331EE092AC3F81B
:1064C000D863C3E9F7C584ED122A21EE092A31EE1B
:1064D0000A3A32EE084A32EE0B5A84ED133A84ED52
:1064E000142A84ED111A84ED154A21EE0C2A21EEAE
:1064F0000D3A21EE0E1A84ED165AC3F8BC8183EDD5
:10650000702A83ED713A83ED721AD3F8C071D3E922
:10651000716530320230B2F5C07F01F12001C3F85D
:10652000E483C3E9FA76C3F8F05387D146F61741FE
:10653000B7EE081A4FEAD900B1EE022AC1F2C161E2
:10654000A0FB010188084FF4B47100FB11900AF51B
:106550009B6100EE100A0AF2D440B8EE400A0AF23B
:106560003C5230EE011A30EE022A81ED001AB0EEF4
:10657000081A30EE011A0AF2DC4180ED000A81EDC2
:10658000001A0AF59C61B1EE081A81ED002A30EE7E
:10659000011AB1EE0E2A0AF2E44130EE022A81ED30
:1065A000001A0AF59D61B2EE021A81ED002A30EE62
:1065B000011AB2EE052A0AF2EC4130EE022A81ED10
:1065C000001A0AF59E61B2EE081A81ED002A30EE3B
:1065D000011AB2EE0B2A0AF2F44130EE022A81EDE2
:1065E000001A0AF59F6181ED002AB2EE0E1A9FEDA6
:1065F000CA2A30EE011A0AF2FC4130EE022A81ED7D
:10660000001A0AF5A06181ED002AB3EE021A9FED8F
:10661000C32A30EE011A0AF2045130EE022A81ED4B
:10662000001A0AF5A16181ED002AB3EE051A9FED6B
:10663000BC2A30EE011A0AF20C5130EE022A81ED2A
:10664000001A0AF5A26181ED002AB3EE081A9FED47
:10665000B52A30EE011A0AF2145130EE022A81ED09
:10666000001A0AF5A36130EE2F1A81ED002A0AF212
:106670001C5130EE0F2A81ED001A0AF5A46130EEAC
:106680002E1A81ED002A0AF2245130EE282A81EDDB
:10669000001A0AF5A56130EE291A81ED002A0AF2E6
:1066A0002C5130EE2A2A81ED001A0AF5A66181EDFF
:1066B000002A0AF5A76030EE2C2A30EE2B1A80ED66
:1066C000002A06980AF2345130EE2D0A81ED001AA4
:1066D00000F13101002082ED000A00BFA1F130037A
:1066E0006FF31F330AEB0002A2F8AC32A1F12D03C5
:1066F0006FF31F33A2F8B032A1F12A036FF31F33F7
:10670000A2F8B432A1F127036FF31F33A2F8B83215
:10671000A1F124036FF31F33A2F8BC32A1F12103CE
:106720006FF31F33A2F8C032A1F11E036FF31F33C2
:10673000A2F8C432A1F11B036FF31F33A2F8C832D1
:10674000A1F118036FF31F33A2F8CC32A1F11503A6
:106750006FF31F33A2F8D032A1F112036FF31F338E
:10676000A2F8D432A1F10F036FF31F33A2F8D8328D
:10677000A1F10C036FF31F33A2F8DC32A1F109037E
:106780006FF31F33A2F8E0328B1F6FF31F33A2F8B1
:10679000E432CB1E6FF31F33A2F8E83201F133036A
:1067A0006FF31F314430A2F8EC12B0F5887F194620
:1067B000A2F8AEB2A2F8B2B2A2F8B6B2A2F8BAB2D9
:1067C000A2F8BEB2A2F8C2B2A2F8C6B2A2F8CAB289
:1067D000A2F8CEB2A2F8D2B2A2F8D6B2A2F8DAB239
:1067E000A2F8DEB2A2F8E2B2A2F8E6B2A2F8EAB2E9
:1067F000A2F8EEB27FF472AF40F26C36C2F200063D
:106800005046C6F80490FFF7D7FA044620A8FFF7D1
:10681000CDF8BDF8843025464FF000604AF2010102
:106820000D22002C18BF0125009500F02BFB40F233
:1068300000474FF00008C4F20227ECB9B0680130FD
:10684000B06019E0FFF7C0F898B10798FFF7B4FA05
:10685000054620A8FFF7AAF8BDF884304FF0006085
:106860004AF201010D22002D18BF0125009500F00C
:1068700009FB0798EBF7C4FC00200BF08DFE40F2FB
:106880003821C2F2000109688842BFF4BFAC40F26F
:106890003821C2F200010860B8E400BF45F27B7005
:1068A0000599C0F602000DF0C9FD83E55B53445D18
:1068B000207265636F72642073746F702066616903
:1068C0006C6564207374617475733D257520657201
:1068D000723D3078253034582066696C653D2573EB
:1068E0000D0A00005B53445D207265636F72642083
:1068F00073746F707065642066696C653D257320E4
:10690000626C6F636B733D256C75206572723D30F0
:1069100078253034580D0A000000844100009C4165
:106920000000B4410000CC4180B54EF21000CEF220
:10693000000000680DF0AAFA012808BF80BDBDE87C
:1069400080400CF06FBB0000B0B59CB0002140F659
:106950001400CDE91011CDE90E11CDE90C11CDE9EE
:106960000A110791CDE90511CDE90311C4F20240E6
:10697000029150F8041C41F0300140F8041C50F81A
:10698000041C01F030010191019900BF0168090761
:106990005FBF01685FEA017101685FEA017102D4BB
:1069A00001680907F2D5192008904FF4803009904A
:1069B0004FF080600E904FF480700F902020109068
:1069C0000220032428211290CDE91340CDE91510AF
:1069D000CDE917000C201990002508A8CDE91A551B
:1069E000F1F788FEB0B91F2002A931C102A8052124
:1069F000CDE905550795F1F709FC58B942F20000B9
:106A0000C4F202000168022262F3051101601CB0A9
:106A1000B0BD00BFEBF7E4FE80B50BF043FE40F2E3
:106A20000050C2F2000000214187C0F82210C0F8D7
:106A30002610C0F82A10C0F82E104186BDE880400C
:106A40000BF040BE002808BF704770B504460BF03D
:106A500029FE40F20055C2F20005D5E904C1D5E98E
:106A60000623D5E90806C4E900C1C4E90223C4E944
:106A7000040605F128064FCE04F1180C8CE84F00EF
:106A8000288928B9688818B1A888002818BFA0816B
:106A900068784FF6FF76012806D1EEF7A9FBE96882
:106AA000401AB04238BF06462685BDE870400BF05C
:106AB00009BE000010B50BF0F5FD40F20054C2F223
:106AC000000404F114002821E9F75DFC44F2586049
:106AD000C2F20000C021E9F756FC4FF6FF714FF4F7
:106AE0008170218700212180C4E90310C4F80210BD
:106AF000C4F80610BDE810400BF0E4BD70B582B0DC
:106B000004460BF0CFFDEEF773FB40F20055C2F2E6
:106B10000005E86001206870E88EB4FA84F14E093F
:106B200040F0040140F00C00002C08BF21F00800E8
:106B3000E8860BF0C7FD102044F205010522002372
:106B40000096002400F09EF90BF0ACFD686920F07F
:106B50000800686144F25860C2F20000C0F81240B8
:106B6000C48200F069F8297804290BD0072902D0E3
:106B7000EA8B0C2A0ED10520688202B0BDE8704075
:106B80000BF0A0BD0720688202B0BDE870400BF09A
:106B900099BD00BF481F02284FF00400ECD3002A23
:106BA000EAD1032908D079B90020688202B0BDE893
:106BB00070400BF087BD00BF0620688202B0BDE8C0
:106BC00070400BF07FBD00BF696940F2FF10C0F25A
:106BD0000060014206D00320688202B0BDE8704028
:106BE0000BF070BD4FF20002C0F6FF1202201142FE
:106BF00008BF0120688202B0BDE870400BF062BDA2
:106C0000F0B581B014460D4606460BF04BFD40F240
:106C10000057C2F20007D7E90A017E840130BD8423
:106C20000131FC84C7E90A01EEF7E2FA386301B0EA
:106C3000BDE8F0400BF046BD40F20050C2F200004B
:106C4000416900228B048261828339D40A0539D4D8
:106C50004A0539D44A0639D4CA0539D48A0539D403
:106C60008A0739D44A0739D40A0739D4CA0639D42D
:106C7000CA0739D14A0439D40A0439D44A0339D469
:106C80008A0339D4CA0339D40A0339D40A0239D45D
:106C9000CA0139D44A0239D44A0139D48A0139D4D3
:106CA0000A0139D4CA0439D48A0639D40A0639D437
:106CB000CA0239D4890258BF7047152135E000BF98
:106CC0000D2132E00B2130E00A212EE006212CE0DC
:106CD00008212AE0092128E0012126E0022124E000
:106CE000032122E0042120E000211EE00E211CE00F
:106CF0000F211AE0122118E0112116E0102114E0F2
:106D0000132112E0172110E018210EE016210CE0EB
:106D10001A210AE0192108E01B2106E00C2104E0F9
:106D2000052102E0072100E0142101EB410144F2BA
:106D30005862C2F2000202EB410332F81110D3F89C
:106D400002200183C0F81A20704700002DE9F043AB
:106D500081B00BF0A7FC40F20058C2F2000898F88E
:106D6000000098F80160D8F80C40A0F101090BF080
:106D7000A9FC012E04D1EEF73BFA071B02E000BF8D
:106D80004FF0FF37B9F1020F4FF0000086F001011C
:106D900038BF01200022642F88BF0122114300EA7E
:106DA0000105082044F2010105220023002400957A
:106DB00000F068F80BF076FC652F38BF0124B8F8B6
:106DC0003600002E20F00400024618BF42EA84027A
:106DD00098F80010B9F1020F28BF02460429A8F85C
:106DE00036200DD0072903D0B8F81E200C2A0FD169
:106DF0000520A8F8120001B0BDE8F0430BF062BC1A
:106E00000720A8F8120001B0BDE8F0430BF05ABC0F
:106E1000481F02284FF00400EBD3002AE9D10329D0
:106E200008D079B90020A8F8120001B0BDE8F043FD
:106E30000BF048BC0620A8F8120001B0BDE8F043F2
:106E40000BF040BCD8F8141040F2FF10C0F2006004
:106E5000014207D00320A8F8120001B0BDE8F043BA
:106E60000BF030BC4FF20002C0F6FF1202201142BC
:106E700008BF0120A8F8120001B0BDE8F0430BF0F4
:106E800021BC00002DE9F04705464FF0553000EADF
:106E900055004FF03337281A07EA900720F0CC301E
:106EA000384400EB1010994620F0F0304FF00133D9
:106EB00000FB03F00123B3EB106F40F0D380DDF84B
:106EC000208092460F46B5F5004F80F24D807F2D11
:106ED00000F35C80681E3F2800F2BE800024DFE8DB
:106EE00010F0E4004100C100C300C100C100C100B6
:106EF000C500C100C100C100C100C100C100C10086
:106F0000C700C100C100C100C100C100C100C10073
:106F1000C100C100C100C100C100C100C100C10069
:106F2000C900C100C100C100C100C100C100C10051
:106F3000C100C100C100C100C100C100C100C10049
:106F4000C100C100C100C100C100C100C100C10039
:106F5000C100C100C100C100C100C100C100C10029
:106F6000CB0000BF0124A0E0B5F5000F1CDAB5F599
:106F7000002F27DAB5F5003F48DAB5F5004F00F0ED
:106F80007D80B5F5803F6DD110248EE0B5F5006FA2
:106F900024DAB5F5007F3FDA802D71D0B5F5807F1A
:106FA00060D1082481E000BFB5F1006F22DAB5F1AD
:106FB000007F37DAB5F5000F64D0B5F1807F51D18D
:106FC000182472E0B5F5001F32DAB5F5002F5BD05A
:106FD000B5F5801F46D1142467E000BFB5F5005F0A
:106FE0002CDAB5F5006F51D0B5F5805F3AD10C249D
:106FF0005BE000BFB5F1005F26DAB5F1006F47D066
:10700000B5F1805F2ED11C244FE000BF42D0B5F512
:10701000802F27D1122448E03ED0B5F5806F21D1D2
:107020000A2442E03AD0B5F1806F1BD11A243CE02B
:1070300036D0B5F5800F15D1162436E032D0B5F52F
:10704000804F0FD10E2430E02ED0B5F1804F18BF05
:10705000BDE8F0871E2428E0B5F1004F02D11F24BF
:1070600023E000BFBDE8F08702241EE003241CE0FB
:1070700004241AE0052418E0062416E00F2414E086
:10708000072412E0172410E013240EE00B240CE078
:107090001B240AE0112408E0092406E0192404E076
:1070A000152402E00D2400E01D240BF0FBFA40F251
:1070B0000056B8F1000FC2F2000643D0716944F2E5
:1070C00058602942C2F2000010D004EB440230F8AC
:1070D0001230BB420AD100EB42025388534505D11E
:1070E00092884A4502D1002201E000BF012204EB50
:1070F00044032943716100EB430120F81370A1F8A8
:1071000002A0A1F804906AB1D6E90A01778401309F
:10711000A6F824A00131A6F82690C6E90A01EEF7E8
:1071200067F83063FFF788FD317804291ED00729FE
:1071300002D0F28B0C2A1FD105207082BDE8F047E7
:107140000BF0C0BA706904EB4401A843706144F2CB
:107150005860C2F2000000EB4102002340F81130F9
:107160009380FFF769FD31780429E0D10720708210
:10717000BDE8F0470BF0A6BA481F02284FF0040004
:10718000DBD3002AD9D1032906D059B90020708257
:10719000BDE8F0470BF096BA06207082BDE8F047D4
:1071A0000BF090BA716940F2FF10C0F2006001422A
:1071B00006D003207082BDE8F0470BF083BA00BF11
:1071C0004FF20002C0F6FF120220114208BF012058
:1071D0007082BDE8F0470BF075BA000010B50446A8
:1071E0000BF060FA40F20050C2F200004FF6FF715F
:1071F000611AC28EB1FA81F1490922F001021144EB
:107200008486C186BDE810400BF05CBA10B5044618
:107210000BF048FA40F20050C2F2000004817CB149
:10722000C483002102780184042A10D0072A18BFE1
:107230000C2C13D105214182BDE810400BF042BA5D
:107240004488C188C48302780184042AEED10721CE
:107250004182BDE810400BF035BA00BF511F022932
:107260004FF00401E7D3002CE5D1032A06D05AB928
:1072700000214182BDE810400BF024BA0621418272
:10728000BDE810400BF01EBA426940F2FF11C0F297
:1072900000610A4206D003214182BDE810400BF094
:1072A00011BA00BF4FF20003C0F6FF1302211A42C9
:1072B00008BF01214182BDE810400BF003BA000075
:1072C00070B504460BF0EEF940F20056C2F200062B
:1072D000611EF08E0129347006D840F01000F0864F
:1072E000042C31D036E000BF20F01C00072CF086C3
:1072F00044D0042C0CD0032C2CD1F18B41B10C299F
:107300002BD105207082BDE870400BF0DBB900BFC7
:107310004FF200017069C0F6FF1101F1704144F2B3
:1073200058650840C2F20005706128464821E9F717
:107330002AF80020C5F89E00C5F89A00C5F8960006
:10734000FFF77AFC042C05D107207082BDE870405D
:107350000BF0B8B9F18B0C29D3D0601F02284FF085
:107360000400CFD30029CDD1032C0DD094B9002037
:107370007082BDE870400BF0A5B900BF0520708297
:10738000BDE870400BF09EB906207082BDE87040E9
:107390000BF098B9716940F2FF10C0F20060014231
:1073A00006D003207082BDE870400BF08BB900BF9F
:1073B0004FF20002C0F6FF120220114208BF012066
:1073C0007082BDE870400BF07DB90000F0B581B06F
:1073D0001C4615460E4607460BF064F940F2005075
:1073E000C2F200004780002F08BF3E4645EA042154
:1073F00002898680C180002A0CBF3A4600210378AA
:10740000C283042B01840BD0072B18BF0C2A0FD189
:107410000521418201B0BDE8F0400BF053B900BF37
:107420000721418201B0BDE8F0400BF04BB900BF2D
:10743000591F02294FF00401EBD3002AE9D1032B95
:1074400008D07BB90021418201B0BDE8F0400BF0CB
:1074500039B900BF0621418201B0BDE8F0400BF010
:1074600031B900BF426940F2FF11C0F200610A4227
:1074700006D00321418201B0BDE8F0400BF022B9F3
:107480004FF20003C0F6FF1302211A4208BF012188
:10749000418201B0BDE8F0400BF014B910B50446CC
:1074A0000BF000F940F20050C2F200004487BDE842
:1074B00010400BF007B90000B0B50D4604460BF0C4
:1074C000F1F840F20050C2F20000C18E002D0CBF56
:1074D000A1432143C186BDE8B0400BF0F3B80000E2
:1074E0004EF6885CCEF2000CDCF800104EF6FB2065
:1074F00041F47001CCF8001040F60041C4F20241A2
:107500000A68CEF6E22002F0180201320A60002278
:10751000CA610A620B681840086040F28020C0F21D
:1075200001108A62CA620A6348638A63C8630A6494
:1075300048648A64086820F4802008600A654FF077
:10754000006042F21C01C4F202014CF8800C51F8B8
:10755000040C420F062A05D800F06040B0F1404FFD
:1075600018BF70470868C0070BD042F63B20C0F632
:10757000190041F8100C46F67F60C4F65D4041F8F2
:10758000100C086840F002000860086840F0010034
:107590000860704796B040F2A475C2F2000500265C
:1075A00040F2000905F118002421C5E90066C5E98B
:1075B00002662E61C4F202296E61E8F7E4FE40F231
:1075C000347AC2F2000A48464FF4807101228AF8E8
:1075D00011604FF00108EDF705FEEDF709FE0446D6
:1075E00009F580602021EDF7F7FD0138B0FA80F051
:1075F00040F208074009C2F20007387048460421EB
:10760000EDF7EAFDB0FA80F1490900284FF00000DB
:107610008AF808108AF812108AF803608AF8006065
:1076200087F8018008BF2046CAE90B400AF14400F0
:1076300000211422B8468AF801600190F9F7E2FCB3
:1076400000F0F6FD3878FA2700284FF0000008BF58
:10765000032085F8350009F017FA0446002003904E
:107660004FF000094FF47A7002901DE0042086F874
:10767000350000BF01F0C2F80020039009F020FAA5
:10768000044640F2E73000210A22E4FB02014FF4F5
:107690007A720023E8F7FCFD002C08BF0120069C4D
:1076A0000444204609F0C2F9CDE90479C1464FF0FF
:1076B00000080694EDF79CFD83460020C4F20220EA
:1076C0000421EDF789FD0546B0FA80F09AF808101C
:1076D0004409A1421CBF8AF80840CAF82CB099F8A6
:1076E00000009AF80270E8B197B30AF0DBFF9AF84D
:1076F00000708AF800800AF0E5FF002FC84641D0EC
:10770000002001218AF8020088F801108AF812008E
:107710008AF80900CAF830008AF80100A0421CD19A
:1077200020467FE00AF0BEFFB7B39AF800408AF81F
:1077300000800AF0C7FF002CC8464DD00020012170
:107740008AF8020088F801108AF81200AAE000BF47
:107750009AF81200C846A042E2D0DAF82C10ABEB3F
:10776000010114295ED3002D8AF8124046D0002072
:10777000CAF830008AF801008AF809008AF8020085
:1077800090E000BF002D00F08D80DAF82C00ABEB0C
:1077900000001428B4D285E09AF8034000268AF845
:1077A00003600AF08FFF0CB340F2A470C2F2000035
:1077B00090F8350004280FF6CC0003D000F022FE2C
:1077C0000FF6F4000DF0EAFA01208AF80200C8462C
:1077D00089F8016066E000BF002D63D0DAF82C0064
:1077E000ABEB00001428A9D25CE000BF002DC84616
:1077F0001CBF012088F8010054E000BF0AF052FFCE
:107800009AF8010000240028584618BFDAF8200032
:10781000CAF830008AF801400AF054FF9AF81200C2
:107820008AF8094000283DD09AF80200D0BB9AF8A7
:107830000900B8BBDAF83050ABEB0504B4F5167F9D
:1078400030D301278AF809700AF02CFF00268AF845
:1078500000608AF803608AF8027088F801600AF014
:1078600031FFCAF834400AF01DFF8AF806608AF832
:1078700007600AF027FF00208AF81760CAF83C600A
:10788000FFF7C4FC032000F0B7FE0446EDF7B0FCA0
:10789000DAF83410421B45F25250C0F6020023467B
:1078A0000CF0CCFD00F03AFF09F00AF960B1044693
:1078B00009F0EAF84FF47A71A0FB01012246002397
:1078C000E8F7E6FC044600E0002440F2A476C2F2A9
:1078D00000064FF0000B0AF0E5FE9AF806508AF811
:1078E00006B00AF0EFFEDDB198F80000C0B196F8DE
:1078F00035000138012813D801208AF80700072035
:107900008AF817B0CAF83CB0FFF780FC45F28560F2
:10791000C0F602000DF042FA032000F06DFE00BF39
:107920009AF80700002857D096F83700032815D199
:10793000708D000712D40AF0B5FE8AF806B08AF8F6
:1079400007B00AF0BFFE00208AF817B0CAF83CB0B2
:10795000FFF75CFC042086F835003DE098F8000055
:1079600090B196F83500052836D00AF09BFE8AF8CB
:1079700006B08AF807B00AF0A5FE00208AF817B012
:10798000CAF83CB026E000BF9AF81700E0B1DAF878
:107990003C00201A64281FD30AF084FE8AF806B03F
:1079A0008AF807B00AF08EFE00208AF817B0CAF8ED
:1079B0003CB0FFF72BFC00F025FD45F25360C0F60C
:1079C00002000DF0EBF907E001208AF8170008200B
:1079D000CAF83C40FFF71AFC98F80000002849D08C
:1079E00096F8350000F0FE00062843D1F8F780FE37
:1079F000054602F045FA002D044618BF002C75D14B
:107A00008AF816B009F05CF860B1074609F03CF856
:107A10004FF47A71A0FB01013A460023E8F738FCE5
:107A200001E000BF0020DAF83810401A47F2305168
:107A300088421FD396F8350006281BD1072086F808
:107A400035004FF4006045F20301062200230127B0
:107A50000097FFF717FA0C20FFF7D8FBF8F78AFD1D
:107A6000034645F20450C0F60200294622460CF0B7
:107A7000E5FC00BF96F83500FFF722FCFFF766F93A
:107A800007A801F091F8BDF81E0047F20101C0F30C
:107A900080074FF40020092200230097FFF7F2F936
:107AA00098F80000002857D09AF80800002853D012
:107AB0009AF8090000284FD14FF0000809F000F8AB
:107AC000044640F2E73000210A22E4FB02014FF4B1
:107AD0007A720023E8F7DCFB002C08BF012006992E
:107AE00001440846069108F0A1FFE3E50AA8EAF779
:107AF000CFFD9AF816100C9821B3DAF8401088429E
:107B00003FF480AF96F8370045F20301012818BF13
:107B1000022086F835004FF4006006220023CDF8DD
:107B200000B0FFF7AFF90020FFF770FBF8F722FD78
:107B30000C9A014645F20460C0F602000CF07EFC8F
:107B400098E700BFCAF8400001208AF816000B2011
:107B5000FFF75CFB56E700BF0AF0A4FD9AF805505A
:107B60008AF805B00AF0AEFD0AF09CFD9AF80440D0
:107B70008AF804B00AF0A6FD002D69D09AF80A0030
:107B8000DDF8149001281ED10AF14C0009A9E9F78B
:107B90008BF9002878D004469AF80E000C2803D1FF
:107BA0009AF81A00A04209D045F2D850C0F6020057
:107BB0000C210FF2305223460CF040FC0C208AF8C6
:107BC0000E008AF81A40FA279AF80A00002848D0CE
:107BD0000A37FA2F50D30AF14C000AF15E01E9F797
:107BE0009BF9002860D004469AF80E008AF80CB081
:107BF0000A2803D19AF81A00A0420BD045F2D850B7
:107C000045F2BF62C0F602000A21C0F60202234616
:107C10000CF014FC9AF80D000A21FF288AF80E10C7
:107C20008AF81A4004D0411C02288AF80D100BD3A0
:107C30000020C4F202204FF4807101228AF80AB0B9
:107C40008AF811B0EDF7CEFA00F0D8FDC4E000BF1D
:107C5000DDE90479002C18BFFA279AF80A000028F9
:107C6000B6D102980A30B0F57A7F029004D300F0C2
:107C7000DFFA0020029000BF09F10A09B9F5167F6A
:107C8000FFF4FCACAFE000BF9DF8250009990007A8
:107C9000CAF8281044BF01208AF80B00FA279AF886
:107CA0000A000028DDD093E79AF80E1001200C2975
:107CB000AAF80C0018BF0A290BD145F23C60C0F6A7
:107CC00002000DF06BF89AF80C008AF80EB08AF8F2
:107CD0001AB0B1699AF862200131072AB16105D85A
:107CE0009AF81110002918BF002839D1AAF813B04A
:107CF0008AF815B08AF80BB000F080FDBAF866007B
:107D000040F6E9310138884266D8032086F837000A
:107D100000F074FD96F8370003285DD1708D0007E0
:107D20005AD40AF0BFFC8AF806B08AF807B00AF005
:107D3000C9FC00208AF817B0CAF83CB0FFF766FA11
:107D400098F80000002843D0042000F055FC0146BC
:107D500045F29950C0F602000CF070FB3CE000BF09
:107D60009AF863000028C1D09AF860000028BDD1BD
:107D70009AF85E000138022822D99AF81310BAF84E
:107D80006600012903D141F267018842B4D89AF80C
:107D9000151021B99AF80B10002900F05D8141F20D
:107DA000CC01884211D39AF81400022804D800F1BB
:107DB00001008AF814009FD101208AF8130097E788
:107DC00001208AF815008AF80BB0AAF813B093E7DF
:107DD000042086F8350000BF002709F10A09B9F52B
:107DE000167FFFF44BAC98F8000048B196F83500C8
:107DF00030B996F83700022818BF012086F8350000
:107E000003980A30B0F57A7F0390FFF437AC0198FD
:107E10000AF15401F9F702F90446F8B19AF8100092
:107E20008AF80FB0FF281CBF01308AF810000AF052
:107E300039FC08F045FEE8B1054608F025FE4FF490
:107E40007A71A0FB01012A460023E8F721FAF060CD
:107E50003475A4B13069013020E000BFB069012160
:107E60000130AAF80F10B0610AF01CFC08F028FEDF
:107E70000028E1D10020002CF0603475EAD1B06810
:107E800001210130B060DAF8580031709AF85C10C6
:107E90004FEA30407170C6F80200002030610AF0ED
:107EA00011FC00F0ABFC9AF80C009AF80F100128B6
:107EB0000AD1BAF8660038B159B1BAF858108842F8
:107EC00028BF084605E000BF00293FF4D3ABBAF84D
:107ED000580096F8371040F6EB32002904BF012114
:107EE00086F8371090420CD39AF81B200023B0F587
:107EF000486F98BF531CDAB2022A8AF81B3040F24E
:107F00008B80032186F8371040F6AB5290424FF039
:107F100000029AF81D1088BF4A1CD1B28AF81D20B1
:107F200096F835200A294FF0030120D3042A1ED0E9
:107F3000022186F837108AF81BB08AF81DB040F687
:107F400041629AF81E1090424FF0000288BF4A1C0E
:107F5000D1B20A298AF81E2006D3012186F83710EB
:107F60008AF81CB001E000BF022196F83520042AEF
:107F70001ED1728D9AF81F3012F0080218BF5A1CD9
:107F800040F6AB53984298BF5A46D3B20A2B8AF8B0
:107F90001F2057D340F64161032288424FF002016F
:107FA00086F8352088BF012186F837108AF81FB07F
:107FB00098F8000040B1501F032805D30846012956
:107FC00018BF022086F8350003297FF453AB708D6B
:107FD00000073FF54FAB0AF065FB8AF806B08AF858
:107FE00007B00AF06FFB00208AF817B0CAF83CB05F
:107FF000FFF70CF998F8000000283FF437AB042095
:1080000000F0FAFA014645F29950C0F602000CF071
:1080100015FAFFF72FBB00BF03293FF475AF40F6F9
:10802000E5439AF81C2098424FF0000338BF531CD8
:10803000DAB2052A8AF81C300AD3022186F83710F2
:108040007DE700BF042298F800000028B3D1BBE709
:1080500002293FF474AF88E741F2CC018842FFF473
:10806000B4AE9AF8640000283FF4AFAEBAF96A00E3
:1080700000EBE03181EAE03080B28C287FF693AEED
:10808000A3E600BF5B506F7765725D206B6579205A
:1080900070726573732069676E6F726564206279B0
:1080A000206C6F772062617474657279206C6F63E5
:1080B0006B6F75740D0000005B506F7765725D200B
:1080C0007065726970686572616C20706F77657237
:1080D000206F6E206279206B65792070756C7365F6
:1080E0000D000000696E746572727570745F726560
:1080F00061640000002808BF7047B0B504460AF06C
:10810000D1FA40F2A470C2F20000D0E906CED0E964
:108110000831D0E90A52C4E900CEC4E90231C4E909
:108120000452826BD0E90C102262C4E90610BDE84B
:10813000B0400AF0C7BA000040F23470C2F200004A
:1081400001214171416A01314162704740F234704E
:10815000C2F20000012101717047000010B540F229
:108160000800C2F20000017881B10020C4F20220B0
:108170000421EDF731F898B140F23470C2F20000FA
:10818000817809B30121017010BD00BF40F2347144
:10819000C2F200018A787AB10120087010BD00BFD8
:1081A00040F23474C2F2000400202070EDF720F891
:1081B00020620120607010BD4278002A08BF10BD07
:1081C0000122CA700021417010BD000010B50AF0F4
:1081D00069FA40F23470C2F20000817921B10124C1
:1081E0000AF070FA204610BDC17929B101240AF0C5
:1081F00069FA204610BD00BF40F20801C2F200013A
:10820000097879B140F2A471C2F2000191F83510F9
:10821000013901299ABF0124847100240AF052FA1D
:10822000204610BD00240AF04DFA204610BD000083
:108230002DE9F04383B040F2000840F23474C4F2F8
:108240000228C2F200044FF0000940464FF480714A
:10825000012284F811900126ECF7C4FF04F14C07C9
:10826000384600211422A4F8139084F8159084F85D
:108270000B90E8F70DFE08B1054648E03846E8F7F0
:108280006FFC18B10546022641E000BF384640F6B3
:10829000C411E8F7A5FF18B10546032637E000BF73
:1082A0003846E8F7ABFD18B1054604262FE000BFBD
:1082B000384641F23011E8F745FF18B1054605266A
:1082C00025E000BF38464FF4B461E8F7EFFE18B17F
:1082D000054606261BE000BF38466421E8F7D0FFBC
:1082E00010B10546072612E03846E8F7B7FC18B18A
:1082F000054608260BE000BF3846E8F7B1FB20B979
:1083000002A93846E8F7D0FD50B305460B26404693
:108310004FF48071012284F80A9084F80C9084F85C
:108320001190ECF75FFFA07BB04207D1A07EA8427E
:1083300004D1A673A57603B0BDE8F08386F00800EB
:1083400020A151F8202045F2D850C0F60200314655
:108350002B460CF073F8A673A57603B0BDE8F08346
:1083600000263846A662E8F745FC18B105460926FE
:10837000CDE700BFA07BA17E01250843A5726673EF
:1083800005D045F23C60C0F602000CF007FD00206D
:10839000A073A07640464FF4807100226574ECF71C
:1083A00021FF45F2C0406427C0F6020041F23011BF
:1083B0004FF4B46240F6C41300970CF03FF803B0DA
:1083C000BDE8F0833D570208BB560208BF560208BD
:1083D000DF560208DA560208DA560208DA560208B0
:1083E000DA560208DA56020807570208F056020861
:1083F0002F570208F9560208CB5602080C570208FC
:108400001B5702082DE9F04F8BB040F20808C2F26A
:10841000000898F8000068B140F2A470C2F20000B1
:1084200090F83710012918BF022180F835100BB0E1
:10843000BDE8F08F40F6000B0920C4F2022BFEF7D6
:10844000E5FEF9F763FCABF5806A50462021012276
:108450004FF00109ECF7C6FE58464FF400510022D8
:108460000025ECF7BFFE08F02BFB07460A2240F27E
:10847000E7300021E7FB02014FF47A72002340F25B
:10848000E736E7F705FF002F08BF012008F0AEFA36
:1084900058464FF400510122ECF7A4FE08F010FBFF
:1084A000074664200021E7FB00614FF47A723046F2
:1084B0000023E7F7EDFE002F08BF012008F096FA31
:1084C000E8F7BAF9022403A8ABF5006680E83002A9
:1084D00001A93046CDE90144ECF7B6FD40F2702722
:1084E000C2F2000738686FF001094562C0F81090C9
:1084F0002D20EDF7FFFA38460421F2F731FB88B35F
:108500000320CDE9070506A93046CDE909550694B3
:10851000ECF79AFD58464FF400510022ECF762FE4A
:10852000504620210022ECF75DFE40F2A470C2F21A
:108530000000072188F8005080F835104FF40060E3
:1085400045F202010622002301270097FEF79AFC5C
:108550000C20FEF75BFE1EA00CF020FC0BB0BDE86B
:10856000F08F00BF3868C0F81090C16841F0010179
:10857000C160012001F08AFC0120F8F767FC0120AE
:1085800088F8000008F09CFA4FF0000560B104463E
:1085900008F07AFA4FF47A71A0FB01012246002319
:1085A000E7F776FE01E000BF002040F23471C2F22E
:1085B0000001886340F2A4708D75C2F200000621AC
:1085C00080F835100A20FEF721FE0BB0BDE8F08FD1
:1085D0005B506F7765725D20616371756973697453
:1085E000696F6E2073796E63207374617274206694
:1085F00061696C65640D0000F0B581B040F23471C2
:10860000C2F200010A7E012A08D1042804BF042016
:10861000487601B0BDE8F04000F080B840F20802B2
:10862000C2F200021278002A5CD048760120087657
:1086300040F2A470C2F20000052680F835600720E1
:10864000FEF7E4FDF9F762FB00200024F8F7FEFBDB
:10865000002001F01BFC08F033FA58B1054608F081
:1086600013FA4FF47A71A0FB01012A460023E7F7C1
:108670000FFE04464FF47A77F8F734F820B100BFC4
:1086800001F0F8FB0028C4D108F01AFA70B10546D1
:1086900008F0FAF9A0FB07012A460023E7F7F8FDE6
:1086A000001B80087C2806D926E000BF0020001BA4
:1086B00080087C2820D808F003FA054640F2E7300D
:1086C0000021E5FB06014FF47A720023E7F7E0FD95
:1086D000002D08BF012008F089F9F8F703F80028F9
:1086E000CED1D1E740F2A471C2F20001012481F899
:1086F0003500204601B0F0BD012000904FF400602D
:1087000045F20101062200230024FEF7BBFB0C20EA
:10871000FEF77CFD204601B0F0BD000070B586B0CC
:1087200040F23476C2F20006307E01285ED1F7F7BF
:10873000D9FF00285ED001F09DFB00284FF0000417
:1087400051D040F27025C2F200052868C16821F0BE
:108750000101C16028460421F2F73CFB28686FF054
:108760000101446201612D20EDF7C4F902200025CA
:1087700001900320C4F20225CDE9020401A9284694
:10878000CDE90444ECF760FCE8F756F8E8F756FE4C
:1087900005F500604FF400510022ECF723FD05F5CC
:1087A000806020210022ECF71DFD40F20800C2F29B
:1087B00000000470707E40F2A471C2F2000181F8E2
:1087C00035004FF4006045F20101062200233476A3
:1087D0000094FEF757FBF079002818BF0120C00075
:1087E000FEF714FD0124204606B070BD012420468A
:1087F00006B070BD0024204606B070BD2DE9F04FD4
:1088000081B040F23475C2F2000595F80CC040F218
:10881000A47BBCF1010FC2F2000B21D1B5F8669028
:10882000B9F1000F1CD0E97B01294FF0000135D1CF
:10883000B5F85820B2EB090398BFA9EB02039BB22D
:10884000642B88BF01218846914528BF91460121AC
:10885000012295F86330BCF1000F12D126E000BF71
:10886000E97B0BF12002002918BF05F15802B2F88C
:1088700000904FF000080A4695F86330BCF1000FF5
:1088800014D0CBB195F86230072B19D895F8603029
:10889000002B00F04B814FF0070A13E001224FF04C
:1088A000000895F86330BCF1000FEAD1002B18BF27
:1088B00001234FF0000A06E04FF0010A002302E016
:1088C0004FF0080A012395F8647061F341021146E4
:1088D000002F18BF0431BCF1000F08BF11460A4633
:1088E00063F3C302AAF1030308BF0A46DBB2032BFA
:1088F00038BF42F010029BF837309BF83570022BDE
:1089000008BF42F02002032B08BF42F0400240F2B1
:108910000803C2F200031B78042F08BF42F0800254
:10892000002B18BF42F480726C7BAF7A42F4007364
:10893000287C95F86060002C18BF1A46002F08BFED
:108940001A46002818BF42F48062B8F1000F18BF21
:1089500042F400621746002E18BF47F48057BCF15E
:10896000000F08BF174695F861005FFA8AF10829E1
:1089700008BF47F4005700F00200BCF1000F18BF19
:1089800047EA403748F20000CFF6FF70062908BFDB
:10899000074309F087FE08F093F858B1044608F041
:1089A00073F84FF47A71A0FB010122460023E7F728
:1089B0006FFC00E00020CBF81C00287BB5F86A10A3
:1089C000ABF82090EA7B95F82A30002808BF0146D2
:1089D000ABF82210B5F8681095F85C6008BF014646
:1089E000ABF82410B5F86C10002808BF0146ABF8AE
:1089F0002610B5F85A10002A08BF1146ABF8281007
:108A000008BF1646298D8BF83460ABF82A70ABF896
:108A10002E10ABF83030696A8BF836A0ABF8321004
:108A200095F85F10002808BF014695F860208BF884
:108A3000381008BF0246A97BAB7AAE7E8BF83A109D
:108A400095F8621000288BF839206A7B8BF83B6020
:108A500008BF0146012BABF82C100EBF002A01F510
:108A60008071ABF82C10287C002818BF01F500712C
:108A700050EA080006D0B8F1000F18BF01F5806178
:108A8000ABF82C1009F01EFEBCB24FF48050C4F3BA
:108A9000401746F20101072200230097FEF7F2F982
:108AA000C4F380174FF4005046F20201072200235E
:108AB0000097FEF7E7F9AB7BC4F340274FF4804003
:108AC00046F2030108220097FEF7DCF9C4F3802781
:108AD0004FF4004046F20401072200230097FEF7FE
:108AE000D1F9C4F3C0274FF4803046F205010722C4
:108AF00000230097FEF7C6F9C4F300374FF40030A7
:108B000046F20601082200230097FEF7BBF9C4F3E2
:108B100040374FF4802046F20701082200230097D7
:108B2000FEF7B0F901B0BDE8F08F00BF95F85E30F8
:108B30005F1EFFB2032F03D203F1020AC2E600BF99
:108B4000EB7C4FF0020A002B18BF4FF0060AB9E683
:108B500040F6F440C4F20240016802680223C1F307
:108B6000806103EA9262042302EB010C026808218F
:108B700003EA92620368624401EA9361102311449C
:108B8000026803EA92620368114440F2F042C2F2C2
:108B90000002B3F1FF3FD8BF2031D180016841F41A
:108BA0000001016070470000002808BF704710B541
:108BB000044609F077FD40F2F040C2F20000C1889F
:108BC000218001896180C0686060BDE8104009F0C3
:108BD00079BD000040F2F040C2F200000189C907EF
:108BE00028D043F20001C4F200014AF6AA220A602A
:108BF000028942F002020281C2680132C260C26888
:108C00000A2A17D14A68037802F00F02002B18BF16
:108C100005239A420AD1896802796FF31F31002A2D
:108C200018BF40F2CF72914208BF7047018941F0EE
:108C3000040101817047000081B000208DF803001D
:108C400040F2F040C2F200000189C9074AD1012177
:108C5000017001718DF8031043F20001C4F20001AC
:108C60004CF6CC420A6045F255520A600278002A5E
:108C700018BF05224A600279002A18BF40F2CF725D
:108C80008A604FF480424A6140F6FF720A610289AD
:108C900042F0010202810289D20723D04AF6AA22B9
:108CA0000A60028942F002020281C2680132C26097
:108CB000C2680A2A16D14A68037802F00F02002B14
:108CC00018BF05239A4209D1896802796FF31F31D1
:108CD000002A18BF40F2CF72914203D0018941F0BF
:108CE0000401018101B0704740F27020C2F200001F
:108CF000F1F77CBC41F28450C2F20000F1F776BC7F
:108D000041F2D050C2F20000F1F770BC41F21C6099
:108D1000C2F20000F1F76ABC80B5D0F800C0B0F133
:108D2000A04F13DA40F6FF33C4F20003984221DC6F
:108D3000B0F1804F42D040F20043C4F200039842A9
:108D40003CD040F60003C4F2000335E040F6FF33A8
:108D5000C5F2000398421FDCB0F1A04F2ED040F2C4
:108D60000043C5F20003984228D040F60003C5F244
:108D7000000321E040F60043C4F2000398421DD0F6
:108D800042F60043C4F20103984217D043F2004375
:108D9000C4F2010310E000BF40F60043C5F2000337
:108DA00098420BD043F20043C5F20103984205D02C
:108DB00042F60043C5F20103984204D14B682CF0FF
:108DC000700243EA020CB0F1A04F1BDA41F6FF73C8
:108DD000C4F20003984231DC40F6FF33C4F20003D2
:108DE000984259DCB0F1804F00F09E8040F2004381
:108DF000C4F20003984200F0978040F60003C4F2EA
:108E000000038FE041F6FF73C5F2000398422DDCAA
:108E100040F6FF33C5F2000398424FDCB0F1A04F9B
:108E200000F0828040F20043C5F2000398427BD0FC
:108E300040F60003C5F2000374E000BF43F6FF7381
:108E4000C4F2010398424BDC42F20003C4F2000377
:108E5000984269D042F60043C4F20103984263D0BD
:108E600043F20043C4F201035CE000BF43F6FF732A
:108E7000C5F20103984245DC42F20003C5F200034B
:108E8000984251D042F60043C5F2010398424BD0BC
:108E900043F2004344E000BF40F60043C4F2000345
:108EA000984241D041F60003C4F2000398423BD0FF
:108EB00041F60043C4F2000334E000BF40F6004333
:108EC000C5F2000398422FD041F60003C5F200031B
:108ED000984229D041F60043C5F2000322E000BFCA
:108EE00044F20003C4F2010398421DD044F200434F
:108EF000C4F20103984217D044F60003C4F2010300
:108F000010E000BF44F20003C5F2010398420BD009
:108F100044F60003C5F20103984205D044F2004331
:108F2000C5F20103984204D1CB682CF4407243EAA5
:108F3000020C8B680A68D1F814E0C36242F6FF3372
:108F4000C5F201039842826216DC43F6FF72C4F256
:108F50000102904226DD44F20002C4F20102904276
:108F600038D044F20042C4F20102904232D044F6BA
:108F70000002C4F201022BE043F6FF72C5F20102C7
:108F800090421BDD44F20002C5F20102904221D062
:108F900044F60002C5F2010290421BD044F20042A6
:108FA00014E000BF42F60042C4F20102904211D028
:108FB00043F20042C4F201020AE000BF42F600425E
:108FC000C5F20102904205D043F20042C5F201020F
:108FD000904201D10969016302682CF0800142F0DE
:108FE000040202600122426141EA0E01BFF34F8F89
:108FF000016080BDF0B5026A036A22F0020223F02C
:10900000010303624368D0F818E08C6842F6FF362B
:10901000D1F800C02243C5F2010643F6FF7443F6BF
:10902000FF75B042C5F20104C4F2010512DCA8428A
:1090300022DD44F20007C4F20107B84234D044F202
:109040000047C4F20107B8422ED044F60007C4F22C
:10905000010727E0A0421BDD44F20007C5F201072B
:10906000B84221D044F60007C5F20107B8421BD030
:1090700044F2004714E000BF42F60047C4F2010783
:10908000B84211D043F20047C4F201070AE000BF22
:1090900042F60047C5F20107B84205D043F2004747
:1090A000C5F20107B84205D1CF6822F00C0227F0C3
:1090B00004073A43B04213DCA84223DD44F2000423
:1090C000C4F20104A04235D044F20044C4F20104C9
:1090D000A0422FD044F60004C4F2010428E000BFEF
:1090E000A0421BDD44F20004C5F20104A04221D0DD
:1090F00044F60004C5F20104A0421BD044F200442F
:1091000014E000BF42F60044C4F20104A04211D0B2
:1091100043F20044C4F201040AE000BF42F60044F6
:10912000C5F20104A04205D043F20044C5F2010497
:10913000A04205D1D1E9054523F4407323432B43D5
:109140004FF68C74CFF6FE740EEA040747EA0C075C
:1091500043608761496841630262F0BD70B5026A8D
:10916000036A22F0200223F0100303624368D0F860
:1091700018E08C68D1F800C042EA041242F6FF34CD
:10918000C5F20104A04225DC42F60045C4F2010507
:10919000A8422BD043F20045C4F20105A84225D0D5
:1091A000A0422DDC43F6FF74C4F20104A0423DDD71
:1091B00044F20004C4F20104A0424FD044F200443F
:1091C000C4F20104A04249D044F60004C4F20104F0
:1091D00042E000BF43F20045C5F20105A84205D0B8
:1091E00042F60045C5F20105A842D9D1CD686FF01D
:1091F000400606EA051522F0C0022A43A042D1DD4E
:1092000043F6FF74C5F20104A0421BDD44F20004E2
:10921000C5F20104A04221D044F60004C5F20104C5
:10922000A0421BD044F2004414E000BF42F60044C8
:10923000C4F20104A04211D043F20044C4F201047C
:109240000AE000BF42F60044C5F20104A04205D086
:1092500043F20044C5F20104A04207D1D1E905451B
:1092600023F4406343EA840343EA850348F6FF445A
:10927000CFF6FF640EEA040646EA0C2643608661D8
:1092800049688163026270BD70B5036A026A23F4A3
:10929000007322F4807202624268D0F81CC08C68AD
:1092A000D1F800E043EA042342F6FF34C5F201049A
:1092B000A04225DC42F60045C4F20105A8422BD0AD
:1092C00043F20045C4F20105A84225D0A0422DDC9E
:1092D00043F6FF74C4F20104A0423DDD44F20004F1
:1092E000C4F20104A0424FD044F20044C4F201048D
:1092F000A04249D044F60004C4F2010442E000BF99
:1093000043F20045C5F20105A84205D042F60045EA
:10931000C5F20105A842D9D1CD6840F2FF462D0221
:1093200023F44063B5432B43A042D1DD43F6FF74E1
:10933000C5F20104A0421BDD44F20004C5F20104A1
:10934000A04221D044F60004C5F20104A0421BD083
:1093500044F2004414E000BF42F60044C4F20104A9
:10936000A04211D043F20044C4F201040AE000BF5D
:1093700042F60044C5F20104A04205D043F2004485
:10938000C5F20104A04207D1D1E9054522F44052BB
:1093900042EA041242EA05124FF68C74CFF6FE74CC
:1093A0000CEA040646EA0E064260C6614968C163DB
:1093B000036270BD70B5036A026A23F4005322F49D
:1093C000805202624268D0F81CC08C68D1F800E07C
:1093D00043EA043342F6FF34C5F20104A04225DC1F
:1093E00042F60045C4F20105A8422BD043F20045E5
:1093F000C4F20105A84225D0A0422DDC43F6FF743B
:10940000C4F20104A0423DDD44F20004C4F20104B0
:10941000A0424FD044F20044C4F20104A04249D01B
:1094200044F60004C4F2010442E000BF43F20045E8
:10943000C5F20105A84205D042F60045C5F2010576
:10944000A842D9D1CD6844F6FF762D0323F44043DA
:10945000B5432B43A042D1DD43F6FF74C5F20104AE
:10946000A0421BDD44F20004C5F20104A04221D059
:1094700044F60004C5F20104A0421BD044F20044AB
:1094800014E000BF42F60044C4F20104A04211D02F
:1094900043F20044C4F201040AE000BF42F6004473
:1094A000C5F20104A04205D043F20044C5F2010414
:1094B000A04207D1D1E9054522F4404242EA841294
:1094C00042EA851248F6FF44CFF6FF640CEA040630
:1094D00046EA0E264260C66149680164036270BDB7
:1094E00080B500BF012007F081FAFBE78EB049F696
:1094F000D878C2F20008002540464FF42A71CDE921
:109500000A55CDE90855CDE90655E6F73CFF4AF284
:10951000802AC2F2000A50464FF48871E6F733FF02
:1095200040F2843BC2F2000BABF8025007F09EFE03
:10953000CBF80400E7F778F9002040F23624012642
:1095400006AF0290C2F200040020059004E000BFC4
:1095500000208BF8006002904FF00009002004907A
:109560002DE000BF40F60004C4F2022420464FF470
:1095700080710022EBF736FE204680210022EBF7B7
:1095800031FE9BF80100002800F0668102200021D6
:109590008BF801600025FDF78FFF042043F20101E5
:1095A000042200230024059400950025FDF76AFCA1
:1095B0000A2007F01BFA40F23624C2F20004207899
:1095C0000028CFD09BF8010018B1DBF80400E7F7C2
:1095D0002BF9384632218BF80150E7F73DF9217815
:1095E000D0B10029EBD004980130049005284FF049
:1095F00000000590E3D3042043F201010096042209
:109600000023002505950025FDF73CFC02200021E4
:10961000FDF752FFD3E700BF0029D0D0E7F7EAFEFD
:10962000002800F0278182469DF82800002800F0DD
:109630003581DDE908120698CAF80000CAE902126D
:109640000AF110004FF48A710390E6F79CFE072799
:109650002078002800F03E8140F600040720C4F284
:10966000022420EA070520464FF4807100225FFAA9
:1096700087F8EBF7B7FD204680210022EBF7B2FD1B
:1096800026EA0702A4F5806630464FF40051EBF756
:10969000A9FDC5F3400230464FF40071EBF7A2FD7F
:1096A000AA08A4F500604FF400710025EBF79AFDBD
:1096B0004FF4807120460122B8F1080F38BF802195
:1096C000EBF790FD0D950D983F281BD800BF0D9826
:1096D00001300D900D98402814D200BF0D98013034
:1096E0000D900D983F280DD800BF0D9801300D90BA
:1096F0000D983F2806D800BF0D9801300D900D98A9
:109700004028E3D344F6E473504641460122C0F6B4
:10971000020300F0E3F940F236240028C2F200040C
:1097200040F0C2802078002800F0F08044F6EC730E
:10973000504641460022C0F6020300F0CFF900284F
:1097400040F0B280B8F10D0F07F101074FF00106AC
:109750007FF67EAF40F60004C4F2022420464FF4A8
:10976000807100224FF00009EBF73CFD204640F2EB
:10977000362480210022C2F20004EBF733FD039966
:10978000042008602078002800F0D5809BF8022093
:109790009BF80300511C8846052A28BF4FF0050896
:1097A0000191CDE9032000EB001049F6D871042A9D
:1097B0004FEA580EC2F2000140F2EC8001EBC0000B
:1097C0004AF2802B0AF11409A0F108010020C2F22C
:1097D000000B00BF31F8086F5BF800C039F800409B
:1097E000ACEB060626440C8006EB0E04B4FBF8F442
:1097F0000BEB00024BF8006029F800400AEB000474
:109800004F88D2E9013C268BDB1B33444E8003EBAF
:109810000E06B6FBF8F65360268309EB00058B882D
:109820002E89ACEB0303334403EB0E07B7FBF8F7C9
:109830008E8093602F81CB88D768268CFB1A3344A7
:10984000D36003EB0E02B2FBF8F21030B0F5887F64
:10985000CE802284BED1DCE040464FF42A71E6F788
:1098600092FD50464FF48871E6F78DFDABF802503B
:109870008CE600BF09F101094AF2802AB9F1050F0F
:109880004FF00000C2F2000A06AF0590FFF497AE59
:109890000096042044F20401B1E600BF4FF0040931
:1098A000207800284DD169E040F60004C4F202247B
:1098B000814620464FF480710022EBF793FC20464E
:1098C00040F2362480210022C2F20004EBF78AFC29
:1098D00031E000BF40F60004C4F2022420464FF4F9
:1098E00080710022EBF77EFC204680210022EBF7FE
:1098F00079FC49F6D87840F236244FF00709C2F2D5
:109900000008C2F200042078D8B937E040F600041D
:10991000C4F2022420464FF480710022EBF762FC6F
:10992000204640F2362480210022C2F20004EBF7E8
:1099300059FC4FF0070949F6D878C2F200082078A0
:10994000E0B1049801300528049015D3012000905F
:1099500043F203010420042200230027B9F1020F7F
:1099600008BF43F2020101260597FDF78BFA02209A
:109970000021FDF7A1FD02E00020059001265046E0
:10998000E8F7DAFC4AF2802A4FF00009C2F2000A36
:1099900006AF14E601EBC0014AF2802B0AF1140C69
:1099A00008390026C2F2000B3CF806205BF806706E
:1099B00021F8082F3A444BF806207244B2FBF8F223
:1099C0000BEB06050AEB06072CF806203C8BD5E9C5
:1099D00001200CEB060322444C806A6072441C890F
:1099E000B2FBF8F22044D5F80C903A838C80A86042
:1099F0007044B0FBF8F03A8C188109EB0200E86083
:109A00007044B0FBF8F01036B6F5887FCA80388411
:109A1000CAD1039840F2843B0428C2F2000B9CBFD9
:109A200001988BF8020004980130C1B2042988BF64
:109A300000208BF8030050460021E8F70DFB40F2B0
:109A400036244FF000054FF00106C2F2000428B39F
:109A5000029849F6D87801304AF2802A0021029013
:109A600005284FF000094FF00000C2F20008C2F2D2
:109A7000000A06AF05910490FFF4A1AD042044F262
:109A80000301042200230025009605950025FDF71B
:109A9000F9F902200021FDF70FFD5DE5059949F672
:109AA000D878C8B2032838BF0131C8B24AF2802A38
:109AB0000328C2F20008C2F2000A06AF0591FFF4C3
:109AC00047AD04200021042200230095FDF7DAF9B8
:109AD00002200121FDF7F0FC3AE500002DE9F041FC
:109AE00082B0044600284FF004001CBF1D46002B26
:109AF00002D102B0BDE8F08140F600000F46C4F28A
:109B000002202021EBF76EFB0020019001983F28F6
:109B10001CD800BF00BF0198013001900198402877
:109B200014D200BF01980130019001983F280DD850
:109B300000BF01980130019001983F2806D800BF6E
:109B400001980130019001984028E3D3032007F0E9
:109B5000F7F949F6C87841F2C810C2F20008C2F21B
:109B6000000041460822E9F78BFC18B1012002B041
:109B7000BDE8F08106F0A4FF0646002140F2E73080
:109B80000522E6FB02014FF47A720023E6F780FB20
:109B9000024603200021002E08BF012207F078FAB8
:109BA000064641F2C810C2F20000E9F717FD002E88
:109BB00000F1C880B007D9D4F81FC0B2012800F264
:109BC000C58029786FF00D004A1F00EB4700D2B224
:109BD000092A12D8C1F10E0101F0FE0201F00101C3
:109BE0000143520052FA81F1432906D8B8F8002007
:109BF00004EB81018A820022CA8269784A1FD2B2AC
:109C00000A2A12D2C1F10E0101F0FE0201F0010197
:109C10000143520052FA81F1432906D8B8F80220D4
:109C200004EB81018A820022CA82A9784A1FD2B23B
:109C3000092A12D8C1F10E0101F0FE0201F0010162
:109C40000143520052FA81F1432906D8B8F80420A2
:109C500004EB81018A820022CA82E9784A1FD2B2CB
:109C6000092A12D8C1F10E0101F0FE0201F0010132
:109C70000143520052FA81F1432906D8B8F8062070
:109C800004EB81018A820022CA8229794A1FD2B25A
:109C9000092A12D8C1F10E0101F0FE0201F0010102
:109CA0000143520052FA81F1432906D8B8F808203E
:109CB00004EB81018A820022CA8269794A1FD2B2EA
:109CC000092A12D8C1F10E0101F0FE0201F00101D2
:109CD0000143520052FA81F1432906D8B8F80A200C
:109CE00004EB81018A820022CA82A9794A1FD2B27A
:109CF000092A12D8C1F10E0101F0FE0201F00101A2
:109D00000143520052FA81F1432906D8B8F80C20D9
:109D100004EB81018A820022CA82E9794A1FD2B209
:109D2000092A6FD8C1F10E0101F0FE0201F0010114
:109D30000843510051FA80F1002043293FF6D9AE83
:109D400056E000BF022002B0BDE8F081A7F1090093
:109D5000C0B2052856D828784FF6D87101EBC70154
:109D6000421F072A52D8081A80B2B8F8002004EB24
:109D7000800082820022C2826878421F082A49D36A
:109D8000A878421F072A52D8081A80B2B8F80420CF
:109D900004EB800082820022C282E878421F072AF8
:109DA00049D92879421F072A52D8081A80B2B8F830
:109DB000082004EB800082820022C2826879421F60
:109DC000072A49D9A879421F072A08D8081A80B259
:109DD000B8F80C2004EB800082820022C282EA796B
:109DE000501F07284FF000003FF683AE891A89B252
:109DF000B8F80E2004EB81018A82C88202B0BDE867
:109E0000F08100BF002002B0BDE8F0816878421FF9
:109E1000082AB5D2081A80B2B8F8022004EB8000F4
:109E200082820022C282A878421F072AACD9E87831
:109E3000421F072AB5D8081A80B2B8F8062004EBEA
:109E4000800082820022C2822879421F072AACD970
:109E50006879421F072AB5D8081A80B2B8F80A20D4
:109E600004EB800082820022C282A879421F072A66
:109E7000ACD9B4E740F28430C2F2000040787047B9
:109E800040F28430C2F200000078704740F2362180
:109E9000002818BF0120C2F20001087040F284308F
:109EA000C2F20000002101707047000080B5816A95
:109EB0000A070DD4CA0716D18A071FD44A0728D427
:109EC000CA0631D48A063AD44A0658D542E000BFC1
:109ED0000268D0F838C0536823F4004343EA0C0307
:109EE0005360CA07E8D00268D0F82CC0536823F446
:109EF000003343EA0C0353608A07DFD50268D0F8C9
:109F000030C0536823F4803343EA0C0353604A079C
:109F1000D6D50268D0F834C0536823F4802343EACE
:109F20000C035360CA06CDD50268D0F83CC09368D4
:109F300023F4805343EA0C0393608A06C4D5026875
:109F4000D0F840C0936823F4005343EA0C039360B5
:109F50004A0614D50268D0F844C05368BCF5801F87
:109F600023F4801343EA0C03536008D1D2F804C0F1
:109F7000D0F848E02CF4C00343EA0E03536009060E
:109F800058BF80BD0168C06C4A6822F400221043AB
:109F9000486080BDB0B582B004460020C4F890008F
:109FA000EBF726F9216805460A68120737D56FF0E6
:109FB0007E4C20464FF4001100222B46CDF800C005
:109FC00000F0D4FC50B300BF206850E8000F2168B7
:109FD00020F0800041E80002DAB1206850E8000F6C
:109FE000216820F0800041E8000292B1206850E82A
:109FF000000F216820F0800041E800024AB120688B
:10A0000050E8000F216820F0800041E80002002A9B
:10A01000DAD12020C4F8880060E000BF2168086819
:10A02000400761D56FF07E4C20464FF4800100223E
:10A030002B46CDF800C000F099FC002854D000BF9A
:10A04000206850E8000F216820F4907041E8000279
:10A05000BAB3206850E8000F216820F4907041E8FE
:10A06000000272B3206850E8000F216820F490705D
:10A0700041E800022AB3206850E8000F216820F46C
:10A08000907041E80002002ADAD11AE0206850E816
:10A09000020F216820F0010041E80202DAB12068D5
:10A0A00050E8020F216820F0010041E8020292B15D
:10A0B000206850E8020F216820F0010041E8020208
:10A0C0004AB1206850E8020F216820F0010041E801
:10A0D0000202002ADAD12020C4F88C0003200021DB
:10A0E00084F8841002B0B0BD2020C4F88800C4F801
:10A0F0008C000020E0662067002184F8841002B004
:10A10000B0BD0000C06DF1F733B90000C06D02684A
:10A11000D0F88810D0F88CC09368212953D113F05F
:10A12000800150D052E8001F026821F0C00142E8CF
:10A130000013D3B3016851E8001F026821F0C00189
:10A1400042E800138BB3016851E8001F026821F058
:10A15000C00142E8001343B3016851E8001F0268E0
:10A1600021F0C00142E80013FBB1016851E8001F73
:10A17000DAE700BF016851E8021F026821F400011C
:10A1800042E80213DBB1016851E8021F026821F4C2
:10A19000000142E8021393B1016851E8021F02680E
:10A1A00021F4000142E802134BB1016851E8021F9B
:10A1B000026821F4000142E80213002BDAD12021C9
:10A1C000C0F8881002689368BCF1220F40F08380C9
:10A1D00013F0400100F07F8052E8001F026821F474
:10A1E000907142E80013FBB1016851E8001F02685A
:10A1F00021F4907142E80013B3B1016851E8001FE7
:10A20000026821F4907142E800136BB1016851E8D3
:10A21000001F026821F4907142E8001323B1016825
:10A2200051E8001FDAE700BF4FF6FE7CCEF6FF7C58
:10A23000026852E8022F036802EA0C0243E8022196
:10A24000D9B1016851E8021F026801EA0C0142E835
:10A25000021393B1016851E8021F026801EA0C0180
:10A2600042E802134BB1016851E8021F026801EA9B
:10A270000C0142E80213002BDAD1C16E012924D16E
:10A28000016851E8001F026821F0100142E8001344
:10A29000DBB1016851E8001F026821F0100142E8BB
:10A2A000001393B1016851E8001F026821F010010A
:10A2B00042E800134BB1016851E8001F026821F029
:10A2C000100142E80013002BDAD12021C0F88C10D5
:10A2D0000021C1664167D0F8901041F01001C0F82C
:10A2E0009010F1F745B80000026D8446C06D812AD8
:10A2F00079D00022A0F85E20026852E8002F03689F
:10A3000022F4807243E80021B9B3016851E8001FCC
:10A31000026821F4807142E8001373B3016851E8C8
:10A32000001F026821F4807142E800132BB301681A
:10A3300051E8001F026821F4807142E80013002BED
:10A34000DAD11AE0016851E8021F026821F0010128
:10A3500042E80213DBB1016851E8021F026821F0F4
:10A36000010142E8021393B1016851E8021F02683B
:10A3700021F0010142E802134BB1016851E8021FCC
:10A38000026821F0010142E80213002BDAD12021FA
:10A39000C0F88C10C16E012925D100BF016851E8B9
:10A3A000001F026821F0100142E80013DBB10168D0
:10A3B00051E8001F026821F0100142E8001393B138
:10A3C000016851E8001F026821F0100142E8001303
:10A3D0004BB1016851E8001F026821F0100142E80A
:10A3E0000013002BDAD100220267C16E012918BFC9
:10A3F000F1F70EBCA0F85E20DCF800108A6CB0F813
:10A400005C1093B28B4238BFA0F85E20B0F85E209B
:10A41000891A89B2F0F71CBE0146C06D012202679D
:10A42000C26E012A18BFF1F7F5BBB0F85C205308E3
:10A43000A0F85E300968896C8BB2934298BFA0F88F
:10A440005E10B0F85E10511A89B2F0F701BE00003C
:10A45000016DC06D812908BFF1F754BD0021A0F83E
:10A46000561013E0016851E8001F026841F04001F6
:10A4700042E80013002B08BF7047016851E8001F35
:10A48000026841F0400142E8001393B1016851E8CD
:10A49000001F026841F0400142E800134BB101681F
:10A4A00051E8001F026841F0400142E80013002B10
:10A4B000D8D17047C06DF1F767BD000070B5044694
:10A4C00004F108052ECD006819432943E6690368A5
:10A4D00046F6F315CCF6FF7531432B401943016066
:10A4E000416840F0805321F440511143416042F2F1
:10A4F0000041A269C5F200418B421CBF236A1A4386
:10A5000083684FF2FF45C1F2FF152B401A4382606A
:10A51000C26A636A22F00F021A4347F2FF73C4F261
:10A5200000039842C26223DC44F6FF71C4F20001CA
:10A5300088423FDD46F2FF71C4F20001884271DCBF
:10A5400045F20001C4F20001884200F08D8046F21D
:10A550000041C4F20001884240F00E812020002119
:10A56000EBF7C6FDB6F5004F40F0B8800BE100BF39
:10A5700048F2FF32C4F20002904237DD42F2FF326D
:10A58000C4F20042904263DC48F20041C4F2000190
:10A59000884271D043F60001C4F20101884240F0C4
:10A5A000EB8001200021EBF7A3FDB6F5004F40F052
:10A5B0009580E8E044F20041C4F20001884265D091
:10A5C00044F60001C4F20001884267D044F600411D
:10A5D000C4F20001884240F0CF8008200021EBF750
:10A5E00087FDB6F5004F40F07980CCE047F60001DA
:10A5F000C4F20001884259D047F60041C4F200017C
:10A6000088425BD048F20001C4F20001884240F069
:10A61000B3804FF480700021EBF76AFDB6F5004F70
:10A620005CD1B0E046F60001C4F2000188424DD092
:10A6300046F60041C4F20001884240F09D804FF48C
:10A6400080600021EBF754FDB6F5004F46D19AE04B
:10A6500042F20042C4F2004290425DD0884240F093
:10A660008B8000205AE000BF10200021EBF740FD56
:10A67000B6F5004F32D186E04FF400600021EBF7D1
:10A6800037FDB6F5004F29D17DE000BF0220002143
:10A69000EBF72EFDB6F5004F20D174E00420002129
:10A6A000EBF726FDB6F5004F18D16CE040200021F5
:10A6B000EBF71EFDB6F5004F10D164E080200021BD
:10A6C000EBF716FDB6F5004F08D15CE04FF40070D3
:10A6D0000021EBF70DFDB6F5004F54D0C0B1616A13
:10A6E00044F6A862C0F6020232F811106268B0FBAC
:10A6F000F1F000EB5200B0FBF2F04FF6EF72A0F178
:10A700001001914206D821680025C8605FE000BFB3
:10A7100000255CE001255AE04FF48050002100251F
:10A72000EBF7E6FC002852D0616A44F6A862C0F656
:10A73000020232F811106268B0FBF1F002EB420144
:10A740000125884243D31103884240D8010E0002FC
:10A7500010EB520041F100010023E5F799FD4FF69F
:10A76000FF42A0F54071C0F20F02914238D8216833
:10A770000025C8602BE000BF00200021EBF7B8FCEB
:10A78000B6F5004FAAD1F8B1616A44F6A862C0F6E6
:10A79000020232F811106268B0FBF1F0510801EBCF
:10A7A0004000B0FBF2F04FF6EF72A0F110019142C1
:10A7B0000CD84FF6F0710140C0F342002268084403
:10A7C000D060002503E000BF002500E001254FF028
:10A7D0000110A066002128466167A16770BD00BF17
:10A7E0000125F4E710B58C46816500210446A0F8E8
:10A7F0005C20C0F890102220C4F88C00D4F88000AF
:10A80000E0B34AF2E9234AF2194EC0F60103C0F65A
:10A81000010EC0E9183EA3684AF20D1EC0F6010EF3
:10A82000B3F5805FC0F868E0C16604D12169B1FA70
:10A8300081F149098A4090F85010090608D421682E
:10A8400093B224316246E9F76FFC78B916E000BF95
:10A85000416F59B1096849B192B223688A6003F126
:10A860002402C1E9032CE8F7B1FF38B11020C4F885
:10A8700090002020C4F88C00012010BD206928B36E
:10A88000206850E8000F216840F4807041E8000221
:10A89000E2B1206850E8000F216840F4807041E880
:10A8A00000029AB1206850E8000F216840F48070DF
:10A8B00041E8000252B1206850E8000F216840F4DE
:10A8C000807041E80002002ADAD100BF206850E819
:10A8D000020F216840F0010041E80202D2B3206873
:10A8E00050E8020F216840F0010041E802028AB3FB
:10A8F000206850E8020F216840F0010041E80202A0
:10A9000042B3206850E8020F216840F0010041E89E
:10A910000202002ADAD11DE0206850E8020F216807
:10A9200040F0400041E80202F2B1206850E8020F16
:10A93000216840F0400041E80202AAB1206850E8D6
:10A94000020F216840F0400041E80202002A04BFE3
:10A95000002010BD206850E8020F216840F0400040
:10A9600041E80202002AD7D1002010BD2DE9F041B4
:10A97000804600681546C2690E461140891BB1FA2F
:10A9800081F14909A94226D1069C3CB3611C2BD117
:10A99000C1693140891BB1FA81F14909A9421CBF43
:10A9A0000020BDE8F081C1693140891BB1FA81F115
:10A9B0004909A9420FD1C1693140891BB1FA81F11E
:10A9C0004909A94207D1C1693140891BB1FA81F116
:10A9D0004909A942DCD00020BDE8F081EAF708FC73
:10A9E0000320BDE8F08100BF1F460AE0C069304087
:10A9F000801BB0FA80F04009A8421CBF0020BDE8CF
:10AA0000F081EAF7F5FBC01BA04284BF0320BDE83C
:10AA1000F081D8F8000001684907E7D5402E18BF3B
:10AA2000802EE3D0C16909073CD4C1690905DDD591
:10AA30004FF40061016200BF50E8000FD8F8001029
:10AA400020F4907041E80002002A00F0CB80D8F892
:10AA5000000050E8000FD8F8001020F4907041E892
:10AA60000002002A00F0BE80D8F8000050E8000F75
:10AA7000D8F8001020F4907041E80002002A00F09D
:10AA8000B180D8F8000050E8000FD8F8001020F48A
:10AA9000907041E80002002A00F0A480D8F800007D
:10AAA000CAE700BF0821016250E8000FD8F8001083
:10AAB00020F4907041E8000222B3D8F8000050E87A
:10AAC000000FD8F8001020F4907041E80002CAB1DD
:10AAD000D8F8000050E8000FD8F8001020F490706B
:10AAE00041E8000272B1D8F8000050E8000FD8F831
:10AAF000001020F4907041E800021AB1D8F800006C
:10AB0000D2E700BF4FF6FE70CEF6FF70D8F8001007
:10AB100051E8021FD8F80020014042E80213F3B1C7
:10AB2000D8F8001051E8021FD8F80020014042E890
:10AB30000213A3B1D8F8001051E8021FD8F8002082
:10AB4000014042E8021353B1D8F8001051E8021F47
:10AB5000D8F80020014042E80213002BD6D1D8F8E3
:10AB60006C0001282DD100BFD8F8000050E8000F7C
:10AB7000D8F8001020F0100041E800020AB3D8F81D
:10AB8000000050E8000FD8F8001020F0100041E855
:10AB90000002B2B1D8F8000050E8000FD8F8001059
:10ABA00020F0100041E800025AB1D8F8000050E847
:10ABB000000FD8F8001020F0100041E80002002A31
:10ABC000D2D12020C8F88C0000200821C8F86C00E1
:10ABD000C8F87400C8F8901088F884000120BDE817
:10ABE000F08100BF4FF6FE70CEF6FF70D8F800106F
:10ABF00051E8021FD8F80020014042E80213F3B1E7
:10AC0000D8F8001051E8021FD8F80020014042E8AF
:10AC10000213A3B1D8F8001051E8021FD8F80020A1
:10AC2000014042E8021353B1D8F8001051E8021F66
:10AC3000D8F80020014042E80213002BD6D1D8F802
:10AC40006C0001282DD100BFD8F8000050E8000F9B
:10AC5000D8F8001020F0100041E800020AB3D8F83C
:10AC6000000050E8000FD8F8001020F0100041E874
:10AC70000002B2B1D8F8000050E8000FD8F8001078
:10AC800020F0100041E800025AB1D8F8000050E866
:10AC9000000FD8F8001020F0100041E80002002A50
:10ACA000D2D120200021C8F88C00C8F86C10C8F858
:10ACB0007410C8F89000032088F88410BDE8F08173
:10ACC00041F26860C2F20000F0F798BBADF5427D3A
:10ACD0000FF21C400AF062F840F230364FF00008E4
:10ACE0000DF530790DF5227A0DF5167B25ACC2F203
:10ACF000000616E001203070B0987360B1AB269D5D
:10AD000006F1080C0ECB979F8CE88F004FF4406043
:10AD1000F56100F039FA4FF47A7008F1010805F096
:10AD200065FE4846E6F74CFD5046E7F7B5FE584647
:10AD3000E7F7AEFC2046F5F7A1FB05F0A5FE31785C
:10AD400003460029D6D0726906F1040A1E92B26940
:10AD50009AE803062092F269DDE9B2652292DDE904
:10AD6000B027A3EB000B1D95551A9799E8A01F91EA
:10AD700026992A4621914146239309F05FFB05F06D
:10AD80009FFE0146BBF1000F4FF0000018BF0029E5
:10AD90000CD0A5FB010101EB81010A22A0FB0202FC
:10ADA00002EB41015A460023E5F772FA4CF6CD4119
:10ADB000CCF6CC41A0FB0112D10801EB810245F297
:10ADC000B844A0EB4202C0F602042046A7EB0905F6
:10ADD00009F034FBD7A0294609F030FB05F070FEDE
:10ADE0000146BBF1000F4FF0000018BF00290CD046
:10ADF000A5FB010101EB81010A22A0FB020202EB8B
:10AE000041015A460023E5F743FA4CF6CD47CCF60C
:10AE1000CC47A0FB0712D10801EB8102A6EB0A0583
:10AE2000A0EB4202204609F009FBC7A0294609F021
:10AE300005FB05F045FE0146BBF1000F4FF0000099
:10AE400018BF00290CD0A5FB010101EB81010A22EA
:10AE5000A0FB020202EB41015A460023E5F718FA73
:10AE6000A0FB0712D10801EB8102A0EB4202DDE951
:10AE70001D301D1A204609F0E1FAB8A0294609F054
:10AE8000DDFA05F01DFE0146BBF1000F4FF000009A
:10AE900018BF00290CD0A5FB010101EB81010A229A
:10AEA000A0FB020202EB41015A460023E5F7F0F94C
:10AEB000A0FB0712D10801EB8102A0EB4202DDE901
:10AEC0001F301D1A204609F0B9FAA9A0294609F039
:10AED000B5FA05F0F5FD0146BBF1000F4FF000009B
:10AEE00018BF00290CD0A5FB010101EB81010A224A
:10AEF000A0FB020202EB41015A460023E5F7C8F924
:10AF0000A0FB0712D10801EB8102A0EB4202DDE9B0
:10AF100021301D1A204609F091FA45F2A840C0F6EA
:10AF20000200294609F08AFA05F0CAFD0146BBF184
:10AF3000000F4FF00000CDF8908018BF00290CD012
:10AF4000A5FB010101EB81010A22A0FB020202EB39
:10AF500041015A460023E5F79BF9A0FB0712D108EF
:10AF600001EB8102A0EB4202204609F067FA85A0BE
:10AF700009F014FFDDE9B880DDE9B454DDE996C6D7
:10AF80000DF53079089004A899E80E02DDE9B67E47
:10AF900080E8904045F2F820C0F60200CDE9009626
:10AFA000CDE902C5CDF81C8009F048FADDE9A50716
:10AFB000DDE9A765DDE9A94EA2AB0ECBDDF8B0C295
:10AFC000CDE9000745F25F20C0F60200CDE9026539
:10AFD000CDE9044CCDF818E009F030FA2C980DF5C5
:10AFE000867B1E902D983E9E1D9025989BE8800F95
:10AFF00022902698DDE948452190279820902898AE
:10B000001C9029981B902A981A902B9819902E988A
:10B0100018902F981F903098179039981690F5F740
:10B02000A9FA12ABDDE9891207C3179809A908909C
:10B030001698CDE9104581E8C10F1E98DDE9212160
:10B0400000901D98DDE91F7301901C9807970290EE
:10B050001B9803901A9804901998059018980690D8
:10B0600045F27D30C0F6020009F0E8F98198DDE98B
:10B0700079451E9074980DF5067C2290759883AEE4
:10B080002190769808942090DDE977E00BAC46CECD
:10B09000829F1F909CE80910DDE97DBA84E80F10BB
:10B0A0001E98DDE97F988DE88108DDE92121DDE941
:10B0B0001F7345F2C110C0F6020009950A96CDE94A
:10B0C00003A9CDE9058E079709F0B8F9B09840F2C9
:10B0D00030362399DDF89080C2F200060DF5307904
:10B0E0000DF5227A0DF5167B25AC716006E600BFE2
:10B0F0000D0A5B554152545D20646562756720748A
:10B1000061736B20737461727465640D00000000DC
:10B110005B524154455D2073616D706C653D256CDB
:10B120007520696D755F7075623D256C7520687A54
:10B130003D00000020746F7563685F7075623D2587
:10B140006C7520687A3D0000207261775F707562CF
:10B150003D256C7520687A3D000000002066756C06
:10B160006C5F7075623D256C7520687A3D0000004B
:10B170002070726F6365737365643D256C7520681C
:10B180007A3D00000D0000002DE9F043C1B0002819
:10B1900043D040F2A0464AF6B02941F2FC6804468A
:10B1A0000027C2F20006C2F2000901ADC2F2000897
:10B1B000EFF3108C72B670883188A7424FF000020E
:10B1C0001FD288421DD04FF0FF3100BF70886A182F
:10B1D00019F800007B1850707088023301306FF34B
:10B1E0001F30708072883088A34201F1010304D2BD
:10B1F000FE2B02D882421946E8D1581C82B2F818B8
:10B20000471CBCF1000F00D162B632B1404629465E
:10B210000523F0F701FDA742CAD341B0BDE8F08392
:10B22000FEE7000040F6B83005F0E0FBFDF704FD56
:10B23000FDF7D0FC642005F0D9FBF9E770B50446B2
:10B24000002020714FF0FF36481C26620ED00D46BC
:10B25000607804F13C012A46012301F0CBFE00286E
:10B2600008BF2E4626621CBF042070BDB4F83A62A7
:10B270004AF65520864204F13C0508D132A1284601
:10B280000B22E5F7A8F8002804BF012070BD28783C
:10B29000E838032850D802284ED04AF65520864276
:10B2A00007D104F18E002BA10822E5F794F80028BD
:10B2B00040D094F84900411E0140B0FA80F018BF18
:10B2C00001214009084337D1B4F84700B0F5007FA9
:10B2D00032D145F2555101EA5001401A4FF0333155
:10B2E00001EA900120F0CC30084400EB10104FF040
:10B2F000013120F0F03000FB01F0000E01281BD8D6
:10B30000B4F84A00C0B194F84C000138012813D8B1
:10B31000B4F84D0080B1B4F84F007F2807D894F8F6
:10B320005E0094F85F10000440EA016020B1B4F8B8
:10B33000520008B1002070BD4AF6552103208E420C
:10B3400008BF022070BD00BFEB76904558464154BF
:10B3500020202000464154333220202000000000ED
:10B360002DE9F04F83B0D0F800B00C468146A9B16A
:10B370004846214603F0CAFB02283EBF012003B025
:10B38000BDE8F08F411C00F04E81DBF818100294EC
:10B3900088420ED203B0BDE8F08F00BF0294DBF804
:10B3A0001040002C00F0B880DBF81800844228BF61
:10B3B0000124DBF81400002800F0B4809BF80000A2
:10B3C000042840F08580DBF818C0DBF820E0A71ED9
:10B3D000ACF102020020974228BF07460BF13C0562
:10B3E0004FF001087246BA460195DBF8343003EBA2
:10B3F0001A36B24236D09BF80400F0B19BF8010037
:10B400002946012301F0EAFE002840F00C81DBE927
:10B410000721DBF82800081A90424FF000008BF853
:10B4200004000AD29BF80300022806D19BF8010011
:10B430000A442946012301F0D1FE9BF80100294668
:10B440003246012301F0D6FD01464FF0FF300029BE
:10B45000314618BF0146CBF820109BD1DBF818C04D
:10B46000B6463246CAF3C8010AF0070308FA03F6E3
:10B47000ACF1020306E000BF0131B1F5007F4FF0EF
:10B4800001061BD20BEB010595F83C500AF10108AF
:10B4900005EA0600984528BF4FF400714FF00005FB
:10B4A00038BF4546000641D0BD423BD0760030064D
:10B4B000AA46E1D09845E5D3DEE700BF019D4FF0F5
:10B4C0000108DBF8343003EB1A36B24293D1C9E7F6
:10B4D000029DAC4267D1DBF818006F1C874228BF81
:10B4E00002274846394603F011FB411C3FF452AF96
:10B4F000002855D001283FF44DAFDBF81060A84676
:10B50000022E44464FD3DBF818002C4686424AD21E
:10B510000BF1180563E000BF0124DBF814000028DC
:10B520007FF44CAF002003B0BDE8F08F0AF10300B8
:10B5300002280AF1020703D2384603B0BDE8F08FB3
:10B54000DBF8340000EB1A36B6455FD1CAF3C80009
:10B550000AF007030BEB000111F83C2F012606FA55
:10B5600003F313424FF001007FF414AF029D5A40E1
:10B57000002D0A708BF8040000F09E8099F80700F7
:10B58000A04500F09D80022840F09A80D9F808007C
:10B59000201AC9F81800032089F8070092E000BFBC
:10B5A000002F2C4647D1A846012C0BF1180515D8C1
:10B5B000671C00262868B9198142B3D2484603F0B7
:10B5C000A5FA411C3FF4E6AE90B301283FF4E2AE89
:10B5D00001364FF00000EDD3DCE600BF26463746CB
:10B5E00028680137874228BF02274846394603F0BA
:10B5F0008DFA411C3FF4CEAEE0B101283FF4CAAE53
:10B60000B7424FF00000EBD1C4E600BF9BF8040046
:10B61000019D00283DD09BF8010029467246012378
:10B6200001F0DCFD00B34FF0FF3003B0BDE8F08F58
:10B63000A019471C4546584639464FF0FF3206F0E0
:10B640009DFA014635B129B9584629463A4606F0D1
:10B6500095FA0146002958D00120012908BF4FF072
:10B66000FF3003B0BDE8F08FDBE90721DBF82830BD
:10B6700000208BF80400CB1A93420AD29BF80300F7
:10B68000022806D19BF801000A442946012301F053
:10B69000A5FD9BF8010029463246012301F0AAFCD2
:10B6A00001464FF0FF30002918BF0646CBF8206056
:10B6B0007FF470AE4AE700BF022089F8070024E05B
:10B6C000022822D0D9F81C20A84505D1501C002AF8
:10B6D00008BF022017E000BF002A04BF0122C9F8FA
:10B6E0001C20D9F80000AB1A591C012A3A4618BF91
:10B6F0009A1C06F043FA18BBD9F81C00421EC9F880
:10B700001C20EED10120C9F81C00DBF81400CBF896
:10B71000107000283FF410AFDBF81810023988428F
:10B720003FF60AAF9BF805100138CBF8140041F042
:10B7300001008BF80500384603B0BDE8F08F00BF6C
:10B74000014689E72DE9F04F85B0D0F800A000212F
:10B75000834601F01BFB074620B1384605B0BDE823
:10B76000F08F00BF9AF8000004281FD1DAF80C10FF
:10B770000888002800F07E828C1E002502F04CFE16
:10B78000A9B2CA0342EA510151FA80F1C0F307207D
:10B79000C1F34E0240EAC131A0888D18002804F19F
:10B7A0000204EBD11FFA85F866E200BF0AF13C0003
:10B7B0004FF0FF360BF140090390FF20FF24CBF838
:10B7C0004C600490DBF83850DAF82020AA422FD0E1
:10B7D0009AF80400F0B19AF80100039901230127B7
:10B7E00001F0FCFC0028B8D1DAE90721DAF82800DA
:10B7F000081A90424FF000008AF804000AD29AF822
:10B800000300022806D19AF801000A440399012393
:10B8100001F0E4FC9AF8010003992A46012301276C
:10B8200001F0E8FB002818BF3546CAF8205094D133
:10B83000DBF83C703878002800F06A82FA7AE52854
:10B8400002F03F018BF8061003D012070ED50F2926
:10B850000CD0CBF84C60FF200490A0465846002145
:10B8600000F062FA00284446ACD04BE20F290FD119
:10B870009BF84B104906F0D4410659D40499C9B23B
:10B880008842E8D197F80D80E0B24045E3D158E016
:10B890000498000640D138787978420842EAC0100E
:10B8A000BA780844C0B202EBC01101EB5000F9783D
:10B8B000C0B201EBC01101EB50003979C0B201EB0D
:10B8C000C01101EB50007979C0B201EBC01101EB5E
:10B8D0005000B979C0B201EBC01101EB5000F97909
:10B8E000C0B201EBC01101EB5000397AC0B201EBDC
:10B8F000C01101EB5000797AC0B201EBC01101EB2D
:10B900005000C0B2410841EAC010B97A0844C0B240
:10B91000E1B2814200F002829BF84B00C00798D14F
:10B92000384649460B22E4F756FD002891D1F5E14F
:10B93000DBF8301000F0BF00CBF84C1097F80D800A
:10B940000490788B48B938780D2100F03F0000FB57
:10B9500001F4A4F10D05FF2D02D9FF2004907DE72D
:10B96000CDF80890B7F80190DAF80C60484602F07C
:10B9700053FD36F815100546084602F04DFD854288
:10B9800040F07081B7F80350B9F1000FA4F10C0238
:10B9900012D0FF2A00F266812846914602F03CFD53
:10B9A00036F819108146084602F036FD814540F010
:10B9B0005981A4F10B0205E04FF6FF70854240F07B
:10B9C00051810025B7F8059095B1FF2A00F24A8110
:10B9D0004846144602F020FD36F814100546084685
:10B9E00002F01AFD854240F03D810134224606E016
:10B9F0004FF6FF70814540F035814FF00009B7F8F0
:10BA00000750B9F1000F13D0FF2A00F22B8128460E
:10BA1000144602F001FD36F814108146084602F083
:10BA2000FBFC814540F01E810134224609E000BF45
:10BA30004FF6FF70314685424FF0FF3618D1002592
:10BA40000E46B7F80990CDB1FF2A00F20B814846A7
:10BA5000144602F0E1FC36F814100546084601963B
:10BA600002F0DAFC854240F0FD8001340FE000BFB7
:10BA7000FF20DDF808900490F0E600BF4FF6FF705D
:10BA80008145019640F0EE8014464FF00009FD8993
:10BA9000B9F1000F12D0FF2C00F2E480284602F02A
:10BAA000BBFC0199814631F81410084602F0B4FC41
:10BAB000814540F0D780013406E000BF4FF6FF70AB
:10BAC000854240F0CF800025B7F8109095B1FF2C4B
:10BAD00000F2C880484602F09FFC0199054631F803
:10BAE0001410084602F098FC854240F0BB800134F7
:10BAF00007E000BF4FF6FF70814540F0B3804FF084
:10BB000000097D8AB9F1000F14D0FF2C00F2AA8041
:10BB1000284602F081FC0199814631F8141008464C
:10BB200002F07AFC814540F09D80B5FA85F0013441
:10BB3000400905E04FF6FF70854240F093800120F8
:10BB4000BD8A38B14FF6FF70854240F08B800120EE
:10BB500013E000BFFF2C00F28580284602F05CFC59
:10BB60000199814631F81410084602F055FC8145D0
:10BB700078D1B5FA85F001344009FD8A30B14FF62D
:10BB8000FF7085426ED1012012E000BFFF2C69D802
:10BB9000284602F041FC0199814631F8141008460C
:10BBA00002F03AFC81455DD1B5FA85F001344009D7
:10BBB0003D8B28B14FF6FF70854253D1012011E033
:10BBC000FF2C4FD8284602F027FC0199814631F816
:10BBD0001410084602F020FC814543D1B5FA85F0E7
:10BBE00001344009BD8B28B14FF6FF70854239D131
:10BBF000012011E0FF2C35D8284602F00DFC0199F8
:10BC0000814631F81410084602F006FC814529D11E
:10BC1000B5FA85F001344009FD8B28B14FF6FF706D
:10BC2000854215D01EE000BFFF2C1BD8284602F02D
:10BC3000F3FB0199814631F81410084602F0ECFB41
:10BC400081450FD1002D1CBF387810F0400003D182
:10BC50000498013807E000BF019800EB44004088D9
:10BC60000028F5D0FF20DDF8089004904FF0FF3653
:10BC7000F4E500BF4FF00008584600F02FF90746E2
:10BC800000287FF46AAD0AE00024DAF80C0030F8EE
:10BC90001400002842D0584600F020F990BBDAF892
:10BCA0003800818C4145F6D190F82370002FEBD0FD
:10BCB000B0F8420002F0B0FBDAF80C100546098833
:10BCC000084602F0A9FB8542E5D14220012400BFCD
:10BCD000013F3906D9D0DAF83810861CF20608BFC1
:10BCE000061D885B02F098FBDAF80C10054631F867
:10BCF0001410084602F090FB013485423046E7D02C
:10BD0000C9E700BF0746384605B0BDE8F08F00BF61
:10BD10000427384605B0BDE8F08F00BF002738463D
:10BD200005B0BDE8F08F00002DE9F04F81B004466A
:10BD3000006B276800F1200538784FF400120428C2
:10BD400008BF4FF0805295422AD2A06B50B3AA464A
:10BD50006FF35F2ABAF1000F0AD007EB0A003C30FC
:10BD600000262563E063304601B0BDE8F08F00BFD8
:10BD70000E46616B0130A06371B17889013810EA19
:10BD8000552FEAD1204602F0C1FE022810D2022629
:10BD9000304601B0BDE8F08F3889B0EB551FDCD8D4
:10BDA0000020A0630426304601B0BDE8F08F00BF3C
:10BDB0008146013000F08C80B86981450CD2A9F130
:10BDC000020202388242C4F8349080F07E80386BE0
:10BDD000798902FB010079E0002EE1D0616B2046F9
:10BDE000FFF7BEFA8146013003280FD24FF6F871F3
:10BDF000C0F2FF0101EAC00040F20171C0F202018D
:10BE000021FA00F0C0B201B0BDE8F08F3879D8B1A6
:10BE100078783A6A07F13C0841460123012601F08F
:10BE2000DDF900289FD1D7E90721BB6A00203871CE
:10BE3000CB1A934208D2F878022805D178780A44C0
:10BE40004146012301F0CAF9B869A9F1020102389B
:10BE50008142009106D2386BB7F80A8001FB080BCB
:10BE600004E000BFB7F80A804FF0000B07F13C0672
:10BE700030464FF40071C7F820B0E4F784FAB8F107
:10BE8000000F0FD04FF0000878780BEB0802314616
:10BE9000012301F0A3F948B9788908F10108804528
:10BEA000F2D304E000204FF0000800E07889009A07
:10BEB00080450DD1E07940F00401B869E1710238A4
:10BEC0008242C4F83490FFF482AF0020A06344E7BC
:10BED0000126304601B0BDE8F08F00002DE9F04F9B
:10BEE00081B0D0F838A00446BAF1000F00F06081AC
:10BEF00025684FF0FF0B05F13C0956464FF0FF084F
:10BF00002A6AB2422AD02879D0B1687849460123FA
:10BF1000012701F063F9002840F06181D5E907218C
:10BF2000A86A081A90424FF00000287108D2E878F9
:10BF3000022805D168780A444946012301F04EF9E8
:10BF40006878494632460123012701F053F800285A
:10BF500018BF4FF0FF362E6240F04181E06B017850
:10BF6000002900F027812A78042A03D185290BD1E2
:10BF70002EE100BFC37A2E2903F03F02A27118BF41
:10BF8000E5290DD14FF0FF0820460021FFF7CCFE38
:10BF9000002840F01181A66B002EB1D10EE100BF48
:10BFA00003F01F03082BEDD00F2A5F4640F02881D5
:10BFB0004A0605D45FFA88F29142E3D105E000BF5A
:10BFC000477B226B01F0BF08E264417BFAB2BB46BB
:10BFD0008A42D7D1418B0029D4D101780D2201F0BA
:10BFE000BF0101FB02F3A3F10D02FF2ACAD8E968E1
:10BFF000B0F8016021F81260B0F80370A3F10C02F0
:10C0000036B1FF2ABED821F81270A3F10B0204E06A
:10C010004FF6FF739F42B5D10027B0F805302FB11E
:10C02000FF2AAFD821F81230013204E04FF6FF7733
:10C03000BB42A7D10023B0F807702BB1FF2AA1D8CB
:10C0400021F81270013205E04FF6FF739F427FF432
:10C0500099AF0027B0F8093037B1FF2A3FF692AF09
:10C0600021F81230013205E04FF6FF77BB427FF432
:10C0700089AF0023C7894BB1FF2A3FF683AFB7FAD8
:10C0800087F321F8127001325F0905E04FF6FF7364
:10C090009F427FF477AF0127038A3FB14FF6FF77C6
:10C0A000BB427FF46FAF012709E000BFFF2A3FF6D4
:10C0B00069AF21F81230B3FA83F301325F09438A82
:10C0C00037B14FF6FF77BB427FF45CAF012708E042
:10C0D000FF2A3FF657AF21F81230B3FA83F301324B
:10C0E0005F09838A37B14FF6FF77BB427FF44AAFCF
:10C0F000012708E0FF2A3FF645AF21F81230B3FAD6
:10C1000083F301325F09C38A37B14FF6FF77BB4231
:10C110007FF438AF012708E0FF2A3FF633AF21F85C
:10C120001230B3FA83F301325F09038B37B14FF654
:10C13000FF77BB427FF426AF012708E0FF2A3FF6D6
:10C1400021AF21F81230B3FA83F301325F09838BF8
:10C1500037B14FF6FF77BB427FF414AF012308E0FD
:10C16000FF2A3FF60FAF21F81230B3FA83F3013202
:10C170005B09C78B33B14FF6FF7087427FF402AF84
:10C1800012E000BFFF2A3FF6FDAE002F21F812702B
:10C190001CBF007810F0400006D0FE2A3FF6F2AE39
:10C1A000501C002221F81020A8F10108ECE600BF85
:10C1B000042714E0042712E0074610E0BAF1000F4C
:10C1C0004FF000070BD0384601B0BDE8F08F00BF3C
:10C1D000206BE064204603F0D1F9074630B100201F
:10C1E000A063384601B0BDE8F08F00BFA86B002700
:10C1F000007900F03F00A071384601B0BDE8F08F33
:10C200005FEA086144D1017842784B0843EAC111E2
:10C2100083781144C9B203EBC11202EB5101C27819
:10C22000C9B202EBC11202EB51010279C9B202EBB1
:10C23000C11202EB51014279C9B202EBC11202EB09
:10C2400051018279C9B202EBC11202EB5101C279EC
:10C25000C9B202EBC11202EB5101027AC9B202EB80
:10C26000C11202EB5101427AC9B202EBC112807ACB
:10C2700002EB5101C9B24A0842EAC1110844C0B2F6
:10C28000F9B2814204D10027384601B0BDE8F08FF1
:10C290004FF0FF30E0640027384601B0BDE8F08F72
:10C2A0002DE9F04F99B090F84B6016F0A00F05D033
:10C2B0000626304619B0BDE8F08F00BFD0F80080E8
:10C2C0000446D8F80C000027062100BF421832F8B7
:10C2D000062CA2B100EB470253887BB19288002A5A
:10C2E00000F08080425A0437002A01F10801EDD1A4
:10C2F000013F98F80000042805D079E0013798F84C
:10C300000000042874D1204600214FF0000900F0FD
:10C310003DFD0646002840F0368448F6890107F1C5
:10C320000E00C8F68801A0FB0101C80808F13C0511
:10C3300000F1010B4FF0000A019008E04FF0000AF5
:10C3400020460121FFF7F0FC002840F0D183A76BC5
:10C35000D8F82020BA422FD098F80400E0B198F81D
:10C36000010029460123012600F038FF0028A0D152
:10C37000D8E90721D8F8280088F80490081A9042D4
:10C380000AD298F80300022806D198F801000A445E
:10C390002946012300F022FF98F8010029463A4679
:10C3A0000123012600F026FE002818BF4FF0FF37BA
:10C3B000C8F820707FF47DAFE06B98F8001000782B
:10C3C000042905D140B2B0F1FF3F05DCB6E700BF5C
:10C3D000E52818BF0028B1D1DA4500F095830AF1AD
:10C3E000010AADE7023798F8000004283FF48BAF4C
:10C3F000A2465AF8400F45460290DAF80700DAF8EC
:10C400000410CDF80F00F007039140F0D3814EF6F1
:10C410004F4107F10C00C4F6C461A0FB01010120EB
:10C4200000EB910BB00758BF4FF0010B20460021E5
:10C4300000F0ACFC0646002840F0A58305F13C0066
:10C440004FF00009019008E04FF00009204601215B
:10C45000FFF76AFC002840F09583A76B2A6ABA426E
:10C460002AD02879D0B1687801990123012600F0FB
:10C47000B5FE00287FF41DAFD5E90721A86A081A88
:10C4800090424FF00000287108D2E878022805D1C8
:10C4900068780A440199012300F0A0FE68780199A8
:10C4A0003A460123012600F0A5FD002818BF4FF0F1
:10C4B000FF372F627FF4FDAEE06B29780078042906
:10C4C00004D140B2B0F1FF3F04DCBDE7E52818BF5E
:10C4D0000028B9D109F10109D945B7D1BBF101054E
:10C4E00000F04081206BA0EB4511204600F04EFC8F
:10C4F000064600287FF4DDAE94F8400094F8411021
:10C50000420842EAC01094F842200844C0B202EB4C
:10C51000C01108F13C0901EB500094F84310C0B27F
:10C5200001EBC01101EB500094F84410C0B201EBD4
:10C53000C01101EB500094F84510C0B201EBC011DE
:10C5400001EB500094F84610C0B201EBC01101EBB2
:10C55000500094F84710C0B201EBC01101EB50003D
:10C5600094F84810C0B201EBC01101EB500094F8F0
:10C570004910C0B201EBC01101EB5000C0B241083C
:10C5800041EAC01094F84A1001EB000BA76BD8F8F1
:10C590002020BA4232D098F80400F8B198F801008F
:10C5A00049460123012600F019FE00287FF481AEE0
:10C5B000D8E90721D8F82800081A90424FF0000067
:10C5C00088F804000AD298F80300022806D198F8E7
:10C5D00001000A444946012300F000FE98F80100DA
:10C5E00049463A460123012600F004FD002818BF01
:10C5F0004FF0FF37C8F820707FF45BAEEAB20D232E
:10C60000E06BD8F80C1002FB03F30F22A0F80B200C
:10C6100001EB4302002780F80DB0478332F81A7C03
:10C620007A1C92B2A0F80170022AA3F10C0226BF74
:10C6300031F81270A3F10B024FF6FF777B1C9BB20F
:10C64000A0F80370022B26BF31F8123001324FF6EA
:10C65000FF735F1CBFB2A0F80530022F26BF31F870
:10C66000123001324FF6FF735F1CBFB2A0F80730E3
:10C67000022F26BF31F8123001324FF6FF735F1CD4
:10C68000BFB2A0F80930022F26BF31F812300132B4
:10C690004FF6FF735F1CBFB2C381022F26BF31F874
:10C6A000123001324FF6FF735F1CBFB20382022FBC
:10C6B00026BF31F8123001324FF6FF735F1CBFB254
:10C6C0004382022F26BF31F8123001324FF6FF733A
:10C6D0005F1CBFB28382022F26BF31F812300132B5
:10C6E0004FF6FF735F1CBFB2C382022F26BF31F823
:10C6F000123001324FF6FF735F1CBFB20383022F6B
:10C7000026BF31F8123001324FF6FF735F1CBFB203
:10C710008383022F26BF31F8123001324FF6FF73A8
:10C720005F1CBFB2C383022F02D245F0400106E076
:10C7300031F812100029294608BF45F04001017068
:10C74000012088F8040020460021FFF7EDFA012DB2
:10C75000064604D0002EA5F101053FF417AF002EC8
:10C760007FF4A7ADA76BD8F82020BA4240F0D8825A
:10C77000E06B0026C661866146610661C660866020
:10C7800046600660E06BDAF80010DAF80720DAF8A5
:10C790000430C0F807204360016094F84B00E16B5F
:10C7A00000F018000873012088F80400304619B022
:10C7B000BDE8F08F41F22109402001250DF15C0B0D
:10C7C000C0F20109019684F84B0000BFA9B2029A99
:10C7D000D8F80C00DDF80F30039ECAF800200629B7
:10C7E0002A46CAF80730CAF80460C0F08F80018872
:10C7F000002900F0898002382A4600BF01F00103B9
:10C8000043EA4203120448BF83EA0903C1F340022A
:10C8100042EA43021B0448BF82EA0902C1F38003D3
:10C8200043EA4203120448BF83EA0903C1F3C0028A
:10C8300042EA43021B0448BF82EA0902C1F3001323
:10C8400043EA4203120448BF83EA0903C1F34012DA
:10C8500042EA43021B0448BF82EA0902C1F3801383
:10C8600043EA4203120448BF83EA0903C1F3C0123A
:10C8700042EA43021B0448BF82EA0902C1F30023D3
:10C8800043EA4203120448BF83EA0903C1F340228A
:10C8900042EA43021B0448BF82EA0902C1F3802333
:10C8A00043EA4203120448BF83EA0903C1F3C022EA
:10C8B00042EA43021B0448BF82EA0902C1F3003383
:10C8C00043EA4203120448BF83EA0903C1F340323A
:10C8D00042EA43021B0448BF82EA0902C1F38033E3
:10C8E00043EA4203120448BF83EA09035A0042EABA
:10C8F000D1321904818848BF82EA09020230002936
:10C900007FF47CAF02E000BF2A4600BF02F00F01B7
:10C9100001F13003C2F30B10392B88BF01F137034B
:10C920008DF8633030B300F00F0101F13003C2F332
:10C930000720392B88BF01F137038DF86230E8B149
:10C9400000F00F0101F13003C2F30330392B88BF2F
:10C9500001F137038DF86130B0B100F130013929B0
:10C9600088BF00F137018DF86010032100230120FA
:10C970000EE000BF06210020002309E0052101226E
:10C980000020002305E000BF04210123002000BF98
:10C99000002294F84060202E4FF07E060BF80160D4
:10C9A00002D1002034E000BF94F84160202E01D174
:10C9B00001202DE094F84260203EB6FA86F64FEA58
:10C9C000561646EA0006084608BF022006BB94F841
:10C9D00043002038B0FA80F04FEA501043EA0003D9
:10C9E000084608BF03209BB994F844002038B0FAE9
:10C9F00080F04FEA501042EA0002084608BF0420C7
:10CA000032B994F845002028084608BF052000BF29
:10CA10001BF80130421C2618082A86F8403051D0F5
:10CA2000013107299ABF1BF8016001312026831CC0
:10CA30002244082B82F8406044D007299ABF1BF893
:10CA4000016001312026C21C2344082A83F840607B
:10CA500038D007299ABF1BF8016001312026031D39
:10CA60002244082B82F840602CD007299ABF1BF87B
:10CA7000016001312026421D2344082A83F84060CA
:10CA800020D007299ABF1BF8016001312026831DA1
:10CA90002244082B82F8406014D007299ABF1BF863
:10CAA00001200131202207302344082883F8402048
:10CAB00008D02044072994BF1BF80110202180F8DA
:10CAC000401000BF2046FEF73DFE48B90135642DF9
:10CAD0007FF47CAE0726304619B0BDE8F08F00BF6A
:10CAE000642D07D10726304619B0BDE8F08F00BF8E
:10CAF000064648E0064604287FF4DBAB2568019E25
:10CB000084F84B6083E400BF206B0199A0EB4111D6
:10CB1000E07920394207E1645CD4D8F83840D8F88D
:10CB20000C50601C3F21E3F72EFC85202070C020B4
:10CB300084F820000121002740204FF0C10C002381
:10CB400007E000BFDAB235F81220771C00F10200CE
:10CB500002B33E4624F800C00FE000BFD9B235F85A
:10CB60001110002918BF013327180A0AFA70021D94
:10CB7000D20600F10200B970E4D00029EED1002104
:10CB8000F2E700BF0646042E08BF0726304619B05C
:10CB9000BDE8F08FB01C84F823306070288800282E
:10CBA00000F0AC80AE1E002501F036FCA9B2CA032D
:10CBB00042EA510151FA80F1C0F30720C1F34E025D
:10CBC00040EAC131B0888D18002806F10206EBD189
:10CBD000280A95E000F0FB000328E0710FD1A76957
:10CBE0005FB1A16820684D1C2A4604F0C7FF0028E9
:10CBF00040F09080013F2946F4D10020E071E369C4
:10CC000083B1656B2068EA1A511C0232012B08BF00
:10CC10004FF0FF3204F0B2FF00287BD1E069431EE1
:10CC2000E361EFD1A06800283FF477AFD4E908238F
:10CC30002068A16A0290049223F0FF000022CDE94F
:10CC4000060202A88DF80F300992159100F09EF8A7
:10CC5000064600287FF42DAB02A802F08FFC0646A2
:10CC600000287FF426ABD4E90401B8F80A2010EBC1
:10CC7000422041F10001C4E90401D8F83820070A34
:10CC8000060C82F838000B0A82F839700F0C82F813
:10CC90003A600E0E000E82F83B0082F83C1082F8DB
:10CCA0003D3082F83E7082F83F60D4E90401D8F844
:10CCB0003820070A060C82F828000B0A82F829702F
:10CCC0000F0C82F82A600E0E000E82F82B0082F8FC
:10CCD0002C1082F82D3082F82E7082F82F60E079C7
:10CCE000D8F8381040F0010081F8210002A805F0C2
:10CCF000DFFA064600287FF4DCAA0EE700250020B4
:10CD000084F8245084F825000026304619B0BDE888
:10CD1000F08F00BF0646304619B0BDE8F08F00BF67
:10CD200098F8040000B398F8010008F13C0949465E
:10CD30000123012600F052FA00287FF4BAAAD8E9AC
:10CD40000721D8F82830002088F80400CB1A934235
:10CD50000AD298F80300022806D198F801000A4484
:10CD60004946012300F03AFA98F8010008F13C0125
:10CD70003A460123012600F03DF9002818BF4FF084
:10CD8000FF37C8F820707FF494AAF1E4F0B581B0C1
:10CD900006680D4632784FF40011042A08BF4FF0A0
:10CDA00080510446E8064FF0020046D1A94244D91A
:10CDB000A168256381B17089B5EB402F1ED2B0699F
:10CDC0008A1E023882422BD2306B738902FB030029
:10CDD0006163A06340BB33E0032A04D3F16A0020FF
:10CDE0000029E071E7D13089B0EB551F28D9F06AEE
:10CDF00000216163A063B8B922E000BF470200BF11
:10CE0000204601F083FE014601301DD0022917D3D0
:10CE1000B069814214D2ED1BBD42F1D2D0E700BF10
:10CE200000206163A06358B100EB55206FF35F25CC
:10CE300071193C31C4E90E01002001B0F0BD00BF02
:10CE4000022001B0F0BD00BF012001B0F0BD000024
:10CE500070B584B040F29856C2F20006F16841F213
:10CE600008540131F160C2F2000494F830103161CD
:10CE70004FF0FF31B16128B10420B060012004B04F
:10CE800070BD00BFF06928B194F83000012839D195
:10CE900016E000BF44F60060C0F60200D0E90012C0
:10CEA000D0E90203CDE90012CDE902036A46012070
:10CEB000002103F099FFF06194F83000012821D19E
:10CEC00041F20855C2F200052846ECF75DFA042845
:10CED000B06111D140F23724C2F20004002020706A
:10CEE00095F830107161B06030602846ECF750FB67
:10CEF0007060207804B070BD41F20850C2F20000AA
:10CF0000ECF746F92046ECF7B5FC94F830100546EE
:10CF1000716130602046ECF73BFB40F237217060D6
:10CF20002846C2F20001002D1CBF01200325087015
:10CF3000B560087804B070BD70B58AB010B1042037
:10CF40000AB070BD40F23720C2F200000078C0077E
:10CF50001EBF03200AB070BD0329F0D81446DFE8D5
:10CF600001F00325333B00BFE8F742F9044641F2E4
:10CF70000850C2F20000ECF707FA042829D041F269
:10CF8000085541F28836C2F2000500BFE8F730F9D3
:10CF9000001BB04214D8012003F028FD2846ECF70E
:10CFA000F3F904284FF00000F0D11AE0002CC6D0AD
:10CFB00041F20850C2F2000001A9ECF7D3F998B190
:10CFC00001200AB070BD00BF002CB8D04FF4007033
:10CFD000208000200AB070BD002CB0D0012020605D
:10CFE00000200AB070BD00BF0798206000200AB082
:10CFF00070BD00002DE9F04F85B000284FF004040B
:10D0000040F09B800F46002900F097801D46002BC2
:10D0100000F0938040F23720C2F200000078C00791
:10D0200040F08A804CF6384440F2985A90464FF0CF
:10D0300000094FF0010BC2F20004C2F2000A12E034
:10D040004CF63840C2F20000844204466CD009F12C
:10D050000109A9454FF0000BB84638BF4FF0010B4E
:10D06000374600F0918007EB49218807DAF81C0069
:10D07000009108BF0C4698B944F60063C0F602035D
:10D08000DA680BCB049201AA0BC20120002101AA8D
:10D0900003F0AAFECAF81C0010B906E0DAF81C007A
:10D0A000002103F05DFE0028F8D041F2085009EBA2
:10D0B0000802C2F2000021460123ECF749FE0028D5
:10D0C00074D1DAF81C003E46474680B944F6006346
:10D0D000C0F60203DA680BCB049201AA0BC201204E
:10D0E000002101AA03F080FECAF81C0050B341F2EF
:10D0F000883103F035FE28BBE8F77AF8804600BF98
:10D1000041F20850C2F20000ECF73EF9042897D033
:10D11000E8F76EF8A0EB080041F28831884211D898
:10D12000012003F063FCEBE7009821464FF4007206
:10D13000E3F710F98BE700BF0324204605B0BDE8F4
:10D14000F08F00BF41F20850C2F20000EBF7C4FEBE
:10D1500040F237210120C2F2000100260870CAF80F
:10D16000080041F20850C2F20000CAF80060ECF773
:10D170000FFA5FEACB71CAF8040005D001242046FB
:10D1800005B0BDE8F08F00BF41F208500024C2F2A4
:10D190000000CAF80840CAF80040ECF7F9F9CAF8EC
:10D1A0000400204605B0BDE8F08F00BF064641F2FE
:10D1B0000850C2F20000EBF78FFE40F23721012049
:10D1C000C2F20001CAE7000000281CBF012070471E
:10D1D00040F23720C2F20000007870472DE9F04F8E
:10D1E00087B04FF00405029220B90E46002918BFFF
:10D1F000002B03D1284607B0BDE8F08F40F237205E
:10D20000C2F200000078C00778D140F2985441F291
:10D2100008574CF6384B4FF000094FF00108C2F2A6
:10D220000004C2F2000741F2883AC2F2000B0193F7
:10D2300006EB4925A80706D0584629464FF4007248
:10D24000E3F788F85D46E06988B944F60063C0F604
:10D250000203DA680BCB069203AA0BC2012000215D
:10D2600003AA03F0C1FDE06108B905E0E06900210F
:10D2700003F076FD0028F9D00298294609EB000258
:10D2800038460123ECF7FAFD002869D1E06978B946
:10D2900044F60063C0F60203DA680BCB069203AAD9
:10D2A0000BC20120002103AA03F09EFDE06158B3E8
:10D2B00041F2883103F054FD30BBE7F799FF054692
:10D2C0003846ECF761F804280DD000BFE7F790FF6F
:10D2D000401B504518D8012003F088FB3846ECF776
:10D2E00053F80428F2D1019809F1010981454FF062
:10D2F000000838BF4FF001089AD123E003252846E3
:10D3000007B0BDE8F08F00BF41F20850C2F2000044
:10D31000EBF7E2FD40F237210120C2F200010025C7
:10D320000870A06041F20850C2F200002560ECF7DE
:10D330002FF95FEAC871606004D00125284607B064
:10D34000BDE8F08F41F208500025C2F20000A56050
:10D350002560ECF71DF96060284607B0BDE8F08F46
:10D36000054641F20850C2F20000EBF7B5FD40F26D
:10D3700037210120C2F20001D2E7000010B50446B7
:10D3800000F0F8FC002818BF10BD7CB1206868B11F
:10D39000017859B1A188C288914207D14078FFF73E
:10D3A00013FFC00702D10020206010BD092010BD6E
:10D3B00010B588B10446006870B1017861B1A188E8
:10D3C000C288914208D14078FFF7FEFEC00703D122
:10D3D0000020206010BD00BF092010BD2DE9F04FD6
:10D3E00091B015460C46109010A80FA9002202F02B
:10D3F00035FF074620B1384611B0BDE8F08F00BFB9
:10D40000DDF83C90C5F80090D9E90506B51EA842A4
:10D4100026D999F800000194042827D0012840F06B
:10D42000C5800225002402AECDF8089007E000BFB9
:10D430000134D9F818000135854280F02581304645
:10D44000294601F063FB0028F2D0411C00F02C813A
:10D450000128EED10227384611B0BDE8F08F00BF99
:10D4600020600027384611B0BDE8F08FD9F834A00D
:10D4700009F13C08012300244FF0000B08E000BF35
:10D4800015460BF1010B00286FF35F2B00F0FC80B9
:10D49000BBF1000F564601D0B24639E0D9F8202042
:10D4A00006F1010AB24233D099F80400F0B199F8BC
:10D4B0000100414601230127FFF790FE00289AD181
:10D4C000D9E90721D9F82800081A90424FF0000046
:10D4D00089F804000AD299F80300022806D199F8C5
:10D4E00001000A4441460123FFF778FE99F8010044
:10D4F0004146324601230127FFF77CFD002818BF73
:10D500004FF0FF364FF00103C9F820607FF473AF8E
:10D51000002D00F0B98009EB0B0090F83C20691E4B
:10D5200023EA02000444084618BF01203CD0D1433E
:10D53000C1F34000AA1E0444104618BF01209FD02A
:10D54000C1F38000EA1E0444104618BF012097D0A2
:10D55000C1F3C0002A1F0444104618BF01208FD019
:10D56000C1F300106A1F0444104618BF01203FF4A5
:10D5700087AFC1F34010AA1F0444104618BF012012
:10D580003FF47EAFC1F38010EA1F0444104618BF79
:10D5900001203FF475AFC8B2083D04EBD014284613
:10D5A00018BF01206DE700BF0D466AE7D9F8285083
:10D5B00009F13C0A00244FF0000B13E08B78CF7880
:10D5C0001B024A7843EA074309781A4462F31B2195
:10D5D000B1FA81F14909042293440C44013E6FF3EE
:10D5E0005F2B51D0BBF1000F06D009EB0B010228D5
:10D5F00001F13C01E2D141E0D9F8202005F1010818
:10D60000AA4234D099F80400F8B199F801005146C3
:10D6100001230127FFF7E2FD00287FF4ECAED9E9F2
:10D620000721D9F82800081A90424FF0000089F825
:10D6300004000AD299F80300022806D199F80100E3
:10D640000A4451460123FFF7C9FD99F801005146EC
:10D650002A4601230127FFF7CDFC002818BF4FF011
:10D66000FF35C9F820507FF4C6AE99F80000454652
:10D6700009EB0B01022801F13C019FD1098802222C
:10D68000B1FA81F14909A7E701980027046099F8E8
:10D690000500C9F8144040F0010089F8050038463B
:10D6A00011B0BDE8F08F00BF0127384611B0BDE8CA
:10D6B000F08F000080B582B00190009101B34FF06F
:10D6C000000C00BF11F80C30202B1DD33A2B1BD0BF
:10D6D00001EB0C0E9EF80130202B1BD33A2B19D0F6
:10D6E0009EF80230202B1BD33A2B19D09EF8033022
:10D6F0000CF1040C202B0FD33A2BE3D10CE000BF2C
:10D700000B21084602B080BD0CF1010C3A2B0BD066
:10D7100014E000BF0CF1020C3A2B05D00EE000BF64
:10D720000CF1030C3A2B09D10B780B21302BE8D8E4
:10D73000BCF1020FE5D1303B092BE2D840F2186171
:10D74000C2F200014B682BB14FF0000CC1F804C0CD
:10D7500083F800C010B100230380486042B16846DE
:10D7600001A9002202F07AFD0146084602B080BD00
:10D770000021084602B080BD2DE9F04F97B0169108
:10D7800080B102F03F0B814616A801A95A4602F06B
:10D7900065FD804660B10020C9F80000404617B022
:10D7A000BDE8F08F4FF00908404617B0BDE8F08F94
:10D7B000DDF804A0169902A8C9F800A0CDF808A0C9
:10D7C00000F0A4FE8046B8F1000F9DF953004FF021
:10D7D000060108BF01EAD0181BF01C0F10D0B8F1E9
:10D7E000000F21D0B8F1040F03D102A8FEF758FDB5
:10D7F00080464BF0080BB8F1000F24D01BE100BFAE
:10D80000B8F1000FC7D19DF80E00C10600F1D48019
:10D810005FEA8B7140F1138110F0010000F00F817D
:10D820004FF00708B7E700BF5FEA4B7000F1C08018
:10D830009DF80E0010F0110818BF4FF00708B8F15E
:10D84000000F40F0F8801BF0080000F0F48001F0B9
:10D850000FFB9AF80010042974D1D9F80010896BD5
:10D860004A6BC9F8082091F83E2091F83F30120227
:10D8700042EA034291F83D3091F83B601A4491F836
:10D880003C30360491F8395046EA036391F83A6027
:10D890002B44360491F83870120246EA032642EA15
:10D8A0001362F319C9E9043291F8211001F0020161
:10D8B00089F807100021C9F81C10DAF83820D18344
:10D8C000C2F81A10C2F81610C2F81210C2F80E10E0
:10D8D000C2F80A10C2F80610C2F80210DAF83820AE
:10D8E000D187C2F83A10C2F83610C2F83210C2F826
:10D8F0002E10C2F82A10C2F82610DAF838102022AA
:10D900000A71DAF838108860DAF83810C860DAF886
:10D910003800012180F8211002A804F0C9FC8046DB
:10D9200000287FF438AFD9F80810002948D04846BD
:10D93000002204F097FBD9F80870DDF804A08046B7
:10D9400076E000BF1199C1F80E001199C1F81600D8
:10D9500011989AF80010478B032905D1017D427D6B
:10D9600047EA014141EA02672021C1721199002072
:10D9700048839AF80020032A08BF88821199002F53
:10D98000C8614FF001008AF8040058D0DAF820503E
:10D9900002A83946002204F065FB804600287FF487
:10D9A000FAAEDAF82020AA420ED14FF000083FE08C
:10D9B0004FF00808EFE600BF4FF00408EBE600BFA9
:10D9C000DDF804A03BE000BF9AF80400F8B19AF833
:10D9D00001000AF13C04214601234FF00108FFF742
:10D9E000FDFB28BBDAE90721DAF8283000208AF8A5
:10D9F0000400CB1A93420AD29AF80300022806D1F7
:10DA00009AF801000A4421460123FFF7E7FB9AF840
:10DA100001000AF13C012A460123FFF7EBFA804698
:10DA200000281CBF4FF0FF354FF00108CAF8205006
:10DA3000781ECAF81000B8F1000F7FF4ACAEDAF827
:10DA4000200011990BF00803C9E912019AF800208F
:10DA50004BEAC300042A3DD104999DF80F30C9F860
:10DA600020100699D9F8002021F0FF011944159BD8
:10DA7000C9E90913916B4F6BC9F8087091F83E2002
:10DA800091F83F30120242EA034291F83D3091F89A
:10DA90003B501A4491F83C302D0491F8394045EA46
:10DAA000036391F83A5023442D0491F83860120230
:10DAB00045EA032442EA13653444C9E9044591F870
:10DAC000211001F0020189F807100021C9F81C108B
:10DAD0000FE000BF4F8B032A05D10A7D4B7D47EA3B
:10DAE000024242EA0367C9F80870CC690025C9E917
:10DAF0000445BAF8061009F15006A9F8041089F88F
:10DB000030004FF0000830464FF4007189F8318042
:10DB1000C9F84480C9E90E88E2F735FC5FEA8B60FA
:10DB20007FF53CAE54EA05003FF438AEC9E90E4536
:10DB3000BAF80A004FF00008D4EB402178EB050159
:10DB400000961FD24FEA402B4846394600F0DEFFD0
:10DB5000074602284FF0000038BF01204600781C1D
:10DB600008BF0126B4EB0B04B6FA86F065F1000598
:10DB70004FEA501046B9BBEB040178EB0501E3D343
:10DB800002E000BF01200026C9F8407008B320461B
:10DB90006FF35F20E8B1DAF81810B81E0239884236
:10DBA00022D2DAF83010BAF80A2000FB0210D8B1FD
:10DBB000610A41EAC55101234218C9F844209AF884
:10DBC000010000994FF00108FFF714FA00287FF4D4
:10DBD000E2AD002EB0467FF4DEAD4FF000084046C7
:10DBE00017B0BDE8F08F00BF4FF00208D3E500008A
:10DBF00070B582B0019158B1044601A8694600226F
:10DC0000002502F02BFB38B1256002B070BD00BFCB
:10DC1000092002B070BD00BFDDE90061204626602A
:10DC200000F074FC40B1002861D0042808BF052032
:10DC3000256002B070BD00BF94F94B0000284ED49F
:10DC4000A079C00604D40520256002B070BD00BFD5
:10DC50003278042A38D1A068E279206220692168EC
:10DC600020F0FF0010446062E06C896BA062486B9A
:10DC7000A06091F83E0091F83F20000240EA024087
:10DC800091F83D2091F83B3000EB020E91F83C20DA
:10DC90001B0491F8390043EA026291F83A301044CB
:10DCA0001A0491F838C04FEA0E2342EA002243EAF0
:10DCB00010606244C4E9042091F8210000F00200E1
:10DCC000E0710020E0610AE0E16B032A488B05D196
:10DCD0000A7D497D40EA024040EA0160A060F08888
:10DCE0000021A0802046FFF751F800289DD1002098
:10DCF00002B070BDB0B50C4630B30546006828B31D
:10DD0000017829B3A988C288914223D14078FFF7CE
:10DD10005BFAC00720D13CB30020A0762846FEF76E
:10DD2000DDF80146043818BF0846B0B92846214638
:10DD300001F0A2F828460021FDF7F6FF014604385D
:10DD400018BF084609E000BF092006E0092004E0EA
:10DD5000092002E0092000E00920002C1EBF002855
:10DD60000021A176B0BD00BF28460021FFF70EF8C4
:10DD7000B0BD00002DE9F04395B098B104460068AD
:10DD800080B1017871B1A188C28891420AD14078EE
:10DD9000FFF71AFAC00705D194F83000410607D4FE
:10DDA00000262DE10926304615B0BDE8F08300BFFE
:10DDB000D4F80090000611D599F80100626C04F1C6
:10DDC000500101230126FFF709FA002840F01881CD
:10DDD00094F8300000F07F0084F8300099F80000DB
:10DDE000042840F0AF80E07903280FD1A5695DB128
:10DDF000A16820684F1C3A4603F0C0FE002840F09E
:10DE00000381013D3946F4D10020E071E3698BB113
:10DE1000256C2068EA1A511C0232012B08BF4FF012
:10DE2000FF3203F0ABFE002840F0EE80E069431EB5
:10DE3000E361EED1D4E908232068A16A0090029240
:10DE400023F0FF000022CDE9040268468DF8073078
:10DE500007921391FEF79AFF0646002840F0D08003
:10DE6000684601F08BFB0646002840F0C980D9F8CF
:10DE70003800017941F020010171E079D9F83810BA
:10DE800040F0010081F82100D9F83800A168416311
:10DE9000D4E90401D9F83820070A060C82F83800C2
:10DEA0000B0A82F839700F0C82F83A600E0E000EE1
:10DEB00082F83B0082F83C1082F83D3082F83E70D8
:10DEC00082F83F60D4E90401D9F83820070A060C2B
:10DED00082F828000B0A82F829700F0C82F82A6059
:10DEE0000E0E000E82F82B0082F82C1082F82D30D6
:10DEF00082F82E7082F82F60D9F8385000F0B8FF01
:10DF0000E860D9F8380000214175D9F83800C175AA
:10DF1000D9F838000161D9F838000176684604F074
:10DF2000C7F9064600286BD1484604F083FA94F8F6
:10DF30003010064601F0BF0084F83000304615B0BE
:10DF4000BDE8F083A76CD9F82020BA4226D1E56C51
:10DF5000E87A40F02000E872A068216868830978B8
:10DF6000032903D1010C000E297568752069E86149
:10DF700000F07EFFC5F8160000206882012089F8B5
:10DF80000400484604F056FA94F8301001F0BF013E
:10DF900084F8301015B0BDE8F08300BF99F8040094
:10DFA000F0B199F8010009F13C084146012301262E
:10DFB000FFF714F920BBD9E90721D9F82830002050
:10DFC00089F80400CB1A93420AD299F80300022878
:10DFD00006D199F801000A4441460123FFF7FEF8F3
:10DFE00099F8010009F13C013A4601230126FFF7A7
:10DFF00001F8002818BF4FF0FF37C9F82070A6D0ED
:10E00000304615B0BDE8F0830646304615B0BDE891
:10E01000F08300002DE9F04F83B004460020186023
:10E0200094B3206880B38B46017869B31646A18803
:10E03000C288914228D140781D46FFF7C5F8C00735
:10E0400022D194F83100002840F0F78094F8300095
:10E0500081075EBF072003B0BDE8F08FD4F800A0B1
:10E060009AF80010042904D0A16BC943B14238BF0B
:10E070000E46002E00F0DC80D4E90E8904F1500039
:10E080000290CDF804A039E0092003B0BDE8F08F7C
:10E09000D4E90E89676440466FF35F20C0F50077CE
:10E0A0002044B74288BF3746503059463A46E2F7D7
:10E0B00051F994F8300040F0800084F8300028686E
:10E0C00018EB070838442860D4E9041049F1000926
:10E0D000B1EB0802A6EB070670EB09024FF0000255
:10E0E000C4E90E8938BF0122002A1CBF48464146B8
:10E0F000BB44002EC4E9041000F098805FEAC850C9
:10E10000C9D14FEA5820BAF80A1040EAC95001397B
:10E1100011EA00031AD158EA090007D0216C1F4602
:10E120002046FDF71DF93B4603E000BFA06800282C
:10E1300078D0411C00F08680002877D0012800F0BC
:10E140007F80A1682064002908BFA06094F9300096
:10E15000B0F1FF3F10DC9AF80100626C02991F4693
:10E160000123FFF73BF800286CD194F830003B46C0
:10E1700000F07F0084F83000206CDAF818100238C4
:10E18000023988425CD2DAF83020BAF80A1000FB73
:10E190000120002854D00022B2EB562F00EB0307D9
:10E1A00028D052464FEA562A03EB0A00884250789C
:10E1B00088BFA1EB030A59463A465346FFF70EF8CB
:10E1C00000283FD1606CC01B50450CD20BEB4021A6
:10E1D00002984FF40072E2F7BDF894F8300000F0B6
:10E1E0007F0084F83000D4E90E894FEA4A27DDF831
:10E1F00004A064E7606CB8423FF44AAFD4E904017C
:10E20000D4E90E23101A73EB0100BFF441AF9AF862
:10E21000010002993A460123FEF7ECFE00283FF484
:10E2200037AF0FE01F4600217AE700BF94F83000B7
:10E2300040F0400084F83000002003B0BDE8F08FCB
:10E24000022000E0012084F8310003B0BDE8F08F27
:10E250008028024610D3FF284FF000020CD840F26D
:10E26000B513994208D145F64831C0F6020101EBD9
:10E2700040006FF0FF01425A1046704780B57F287A
:10E280009CBF80B280BD0023B3EB104F04BF40F2AF
:10E29000B512914202D098B280BD00BF45F6483C0D
:10E2A0004FF0000E1E22C0F6020C0CEB020333F8F6
:10E2B0001E3C83423AD00CEB4E035988814233D046
:10E2C0009988814238D0D98881423DD019898142CC
:10E2D00042D05989814247D0998981424CD0D9890D
:10E2E000814251D0198A814256D0598A81425BD0ED
:10E2F000998A814260D0D98A814265D0198B814246
:10E300006AD0598B81426FD0998B814274D03CF88E
:10E310000210814278D00EF1100E2032BEF1800F33
:10E320004FF00003C1D1B6E70EF1010E0EF18000EF
:10E33000C3B298B280BD00BF0EF1020E0EF1800094
:10E34000C3B298B280BD00BF0EF1030E0EF1800083
:10E35000C3B298B280BD00BF0EF1040E0EF1800072
:10E36000C3B298B280BD00BF0EF1050E0EF1800061
:10E37000C3B298B280BD00BF0EF1060E0EF1800050
:10E38000C3B298B280BD00BF0EF1070E0EF180003F
:10E39000C3B298B280BD00BF0EF1080E0EF180002E
:10E3A000C3B298B280BD00BF0EF1090E0EF180001D
:10E3B000C3B298B280BD00BF0EF10A0E0EF180000C
:10E3C000C3B298B280BD00BF0EF10B0E0EF18000FB
:10E3D000C3B298B280BD00BF0EF10C0E0EF18000EA
:10E3E000C3B298B280BD00BF0EF10D0E0EF18000D9
:10E3F000C3B298B280BD00BF0EF10E0E0EF18000C8
:10E40000C3B298B280BD00BF0EF10F0E0EF18000B6
:10E41000C3B298B280BD00000021B1EB104F18BF0D
:10E42000704780B545F6080245F6C401C0F6020201
:10E43000C0F60201B0F5805F38BF0A46B2F800C0EE
:10E44000BCF1000F18D000BF844515D85188131DAA
:10E450005CFA81FE0A0A864512D85FFA81FE71468F
:10E46000002A18BF00211A4633F811C008BF02EB7A
:10E470004E02BCF1000FE7D180B2BDE8804070478A
:10E48000082AF9D8DFE802F0060E181E242A3036D2
:10E490003C0000BFA0EB0C0033F8100080B2BDE8D8
:10E4A00080407047A0EB0C0101F00101401A80B2DE
:10E4B000BDE88040704700BF103880B2BDE88040A2
:10E4C000704700BF203880B2BDE88040704700BF71
:10E4D000303880B2BDE88040704700BF1A3880B243
:10E4E000BDE88040704700BF083080B2BDE8804082
:10E4F000704700BF503880B2BDE88040704700BF11
:10E50000A0F5E35080B2BDE8804070472DE9F04FA0
:10E510008BB0D0F800A007460D4600BF28785C28D5
:10E5200018BF2F2815D168782F2818BF5C280BD169
:10E53000A8785C2818BF2F2808D1E8785C2818BF75
:10E540002F2805D10435E9E7013502E0023500E066
:10E5500003350020B860F861287820280AD280228C
:10E560003846002187F84B200BB0BDE8F04FFEF78E
:10E570000DBC00BFDAF80C8007F140010FF23054F7
:10E580000A9109976F1C02354FF00009C0B240F2A2
:10E59000B511FFF75DFE002800F0728206462028C4
:10E5A000C0F0E2805C2E18BF2F2E24D07F2E0DD815
:10E5B000204631460922E1F704FF0146B9F1FE0F7A
:10E5C0004FF0060000F2588221B155E2B9F1FE0F7A
:10E5D00000F2568228F8196017F8090009F10101C4
:10E5E000013500288946D1D17D184FF0040B8946AA
:10E5F00026E000BF043515F8010C5C2818BF2F2851
:10E6000010D128782F2818BF5C280ED168785C2894
:10E6100018BF2F2808D1A8785C2818BF2F28E9D068
:10E62000023502E0013D00E0013520284FF00000F6
:10E6300038BF01204FEA800BB9F1000F00F01882BB
:10E6400008EB4900043800BF41882E2918BF202953
:10E6500030D1B9F1010F00F00B8201882E2918BFCB
:10E66000202919D1B9F1020F00F0028230F8021C02
:10E670002E2918BF202915D1B9F1030F00F0F88118
:10E6800030F8041C2E2918BF202911D1B9F1040932
:10E69000A0F10800D8D1EBE1CDF810A0A9F1010953
:10E6A0000AE000BFCDF810A0A9F1020904E000BF04
:10E6B000A9F10309CDF810A04FF0000A062128F8AF
:10E6C00019A000BF08EB010030F8060C202819D172
:10E6D00008EB4A02508820280ED1908820280FD1BC
:10E6E00038F801000AF1040A202801F10801E9D0F4
:10E6F000AAF1010A06E000BF0AF1010A02E000BF28
:10E700000AF1020A2E2808EB49004BF0030108BF6A
:10E710008B460438BAF1000F18BF8B46B9F1000FD1
:10E720001ED041882E292FD0B9F1010F18D00188B1
:10E730002E2923D0B9F1020F12D030F8021C2E2955
:10E7400020D0B9F1030F0BD030F8041CA9F1040953
:10E750002E29A0F10800E1D109F1010914E000BF60
:10E760004FF0000910E000BF07EB09054FF0040B64
:10E77000B9F1000F7FF464AF7AE100BFA9F101099C
:10E7800002E000BFA9F102090A984FF02031C0F859
:10E790000710C0E90011C9F1000708F1040EA9F142
:10E7A000010408224FF0010C0023002000210691F3
:10E7B000511E0792059108900EEB4A0001E000BF40
:10E7C000083038F81A60202E04D02E2E22D154455D
:10E7D00000F0AA8008EB4A014BF0030B4E8807EBD0
:10E7E0000A01202E04D02E2E1AD18A1C00F09C8003
:10E7F0000688202E04D02E2E18D1CA1C00F094803A
:10E8000046880AF1040A202EDAD02E2E14D10431C3
:10E81000D6D189E0002E00F09F800AF1010A0EE0B7
:10E82000002E00F099800AF1020A08E0002E00F0A4
:10E8300093800AF1030A02E0002E00F08D80DDE9EA
:10E840000712AAEB0900B0FA80F040098A426DD2A3
:10E85000CA456BD0802ECDF80CE02DD3304640F267
:10E86000B511CDE9014764461F46FFF707FD06468F
:10E87000000611D4B6F5807F3B46A44618D3059810
:10E8800008990DF1040E9EE89040814228D3079824
:10E890004BF0030B8FE700BF44F6286106F07F00C2
:10E8A000C0F602010E5C4BF0020B3B46A44601E0B1
:10E8B0004BF0020BDDE90147089A56B17FA03146C3
:10E8C0000722CDE901C3E1F77CFDDDE901C3089A28
:10E8D00090B1DDF80CE04BF0030B5F261EE000BFAB
:10E8E00008460A460999300A11444BF0020B0132DE
:10E8F00081F8400012E000BFA6F1410080B21A2862
:10E9000038BF43F00203A6F1610080B219289CBF12
:10E9100043F00103203EDDF80CE0089A0999501CF1
:10E92000114481F8406046E70120CA460699C907AC
:10E930004BF003010ED1002808BF8B46CA450BD807
:10E9400001209B000B224FF0000C06900820CA46C5
:10E950002EE700BF8B4600BFDDE90970DDF810A08F
:10E960000078E52802D10A98052101705FEACC7091
:10E9700018BF9B0003F0030103F00C0003294BF0C8
:10E98000020208BF93460C2808BF9346102000EAF5
:10E99000031003F0040140EA41005FEA8B7159461D
:10E9A00058BF0143384687F84B10FCF7CBFE0028D0
:10E9B0006AD15FEA4B7073D4B879C00674D59AF8FF
:10E9C000001004293AD1B868FA7938623869396890
:10E9D00020F0FF0010447862F86C8A6BB862506BCC
:10E9E000B86092F83E0092F83F30000240EA0340DF
:10E9F00092F83D3092F83B6000EB030E92F83C3009
:10EA0000360492F8390046EA036392F83A60034408
:10EA1000360492F838C04FEA0E2046EA032640EA50
:10EA2000136006EB0C03C7E9043092F8210000F0F4
:10EA30000200F8710020F86113E000BF386B032971
:10EA40006FF35F200AEB0002B2F8560007D102F123
:10EA50003C010A7D497D40EA024040EA0160396894
:10EA6000B8602878D1F80C8011A400287FF48AAD12
:10EA70000020A8F8000006200BB0BDE8F08F00BF12
:10EA800006200BB0BDE8F08F0428F5D15FEA4B708B
:10EA90004FF0040058BF05200BB0BDE8F08F00BF59
:10EAA00000200BB0BDE8F08F05200BB0BDE8F08F63
:10EAB0002A3A3C3E7C223F7F000000002B2C3B3D4D
:10EAC0005B5D000080B540F2A042EFF3108C72B69F
:10EAD000C2F200021388518801336FF31F338B4257
:10EAE00004D151680131516009E000BFB2F800E083
:10EAF0004AF6B021C2F2000101F80E001380BCF109
:10EB0000000F18BF80BD62B680BD00002DE9F04740
:10EB1000022931D307680C46B969A1422CD939784A
:10EB20000139032928D8DFE801F0032B375300BF50
:10EB300004EB5406B86A3A6A00EB5625AA4271D132
:10EB400006F101096FF35F26B91900EB592691F818
:10EB50003CA0B54240F05A816FF35F2907EB0900F2
:10EB600090F83C00E2074AEA002108466FF31F30A4
:10EB700018BF0809BDE8F0870120BDE8F08700BF95
:10EB8000B86A3A6A00EB1425AA427DD1E0B207EBDD
:10EB90004000808FBDE8F087B86A3A6A00EBD41570
:10EBA000AA4240F09F8004F07F0007EB800090F8BD
:10EBB0003E2090F83F30120290F83D1042EA0342A6
:10EBC00090F83C00114461F31B20BDE8F08700BFC2
:10EBD000D0E9043153EA010204D0866816B1C27943
:10EBE00008E000BFC279002A1CBF0120BDE8F08701
:10EBF00086680022013B61F100015B0A43EAC151D2
:10EC00007B89B1FBF3F3A11B994200F29980022AA0
:10EC100040F09680601C994208BF6FF00040BDE84C
:10EC2000F08700BF3879D0B1787807F13C084146C9
:10EC30000123FEF7D3FA002840F0F380D7E907213B
:10EC4000BB6A00203871CB1A934208D2F8780228A8
:10EC500005D178780A4441460123FEF7BFFA787857
:10EC600007F13C012A460123FEF7C4F901464FF0A3
:10EC7000FF3000294FF0FF3108BF2946396240F0CC
:10EC8000C380B86A5CE700BF3879D0B1787807F103
:10EC90003C0631460123FEF7A1FA002840F0C1806E
:10ECA000D7E90721BB6A00203871CB1A934208D2FA
:10ECB000F878022805D178780A4431460123FEF716
:10ECC0008DFA787807F13C012A460123FEF792F984
:10ECD00001464FF0FF30002918BF05463D6240F065
:10ECE000938053E73879D0B1787807F13C06314604
:10ECF0000123FEF773FA002840F09380D7E907213B
:10ED0000BB6A00203871CB1A934208D2F8780228E7
:10ED100005D178780A4431460123FEF75FFA787806
:10ED200007F13C012A460123FEF764F901464FF042
:10ED3000FF30002918BF05463D6265D133E700BFAB
:10ED4000022A04BF0120BDE8F087032A05D18269A9
:10ED500091423CBF601CBDE8F087C06900281CBF21
:10ED60006FF00040BDE8F087B86A3A6A00EBD4154E
:10ED7000AA4230D03879E8B1787807F13C063146BC
:10ED80000123FEF72BFA00281CBF4FF0FF30BDE82F
:10ED9000F087D7E90721BB6A00203871CB1A93426C
:10EDA00008D2F878022805D178780A443146012340
:10EDB000FEF714FA787807F13C012A460123FEF7A2
:10EDC00019F901464FF0FF30002918BF05463D6292
:10EDD00018BFBDE8F08704F07F0007EB800090F8D3
:10EDE0003E2090F83F30120290F83D1042EA034274
:10EDF00090F83C0011444FF60072C0F6FF7202F129
:10EE0000E04202EA01210844BDE8F0873879F0B118
:10EE1000787807F13C0841462A460123FEF7DEF9DF
:10EE200020B14FF0FF30BDE8F08700BFD7E90721E0
:10EE3000BB6A00203871CB1A934208D2F8780228B6
:10EE400005D178780A4441460123FEF7C7F978785E
:10EE500007F13C0132460123FEF7CCF801464FF0A2
:10EE6000FF30002918BF06463E62CDD174E600008F
:10EE70000020C5F6214070472DE9F04F81B0834650
:10EE8000D0F8009000208876DBF83800002800F0E9
:10EE9000558199F800008A4604284DD1D9F83800E8
:10EEA00090F82310002900F0E480402700254FF05F
:10EEB000000800237A09122A00F2DB80FA0608BF54
:10EEC0000237C219C45D5678023744EA0622002B85
:10EED00005F1010504BF06F0F806D82E04D18D42D5
:10EEE0001346E7D3BEE000BF42EA03400AEB080145
:10EEF00001F11A0440F2B511C8F1FF06FFF7BEF99F
:10EF0000B0F5807F08D3022EC0F0B380010A04F868
:10EF1000011B022206E000BF002E18BF002800F0EF
:10EF2000A88001222070D9F83800904490F823106E
:10EF30008D42BED3002298E0DBF84C0001304AD06D
:10EF4000002700264FF00008CDF8009005E000BF34
:10EF50000121DDF8009028700F44D9F80C0030F83A
:10EF60001640002C00F0EE8004F47841B1F5584FC3
:10EF700006F1010106D130F81100002800F0E3800D
:10EF8000023602E0204600240E4640EA04400AEB26
:10EF9000070101F11A0540F2B511C7F1FF09FFF7AA
:10EFA0006DF9B0F5807F09D3B9F1020FC0F0CE80C2
:10EFB000010A05F8011B0221CBE700BFB9F1000FE0
:10EFC0004FF0000118BF0028C2D15046002C08BFE6
:10EFD000084480F81A8000212E2000273E463A4639
:10EFE0000B2F98BF0B2600BF964217D0DBF83C30A2
:10EFF000571C9B5C3A46202BF6D0052B08BFE52317
:10F000000B2998BF092F02BF0AEB0102013150738F
:10F010000AEB010201315373E0E700BF0AEB010282
:10F02000002050739AF81A20002A70D100295FD06E
:10F030000822002104E000BF2E2710229F76013114
:10F040000AEB01035F7B2E2FF6D0002F54D0A7F1DF
:10F050004106192EF2D8DBF83C60367B164218BF09
:10F060002037EBE7002A18BF012212B9B8F1000FD0
:10F0700004D13F204FF001088AF81A000AEB08007B
:10F08000002181768AF80D10D9F83800027902F053
:10F090003703D2068AF80C3020D490F83E1090F84E
:10F0A0003F20090241EA024190F83D2090F83B7070
:10F0B000114490F83C203F0490F8396047EA02621E
:10F0C00090F83A7032443F0490F83830090247EA29
:10F0D000022741EA1262F91801E000BF0022CAE9E2
:10F0E00000128189AAF80A1000F10E010F301FE00A
:10F0F0003F218AF81A1001210AEB010200219176C2
:10F10000DBF83C20127B002A08BF8AF80D10DBF8E0
:10F110003C20D17A01F03F018AF80C10D169CAE98C
:10F120000010D08A02F11801AAF80A0002F11900B1
:10F130000978007841EA0020AAF8080001B0BDE88B
:10F14000F08F00BF002439463FE700BF00213CE7B5
:10F15000B0F1FF3FC8BF00F07F00C0B270470000B1
:10F16000002808BF7047F0B581B00F4688211C46C3
:10F1700015460646E1F707F9C6E90075347201B095
:10F18000BDE8F040704700002DE9F0419EB0002836
:10F190004FF000061CBF0F46002903D130461EB0B9
:10F1A000BDE8F081054638681446FFF7D1FF297A9B
:10F1B000884225D1E8464046394600F009F99DF8D5
:10F1C0000060002E64D09DF801709DF80810DDE904
:10F1D0000423284600F8101F791E0829C0E90223DD
:10F1E00014D8DFE801F005151D252D33373D450006
:10F1F00008AA07CA05F1280307C301203FE000BFA2
:10F20000002630461EB0BDE8F08100BF002036E089
:10F210000BAA07CA05F1340307C302202FE000BF81
:10F220000EAA07CA05F1400307C3042027E000BF68
:10F2300011AB0FCB05F14C0C8CE80F0008201EE041
:10F24000DDE91501C5E91701102018E01798686677
:10F25000202014E0DDE91801C5E91A0140200EE084
:10F260001AAA07CA05F1700307C3802007E000BF90
:10F2700008F108017022E1F76DF84FF48070D5F8BD
:10F280008010002C40EA0100C5F8800018BF2770EC
:10F29000002E18BF012630461EB0BDE8F0810000E8
:10F2A00070B58CB0A0B10C464FF0000561B10646B8
:10F2B000006848B102AA6B464021E5F7FDF9B0FAB3
:10F2C00080F14FEA511538B128460CB070BD00BF2F
:10F2D000002528460CB070BD20465021E1F753F8B8
:10F2E000DDE902012060B1F1804F04BF40F0004031
:10F2F00020600598072809D80022DFE800F01405EF
:10F30000090B0D0F111300BF01220CE008220AE0C7
:10F31000022208E0032206E0042204E0052202E0C3
:10F32000062200E00722601D69462271E1F712F80B
:10F330007268002A06BF002000219047C4E912012C
:10F3400028460CB070BD000010B58AB050B303461B
:10F350000A464FF0000011B31B6803B392F804E0B3
:10F360000020BEF1080F1AD852F805CB4FF08041AB
:10F3700001EA5C042CF06041CDE901140BA151F8C5
:10F380002E10CDE90500CDE90301CDE90700099074
:10F3900001A91846E4F7BEFFB0FA80F040090AB0B0
:10F3A00010BD00BF00200AB010BD00BF000000006B
:10F3B0000100000002000000030000000400000043
:10F3C0000500000006000000070000000800000023
:10F3D00070B50D4678210446E0F7D5FF0A2060702D
:10F3E0001DB12868B0F1FF3F00DD70BD00F47F0162
:10F3F000B1F57F0FF9D129790829F6D3060AFFF76D
:10F40000A7FED5E912236FF0330151FA86F120727D
:10F410001229C4E9042388BF70BDDFE801F00D0B99
:10F420000B2F0B0B0B0B0B510B0B0B690B0B0B0B64
:10F43000770000BFD9E700BFB5F90500B5F907109F
:10F4400000EE100AB5F9090002EE101A03EE100AD8
:10F45000B8EEC00A9FED481AB8EEC22AB8EEC33A19
:10F4600020EE010A22EE012A23EE011A84ED080A99
:10F4700084ED092A84ED0A1A012072E0B5F905002D
:10F48000B5F9071000EE100AB5F9090002EE101ADE
:10F4900003EE100AB8EEC00A9FED361AB8EEC22A83
:10F4A000B8EEC33A20EE010A22EE012A23EE011A39
:10F4B00084ED0B0A84ED0C2A84ED0D1A022050E035
:10F4C000D5F80500D5F8091000EE100A02EE101A62
:10F4D000B8EEC00A9FED261AB8EEC22A20EE010A45
:10F4E00022EE011A84ED150A052084ED161A38E083
:10F4F000D5F809009FED1E1A00EE100A0620B8EE9E
:10F50000C00A20EE010A84ED170A2AE0B5F90500C9
:10F51000B5F90710B5F90920B5F90B3000EE100A5E
:10F5200002EE101A03EE102A04EE103AB8EEC00AEA
:10F530009FED0E1AB8EEC22AB8EEC33AB8EEC44A2E
:10F5400020EE010A22EE012A23EE013A24EE011AEE
:10F55000042084ED110A84ED122A84ED133A84ED1F
:10F56000141A60700120207070BD00BF17B7D13829
:10F570006F12833AD6FF793DD5FFFF392DE9F04F61
:10F5800081B00468876B226AD4F838800546BA4295
:10F5900010D1E96B0878852866D1404620224FF0CB
:10F5A000200AE0F7D7FE98F80140A01E10282DD9B8
:10F5B000022634E02079C8B1607804F13C0949465C
:10F5C00001230126FDF70AFE48BBD4E90721A36AFF
:10F5D00000202071CB1A934208D2E078022805D18E
:10F5E00060780A4449460123FDF7F8FD607804F18C
:10F5F0003C013A4601230126FDF7FCFC002818BF18
:10F600004FF0FF3727620AD1C3E700BF2846002129
:10F61000FCF78AFB0646042808BF022626B13046BE
:10F6200001B0BDE8F08F00BF2F68D5F838B03A6A56
:10F630005A451FD1E96B0878C02815D108F1200080
:10F6400020220AEB4416E0F785FE98F8230048F6DE
:10F6500089012C30C8F68801A0FB01016FF01C0065
:10F6600000EA8100864233D20226304601B0BDE86E
:10F67000F08F00BF3879D0B1787807F13C0949465E
:10F6800001230126FDF7AAFD0028C8D1D7E90721EB
:10F69000BB6A00203871CB1A934208D2F87802284E
:10F6A00005D178780A4449460123FDF797FD78781B
:10F6B00007F13C015A4601230126FDF79BFC002877
:10F6C00018BF4FF0FF3BC7F820B0A8D1B2E700BF8A
:10F6D0004FEA4419402404E004F120004C4504465C
:10F6E00054D228460021FCF71FFB0646042808BF19
:10F6F0000226002E93D1D5F800B0AF6BDBF82020A6
:10F70000BA4235D09BF8040008B39BF801000BF116
:10F710003C0A514601230126FDF760FD00287FF4D5
:10F720007EAFDBE90721DBF82800081A90424FF092
:10F7300000008BF804000AD29BF80300022806D1CF
:10F740009BF801000A4451460123FDF747FD9BF851
:10F7500001000BF13C013A4601230126FDF74AFC6A
:10F76000002818BF4FF0FF37CBF820707FF457AF59
:10F77000E96B0878C1287FF477AF60091228ABD80D
:10F7800008EB04002022E0F7E5FDA5E72038B0F5FE
:10F79000107F47D898F80100202101EB401000218C
:10F7A000002209E08BB2C90341EA530118F8023084
:10F7B0001944013282422FD2022A01D1032206E0EB
:10F7C0008BB2C90341EA530118F8023019440132DF
:10F7D000824221D2022A01D1032206E08BB2C90360
:10F7E00041EA530118F8023019440132824213D21F
:10F7F000022A01D1032206E08BB2C90341EA530178
:10F8000018F8023019440132824205D2022AC9D1C5
:10F81000032201328242CFD3B8F8020089B281427A
:10F820007FF422AF0026304601B0BDE8F08F000023
:10F83000C8B04FF001090024CDF80890ADF814418C
:10F84000E6F72CF94FF20000C0F6FF0003906FF0CE
:10F850007740049040F20030C0F2010002AD059004
:10F860002846E6F7F5F84FF48840ADF8140145A8AE
:10F87000E6F7CEF804200426E6F724F9E6F74AF87E
:10F88000F9F766F9F7F760F805F13000D821E0F7ED
:10F890007AFD4FF40010029002216420CDE90601A8
:10F8A0003220CDE908010820CDE90A044FF40030E8
:10F8B0000D904FF40070319028460396CDE904195D
:10F8C0000C943594E7F730FC002840F0778440F63C
:10F8D0008C480694C4F20248D8F8000040F2004A6E
:10F8E00040F01000C8F80000D8F80000C4F2022A66
:10F8F00000F0100045904598D8F800000AF58065A2
:10F9000040F00400C8F80000D8F8000042F2E0110E
:10F9100000F0040045904598D8F80000002240F01F
:10F920008000C8F80000D8F8000042F2E01600F0AD
:10F93000800045904598D8F8000040F00100C8F8D4
:10F940000000D8F8000000F0010045904598D8F874
:10F95000000040F00200C8F80000D8F8000000F0F5
:10F96000020045904598D8F8000040F00800C8F81B
:10F970000000D8F8000000F008004590459828469F
:10F98000E5F730FC50464FF408510022E5F72AFC19
:10F99000AAF5806738464FF480710122E5F722FC12
:10F9A00038464FF400710022E5F71CFC0AF5006BA5
:10F9B000584601210022E5F715FC5046202101227E
:10F9C000E5F710FCCDE9026902AE28463146CDE9E3
:10F9D00004440195E5F738FB042002900020C1F2B1
:10F9E000110000F50010CDE9030438463146012529
:10F9F000E5F72AFB4FF480500AF54069CDE902048F
:10FA0000484631460494E5F71FFB42F22020CDE939
:10FA1000020550463146CDE90444E5F715FB4FF4A5
:10FA20004070CDE9020538463146CDE90444E5F79A
:10FA30000BFB4FF4004000250290C1F2110538463F
:10FA40003146CDE90354E5F7FFFA0120CDE9020084
:10FA5000584631460127CDE90444E5F7F5FA082078
:10FA6000029005F58010CDE9030450463146E5F7D4
:10FA7000EBFA1020CDE902040220049050463146F2
:10FA8000E5F7E2FA48463146CDE902750494E5F718
:10FA9000DBFA1A2005210022E6F760F81A20E6F7C3
:10FAA0004DF80D2005210022E6F758F80D20E6F765
:10FAB00045F80B2005210022E6F750F80B20E6F769
:10FAC0003DF80E2005210022E6F748F80E20E6F763
:10FAD00035F858F8040C052140F0010048F8040CF2
:10FAE00058F8040C002200F00100029002981B203C
:10FAF000E6F734F81B20E6F721F81C200621002247
:10FB0000E6F72CF81C20E6F719F858F8040C052144
:10FB100040F0020048F8040C58F8040C002200F0F1
:10FB20000200029002985A20E6F718F85A20E6F7E9
:10FB300005F841F2203041F25002C2F200004FF4C9
:10FB40000021C4F202024FF48033C0E90024C0E96E
:10FB50000244C0E90441C0E90673C0E90847C0E9AE
:10FB60000A74C0E90C44E4F70DF8002840F026833D
:10FB700041F22030C2F200001021E3F7FFFE00281E
:10FB800040F01C830020E5F79DFE002840F016831E
:10FB9000E5F7A8FE002840F0118340F60044C4F2C7
:10FBA000000441F2686048F6805704F5963100225F
:10FBB000C2F200000C23C0F25B07C0E90017C0E9E5
:10FBC0000222C0E90423C0E90622C0E908228262B9
:10FBD000EBF7FEFE002840F0F18241F26860C2F2CD
:10FBE00000000021EBF7E0FA002840F0E78241F244
:10FBF0006860C2F200000021EBF790FA002840F0A4
:10FC0000DD8241F26860C2F20000EBF7A7F900283C
:10FC100040F0D48241F2C8100AF5F841C2F2000067
:10FC200000254FF400220123042680E82600082145
:10FC3000CDE90855C0E9035346610583C16180F8E9
:10FC40002050856380F83C50C0E90A55056380F870
:10FC50003450E3F795FA002840F0B0828020C1F6D6
:10FC60005050029006200390052004907F20CDE99B
:10FC7000050641F2C810C2F2000002A90795E3F799
:10FC80005FF8002840F09A8248F20000C3F6F06066
:10FC900002900C20039041F2C810C2F2000002A9A9
:10FCA000E3F74EF8002840F089821020C1F2C0002E
:10FCB00002901220039041F2C810C2F2000002A983
:10FCC000E3F73EF8002840F0798242F20000C3F2E8
:10FCD000906002901820039041F2C810C2F2000018
:10FCE00002A9E3F72DF8002840F0688241F20000F5
:10FCF000C3F2602002904FF48070039041F2C8106C
:10FD0000C2F2000002A9E3F71BF8002840F0568277
:10FD100040F20040C2F6002002904FF4837003903E
:10FD200041F2C810C2F2000002A9E3F709F8002866
:10FD300040F0448240F20020C2F2B05002904FF4F2
:10FD40008670039041F2C810C2F2000002A9E2F7E7
:10FD5000F7FF002840F032822020C1F2F0400290EC
:10FD60004FF48970039041F2C810C2F2000002A95A
:10FD7000E2F7E6FF002840F0218241F29070002671
:10FD8000C2F200004FF0807241F200430421C4F23D
:10FD900000731927C0E902620822C0E90031C0E9F6
:10FDA0000471C0E90666C0E90861C0E90A66C0E9F5
:10FDB0000C628663ECF7EAF8002840F0FF8141F21C
:10FDC000B44004F59841C2F20000012248F6D34540
:10FDD000C6F2800580E86200C0E90326C0E9056636
:10FDE000C0E90766E5F754FA002840F0E78141F2E0
:10FDF000B440C2F200000021E5F700FA002840F00C
:10FE0000DD8141F2B440C2F2000000210027E5F795
:10FE10001BFA002840F0D28141F2983004F51841D5
:10FE2000C2F20000C0E900170126052100F11C0301
:10FE3000C0E90277068287740222C0E9056646C3DC
:10FE4000C0E90A66C0E90C67C0E90E67E4F7B0FDD7
:10FE5000002840F0B38141F2604004F59041C2F2C5
:10FE600000000022C0E90015C0E90226C0E9042212
:10FE7000C0E906220262E5F70BFA002840F09E81F5
:10FE800041F26040C2F200000021E5F7B7F9002816
:10FE900040F0948141F26040C2F200000021002550
:10FEA000E5F7D2F9002840F0898140F2402047F67A
:10FEB0000003C2F20000C4F200437F214FF08047EC
:10FEC000C0E9003500F10803CDE90755CDE9055536
:10FED000CDE90355FF2226C3C0E90555C0E90775E2
:10FEE0004562E8F74BFF002840F0688140F2402669
:10FEF000C2F20006002502A930460295CDE905555B
:10FF00000795E8F71DFF002840F0588141F2D050D6
:10FF100004F58061C2F2000042F20573039542F2DB
:10FF2000840280E82600C3608561EAF737F900287B
:10FF300040F0448141F2D0500025C2F2000002A9F5
:10FF400002950495EAF760F8002840F0378141F205
:10FF5000FC3004F51C41C2F20000C0E9001501218B
:10FF600005220223C0E9025501828574C0E905110A
:10FF7000C0E90723C0E90911C0E90B11C0E90D511F
:10FF8000C563E4F715FD002840F018814FF080416B
:10FF9000304640F8301F41F2CF210025C0F2130156
:10FFA000C0E9025180214695CDE90755CDE90555B7
:10FFB000CDE903550295456005618161EAF77CFD55
:10FFC000002840F0FB8006F1300745A938464595EA
:10FFD0004795EAF719F8002840F0F0806020029079
:10FFE00048F66810C0F209000390002502A93846BF
:10FFF000042204950695EAF715FC002840F0DE80FF
:020000040802F0
:100000003846EAF7E7FB41F2FC6004F56051C2F2C2
:1000100000000C234FF4612280E82600C0E903555C
:10002000C0E90535C0E90755C0E90955EBF7D0FC33
:10003000002840F0C38041F2FC60C2F200000021C1
:10004000EBF7B2F8002840F0B98041F2FC60C2F250
:1000500000000021EBF762F8002840F0AF8041F289
:10006000FC60C2F20000EAF779FF002840F0A680A9
:1000700041F284500021F922C2F200004FF0FF3318
:100080000591CDE903114791CDE94511C0E9004241
:10009000C0E9021301618161EAF780F8002840F0AD
:1000A0008D804FF48050029041F28450C2F20000E3
:1000B00002A9EAF783F9002840F0808041F28450D9
:1000C0000024C2F2000045A945944794E9F79CFF3B
:1000D000002873D141F2085048F20002C2F2000039
:1000E0004FF48041C4F200620523C0E90024C0E956
:1000F0000241C0E9044332A036A104F09FF9E2F7BF
:10010000FFFDE2F7F7FD37A1022838A033A208BFB0
:10011000114604F093F93AA004F040FE5046202125
:100120000122E5F75FF8019C4FF4005120460022C0
:10013000E5F758F837A004F031FE0A20E4F750F84C
:1001400020464FF400510122E5F74CF86420E4F713
:1001500047F837A004F022FEE0F76EFB3AA004F067
:100160001DFE38460421EAF7FBFC38BB306B6FF00C
:1001700001010161C16841F00101C16045F24E0019
:10018000C0F6020004F00AFE00F09EFC45F21800E2
:10019000C0F6020004F002FEF0F774FE45F23300F0
:1001A000C0F6020004F0FAFD45F26400C0F6020059
:1001B00004F0F4FD00F0B0FCFEE700BFE2F710FB36
:1001C0005B46575D2076657273696F6E3D25730DD2
:1001D0000A00000056322E312E30000052494748A6
:1001E000540000004C454654000000005B48616E1E
:1001F000645D20736964653D25730D0A000000008D
:100200005B426F6F745D2061667465722068616E19
:10021000640D00005B426F6F745D206265666F72F3
:100220006520696D752064656C61790D00000000C2
:100230005B426F6F745D20616674657220696D75D5
:100240002064656C61790D005B426F6F745D2062A4
:1002500065666F72652070776D0D00002DE9F04FB7
:1002600085B000230B600368D3B10027DE5D202E2C
:100270001CD33A2E1AD0DD196E78202E1AD33A2EBE
:1002800018D0AE78202E19D33A2E17D0EE78043736
:10029000202E01D33A2EE9D13A2E1DD111E000BF14
:1002A0000B26304605B0BDE8F08F00BF01373A2E6F
:1002B00007D011E002373A2E0ED102E003373A2E72
:1002C0000AD11D780B26302DEBD8022FE9D1303D15
:1002D000092DE6D83B44036040F21867C2F20007DC
:1002E0007C68002C44D00C60207802F0FE0578B1C8
:1002F0006078FCF769FFC1070AD140070A21002D89
:1003000018BF01EAE075284605B0BDE8F08F00BFD0
:10031000607800212170FCF79BFDC1072ED1002DD4
:1003200018BF10F0040037D120460021FAF786FFED
:10033000022829D1D4F80212D4F8120201AE351DD8
:100340000DF1080C0026D4F82222D4F832320191A3
:100350008CE80D0000290EBF03202046FAF76EFF3F
:10036000022E11D802280FD355F826100136F1E7D6
:100370000C26304605B0BDE8F08F00BF032630469E
:1003800005B0BDE8F08F00BF04280BD10126304630
:1003900005B0BDE8F08F00BF0A26304605B0BDE8C5
:1003A000F08F00BF012800F2F181256A40F0C8817A
:1003B00094F84700002840F0E98194F848000028AC
:1003C00040F0E48194F84900002840F0DF8194F87F
:1003D0004A00002840F0DA8194F84B00002840F0F1
:1003E000D58194F84C00002840F0D08194F84D005D
:1003F000002840F0CB8194F84E00002840F0C681E0
:1004000094F84F00002840F0C18194F85000002873
:1004100040F0BC8194F85100002840F0B78194F876
:100420005200002840F0B28194F85300002840F0B8
:10043000AD8194F85400002840F0A88194F855004C
:10044000002840F0A38194F85600002840F09E81D7
:1004500094F85700002840F0998194F8580000283B
:1004600040F0948194F85900002840F08F8194F86E
:100470005A00002840F08A8194F85B00002840F080
:10048000858194F85C00002840F0808194F85D003C
:10049000002840F07B8194F85E00002840F07681CF
:1004A00094F85F00002840F0718194F86000002803
:1004B00040F06C8194F86100002840F0678194F866
:1004C0006200002840F0628194F86300002840F048
:1004D0005D8194F86400002840F0588194F865002C
:1004E000002840F0538194F86600002840F04E81C7
:1004F00094F86700002840F0498194F868000028CB
:1005000040F0448194F86900002840F03F8194F85D
:100510006A00002840F03A8194F86B00002840F00F
:10052000358194F86C00002840F0308194F86D001B
:10053000002840F02B8194F86E00002840F02681BE
:1005400094F86F00002840F0218194F87000002892
:1005500040F01C8194F87100002840F0178194F855
:100560007200002840F0128194F87300002840F0D7
:100570000D8194F87400002840F0088194F875000B
:10058000002840F0038194F87600002840F0FE80B7
:1005900094F87700002840F0F98094F8780000285B
:1005A00040F0F48094F87900002840F0EF8094F84F
:1005B0007A00002840F0EA8094F87B00002840F0A0
:1005C000E580B4F8A400B0F5807F40F0DF8094F8B7
:1005D000A800092840F0DA8094F88A0094F88B107B
:1005E000000240EA014094F8891094F887300844EA
:1005F00094F888101B0494F8856043EA016194F82C
:10060000863031441B0494F8842043EA012300021D
:1006100040EA1161981810EB050C51F1000140F00F
:10062000B58094F8AA30D4F89020012BE261E370F1
:1006300040F0AC8094F8A93001229A400F2B6281DF
:1006400000F2A480D4F898304FF6FD76C7F6FF7616
:10065000B34200F29B809E1C92B2A661D4F89460D3
:1006600003FB02F22E44D4F88C0092194FF00003E1
:1006700043F10003BCEB0202284499412663656202
:10068000A062C0F08380D4F89C0004F13C084FF0D5
:10069000000B4FF0000AE062BAF1000F40D1608910
:1006A000834573D2E16AA2690239023A91423ABFA4
:1006B000226B01FB0020002000EB0B094D452DD0E3
:1006C0002079D8B1607841462A4601230126FCF7FB
:1006D00085FD00287FF4E5ADD4E90721A06A081A5A
:1006E00090424FF00000207108D2E078022805D136
:1006F00060780A4441460123FCF770FD607841466A
:100700004A4601230126FCF775FC002848464D4661
:1007100018BF4FF0FF3020627FF4C3AD0BF1010B27
:1007200004EB0A0010F83C1F812900F001810AF156
:10073000200A6FF35F2ABAF1000FF1D1AFE700BFD3
:10074000B4F84700B0F5007F20D1B4F8520000287B
:1007500008BF206E94F84C30E061591E0129E37007
:1007600014D894F849104A1E0A40B1FA81F618BF0D
:10077000012276093243618108D194F84D6094F8E2
:100780004E2046EA02223607228105D00D26304649
:1007900005B0BDE8F08F00BFB4F84F60002E08BF71
:1007A000E66DB4F84A90B9F1000FEFD000FB03F802
:1007B00008EB12134B449E42E8D3F61A8E42E5D35F
:1007C000B6FBF1F14FF6F676C0F6FF764FF0000C6F
:1007D000B14238BF4FF0030C4FF6F676B14238BF46
:1007E0004FF0020C40F6F676B14238BF4FF0010CE4
:1007F000BCF1000FCAD001F1020E05EB09062B4433
:10080000BCF1030FC4F818E0C4E9095623630DD105
:1008100094F8661094F86730114341EA03210029E7
:10082000B4D1A16EE1624FEA8E0111E0002AADD091
:1008300006EB0802BCF1020FE26203D14FEA4E015F
:1008400006E000BF0EEB4E0201F0010101EB520188
:1008500001F2FF11B0EB512F98D34FF0FF30C4E9F4
:1008600004008020BCF1030F60714CD1B4F86C001F
:10087000012846D1207904F13C06B8B160783146B0
:100880002A460123FCF7AAFCD8BBD4E90721A36AB6
:1008900000202071CB1A934208D2E078022805D1BB
:1008A00060780A4431460123FCF798FC60780135F2
:1008B00031462A460123FCF79DFB002818BF4FF064
:1008C000FF3525621DD1E06B45F25222C4F2611260
:1008D00000219042617114D1D4F8200247F27221B4
:1008E000C6F2411188420CD1D4F838020021CAF670
:1008F0005521884205D1D4F82802D4F82412C4E93D
:1009000004014FF0030C84F800C038880026013041
:100910003880E08040F68420C2F20000E06040F6BB
:100920001C00C2F20000A063304605B0BDE8F08FA5
:10093000D0F814A0BAF1020FFFF428AFA0698245E5
:10094000BFF424AF206B6189AAF1020202FB01000F
:100950004FF0000B6063A06A00EBDA194D452CD014
:100960002079D0B1607841462A4601230126FCF760
:1009700035FC00287FF495ACD4E90721A06A84F8FF
:1009800004B0081A904208D2E078022805D16078B5
:100990000A4441460123FCF721FC607841464A465F
:1009A00001230126FCF726FB002848464D4618BFC8
:1009B0004FF0FF3020627FF474AC0AF07F0004EB4C
:1009C0008000C06B411C07D00AF101010D2688424E
:1009D0008246C0D065E400BF4FF0FF30C4E9040098
:1009E000002060714FF0040C8DE7000010B5EFF3AC
:1009F000058119B16FF0050010BD00BF044603F07A
:100A000045FA012808D1002C04BF002010BD204663
:100A100002F086F8002010BDEFF310800028E9D125
:100A2000EFF311800028E5D1EDE7000010B582B0AA
:100A3000EFF3058121B16FF0050002B010BD00BFDA
:100A4000044603F023FA012810D103F02FFA211AEB
:100A50000129019014DB01A803F018F801460020D9
:100A6000002908BF4FF0FF3002B010BDEFF3108037
:100A70000028E0D1EFF311800028DCD1E5E700BFCA
:100A80006FF0030002B010BDEFF30580002818BF1F
:100A900003F012BA80B503F0F9F90128BDE88040EF
:100AA00002D103F003BA00BFEFF3108028B9EFF3CF
:100AB0001180002808BF03F0F9B903F0FDB9000068
:100AC0004FF47A707047000080B5EFF3058018B1DD
:100AD0006FF0050080BD00BF03F0D8F9012811D1E7
:100AE00003F0D4F901284FF0FF3018BF80BD40F665
:100AF0008021C2F200010A68002A02BF01200860BA
:100B0000002080BDEFF310800028E1D1EFF31180C9
:100B10000028DDD1E4E7000080B5EFF3058018B1CF
:100B20006FF0050080BD00BF03F0B0F9012813D1BC
:100B300003F0ACF901284FF0FF300CD140F68021D2
:100B4000C2F200010A68012A18BF80BD02200860B5
:100B500002F0F6F8002080BDEFF310800028DFD10E
:100B6000EFF311800028DBD1E2E7000070B582B01E
:100B70001D460C46EFF30581064639B1002E6FF095
:100B8000030018BF002C1BD102B070BD03F07EF92A
:100B9000012831D1002E6FF0030018BF002CF3D0D4
:100BA000304621462A4602F0E1FC012820D06FF0B1
:100BB0000100002D08BF6FF0020002B070BD00BF41
:100BC000002DE1D10020019001AA3046214602F01B
:100BD0007BFD01281EBF6FF0020002B070BD0198BE
:100BE00030B14EF60450CEF200004FF0805101605B
:100BF000002002B070BD00BFEFF310800028BDD10F
:100C0000EFF311800028B9D1C4E70000F0B581B03E
:100C10000E46EFF3058109B100250BE014460746A7
:100C200003F034F9012809D1002F4FF0000518BF57
:100C3000002E0BD1284601B0F0BD00BFEFF31080AD
:100C4000E8B9EFF31180D0B9EEE700BFE4B1D4E921
:100C500002307BB1502812D3226982B1606906FB51
:100C600007F100258842E5D338463146009502F069
:100C70005BFA0EE018B9206908B9606920B1002557
:100C8000284601B0F0BD00BF38463146002202F0D0
:100C900007FA0546002C18BF002DCBD0216800298B
:100CA0001CBF284601F00AFE284601B0F0BD000036
:100CB000F0B581B01C460D46EFF30581074649B1FA
:100CC000002F6FF0030618BF002D1FD1304601B072
:100CD000F0BD00BF03F0DAF8012831D1002F6FF02A
:100CE000030618BF002DF1D03846294622460023BE
:100CF000002602F069FA0128E8D06FF00106002C06
:100D000008BF6FF00206304601B0F0BD002CDDD107
:100D1000002000906A4638462946002302F036FB40
:100D2000012817D10098002600281FBF4EF6045056
:100D3000CEF200004FF080510160304601B0F0BDAE
:100D4000EFF310800028BBD1EFF311800028B7D15A
:100D5000C4E700BF6FF00206304601B0F0BD0000EE
:100D6000B0B582B028B10546EFF305800C4628B136
:100D7000B4B16FF0030002B0B0BD00BF03F086F85D
:100D8000012827D12846214602F004FD01281DD064
:100D90006FF00100002C08BF6FF0020002B0B0BD80
:100DA0000020019001AA2846002102F08DFC0128B4
:100DB0001EBF6FF0020002B0B0BD019830B14EF618
:100DC0000450CEF200004FF080510160002002B0CC
:100DD000B0BD00BFEFF310800028C9D1EFF3118040
:100DE0000028C5D1CEE70000F0B581B00D46EFF385
:100DF000058119B10026304601B0F0BD1446074602
:100E000003F044F8012817D1002F4FF00006F2D06C
:100E1000BD42F0D804B3D4E90210D9B14F280ED99D
:100E2000012F35D1D4B1A36803270120002100226E
:100E3000009702F079F916E0EFF3108020B1002658
:100E4000304601B0F0BD00BFEFF311800028F6D1AD
:100E5000DAE700BF0028F2D1012F21D101200021C3
:100E6000032202F01DF90646002D18BF002E1CD0EB
:100E7000304600210022002302F0A6F9012814D0F8
:100E8000304601F0ABFD0026304601B0F0BD00BF9A
:100E900034B1A2683846294602F0EAF804E000BFFF
:100EA0003846294602F0D2F80646002C18BF002E1C
:100EB000A1D0216800291CBF304601F0FFFC30465C
:100EC00001B0F0BD10B582B0E0B10446EFF305808B
:100ED000E0B10020019001A9204602F0EDFA0128BE
:100EE0001EBF6FF0020002B010BD019830B14EF687
:100EF0000450CEF200004FF080510160002002B09B
:100F000010BD00BF6FF0030002B010BD02F0BEFFC5
:100F100001280BD1204600210022002302F054F9C1
:100F2000013818BF6FF0020002B010BDEFF310805F
:100F30000028CED1EFF311800028CAD1EAE70000E3
:100F40002DE9F04182B0EFF3058129B16FF005057D
:100F5000284602B0BDE8F081044602F097FF012860
:100F600024D1002C2CD402F08BFF064601A800905F
:100F700030460021002200234FF0000802F0E6FD79
:100F800001284FF0FF35E3D1019F304627EA0402E4
:100F9000002103230192CDF8008002F0D7FD012843
:100FA00008BF3D46284602B0BDE8F081EFF310804F
:100FB00060B16FF00505284602B0BDE8F08100BFC2
:100FC0006FF00305284602B0BDE8F081EFF3118011
:100FD0000028C6D06FF00505284602B0BDE8F081B4
:100FE00070B584B060B30D46B1F1FF3F28DD044613
:100FF0004FF0FF300390EFF3058038B300260DF17A
:10100000080C204600212A46012302960096CDF8BE
:1010100004C002F029FE03A800902046002100220F
:101020000023019602F020FE029830B14EF60450E3
:10103000CEF200004FF080510160039804B070BD03
:101040006FF003000390039804B070BD02F01EFF20
:10105000012813D10026204600212A4601230096AC
:1010600002F074FD03AE204600210022002300960A
:1010700002F06CFD039804B070BD00BFEFF3108068
:101080000028BBD1EFF311800028B7D1E2E70000C0
:101090002DE9F04F87B00E46EFF3058131B16FF0C7
:1010A0000504204607B0BDE8F08F00BF9246834696
:1010B00002F0ECFE01284DD1BBF1000F54D4002703
:1010C000B00758BF5F4602F0F1FE6FF00104BAF1BD
:1010D000000F039008BF6FF00204F0076FEA0B00E7
:1010E000CDE904A050D1029406ACD14600254FF0C2
:1010F000000803E0029D002E00F0A28000200021E5
:101100003A462346CDF8009002F05EFE06460128DE
:10111000F0D1069805EA0B0140EA01050599BA46A7
:10112000084218BF4FF00108049F15EA0B0040F079
:101130008380002F00F0808002F0B8FE0399401AEF
:10114000B7EB000957464FF0000038BF8146002E2C
:10115000D4D175E0EFF3108060B16FF00504204644
:1011600007B0BDE8F08F00BF6FF00304204607B062
:10117000BDE8F08FEFF3118000289DD06FF00504DB
:10118000204607B0BDE8F08FBAF1000F2ED04FF027
:10119000000900254FF0000803E000BF2546002E9F
:1011A0004ED0002000213A4606ABCDF800A002F058
:1011B0000BFE06460128F1D1069805EA0B0140EA2C
:1011C00001050599084218BF4FF0010805EA0B0018
:1011D000584535D002F06AFE0399401A0499B1EBE4
:1011E000000A38BFCA46002EDBD129E04FF00008C4
:1011F00006AE00200546002000213A463346CDF8D1
:10120000008002F0E1FD00283FF44BAF01282046AA
:10121000F0D1069805EA0B0140EA0105059910EAAC
:10122000010805EA0B0018BF4FF00108584518BF28
:101230006FF0020504E000BF002808BF6FF0020550
:10124000B8F1010F0CD102F01BFE00270021002293
:101250000023009702F07AFC012818BF4FF0FF35F9
:101260002C46204607B0BDE8F08F000002F008BE13
:10127000F0B585B0164600220C460492EFF30581C6
:1012800011B1104605B0F0BD054602F0FFFD012882
:1012900002D16DB950E000BFEFF3108000284BD1B0
:1012A000002DEFF311804FF00002EAD00028E8D1C2
:1012B00066B3B069002808BF182038283CD83179B7
:1012C000C90739D17369D6E902C74FEA930E31686D
:1012D000002B724608BF8022BCF1000F28D05C2F83
:1012E0002AD3002B4FF00002CBD03369002BC8D09B
:1012F0000138CDE90003284672462346CDF808C0E0
:1013000002F08AFB0246104605B0F0BD00218022A3
:101310001820013804AF009028462346019702F0B8
:1013200049FB01280CBF049A0022104605B0F0BD0D
:1013300017B93369002BECD00022104605B0F0BD80
:101340002DE9F04740F2206442F24065C2F2000409
:10135000C2F200050E46D4F814A0D4F81880D4F8D0
:101360001C902968002281F85A2029680746081D28
:1013700001F0FAF8781C15D1A6B154F8600F0130CD
:1013800061682A6891608A682B68DA602A688B68CD
:1013900004325A602A6804328A60296820604C61ED
:1013A000BDE8F08728681AEB07064660286800F158
:1013B000040105D34846BDE8F04701F041B900BF3C
:1013C000404601F03DF9A06A864238BFA662BDE8FA
:1013D000F08700002DE9F04381B0044601F062F986
:1013E00040F22066C2F20006F06842F24068013026
:1013F000F060C2F20008D8F8000042F24465C2F280
:10140000000568B17068002840F00A81D8F8000033
:10141000E16AC06A884298BFC8F8004000E100BF96
:10142000C8F80040F068012840F0FA80284601F032
:10143000F7F805F1140001F0F3F805F1280001F0C8
:10144000EFF805F13C0001F0EBF805F1500001F078
:10145000E7F805F1640001F0E3F805F1780001F028
:10146000DFF805F18C0001F0DBF805F1A00001F0D8
:10147000D7F805F1B40001F0D3F805F1C80001F088
:10148000CFF805F1DC0001F0CBF805F1F00001F038
:10149000C7F805F5827001F0C3F805F58C7001F00E
:1014A000BFF805F5967001F0BBF805F5A07001F0E6
:1014B000B7F805F5AA7001F0B3F805F5B47001F0BE
:1014C000AFF805F5BE7001F0ABF805F5C87001F096
:1014D000A7F805F5D27001F0A3F805F5DC7001F06E
:1014E0009FF805F5E67001F09BF805F5F07001F046
:1014F00097F805F5FA7001F093F805F5027001F020
:101500008FF805F5077001F08BF805F50C7001F008
:1015100087F805F5117001F083F805F5167001F0F4
:101520007FF805F51B7001F07BF805F5207001F0E0
:1015300077F805F5257001F073F805F52A7001F0CC
:101540006FF805F52F7001F06BF805F5347001F0B8
:1015500067F805F5397001F063F805F53E7001F0A4
:101560005FF805F5437001F05BF805F5487001F090
:1015700057F805F54D7001F053F805F5527001F07C
:101580004FF805F5577001F04BF805F55C7001F068
:1015900047F805F5617001F043F805F5667001F054
:1015A0003FF805F56B7001F03BF805F5707001F040
:1015B00037F805F5757001F033F805F57A7001F02C
:1015C0002FF805F57F7001F02BF805F5826001F02A
:1015D00027F805F2244001F023F805F5876001F0B3
:1015E0001FF805F24C4001F01BF840F2F469C2F21A
:1015F0000009484601F014F809F11407384601F0D3
:101600000FF806F14C0001F00BF806F1380001F07C
:1016100007F806F1600001F003F8C6F81890F761CA
:101620003068316A421CE06A32608842626488BF76
:10163000306200EB8000271D05EB80014A68616184
:101640009368A260E3609368976055F820205F601C
:10165000511C45F8201001F035F8706850B1D8F8E9
:101660000000E16AC06A884204D201B0BDE8F043DC
:1016700001F018B901B0BDE8F0830000B0B540F248
:101680002065C2F2000502E0204601F033F8A868A8
:10169000002808BFB0BD01F005F8686CC468201DC3
:1016A00000F062FFE8680138E860A8680138A860C7
:1016B00001F008F894F859000228E8D00128E3D096
:1016C00020B9206B01F016F8DEE700BF00F040FF04
:1016D000FEE7000042F24464C2F20004FFF7CEFFCE
:1016E00020680228FAD301F0DDF8F7E72DE9F0438E
:1016F00081B00A9C8146206B16460F46089D9100DA
:10170000A5229846DEF738FE206B002F53D039789B
:1017100084F83410397800294AD0797884F8351063
:101720007978002944D0B97884F83610B97800293E
:101730003ED0F97884F83710F978C9B3397984F84C
:1017400038103979A1B3797984F83910797979B376
:10175000B97984F83A10B97951B3F97984F83B1022
:10176000F97929B3397A84F83C10397A01B3797A56
:1017700084F83D10797AD9B1B97A84F83E10B97AF3
:10178000B1B1F97A84F83F10F97A89B1397B84F8DC
:101790004010397B61B1797B84F84110797B39B194
:1017A000B97B84F84210B97B11B1F97B84F84310FE
:1017B000002184F84310382D04D300F0C9FE00BF87
:1017C000FEE700BF00EB8600099F043820F0070603
:1017D000201DE562E56400F02FFF04F1180000F021
:1017E0002BFFC5F13800216BA06130464A464346C5
:1017F0002461646200F0FEFB002F206018BF3C6093
:1018000001B0BDE8F08300002DE9F047804602F00A
:101810004DFB40F2946AC2F2000ADAF810108146D9
:1018200088420ED30020C8F800004846CAF810903D
:10183000BDE8F08700F0FE0086F82800316A3046E7
:101840008847DAF80800016801B3C068C668046810
:10185000371D384600F088FE96F828004107E9D584
:10186000B069051900197560366108D2316A3046D1
:101870008847B0692918054475603661F6D3DAF8EF
:101880000C00394600F0DCFED8E700BFDAF80C1097
:10189000CAE902100120C8F800004846CAF81090B2
:1018A000BDE8F08710B582B00020019040F23C20E6
:1018B000C2F20000046800F04BFE601C08D000BFBC
:1018C000FEE700BF019830B9019820B9019810B91E
:1018D00001980028F6D002B010BD000086B040F29A
:1018E00094690DF1080A4FF0000BC2F200090DF1E6
:1018F000040800BFD9F808000668002E1ABFC068A7
:101900000768002701F07AFA5046FFF77DFF029939
:1019100011B102F0A7FC4BE005464EB3AF4227D809
:1019200002F0A0FCD9F80800C068C66806F1040BF4
:10193000584600F019FE96F8280041070BD400F035
:10194000FE0086F828002EE0E91B814226D3316A8A
:10195000304688472746B0693661C419AC42746086
:10196000F2D9BD4201D2BC42F1D2D9F8080017E049
:1019700016B1002206E000BFD9F80C000068B0FAEA
:1019800080F04209D9F80000791B01F077F802F0E5
:1019900069FC68B900F086FF0AE000BFD9F80C00C6
:1019A000594600F04DFE316A30464FF0000B884733
:1019B000D9F80000CDF814B0CDE903BBCDF808B0DC
:1019C0000AE000BF01F0FE0086F82800316A3046C8
:1019D000884700BFD9F800005146002201F0C6FD3B
:1019E00000283FF487AF0298B0F1FF3F06DCDDE945
:1019F00003200599904702980028EBD4049E002EFE
:101A0000E8D0706900281CBF301D00F0ADFD4046D5
:101A1000FFF7FAFE029901390829DBD80746DFE80B
:101A200001F005051B1F5B05051B1F0096F828101C
:101A3000039AB06941F0010386F8283083183546CF
:101A400045F8043FBB42366122D9974201D2934206
:101A500028D2D9F8080020E096F8280044E000BF1A
:101A600096F8280040F00101039886F82810002815
:101A7000B06145D03844314641F8040F3661B84270
:101A80008CBFD9F80800D9F80C0000F0D9FDA1E707
:101A9000BA1A824206D2D9F80C00294600F0D0FDCD
:101AA00098E700BF4A077FF58DAF0399014407E02F
:101AB000791A81421ED3316A30468847B06921467F
:101AC0000C18BC4274603661F2D98F4201D28C424C
:101AD000F1D2D9F808000FE096F82800810703D466
:101AE000304600F007FE75E700F0FE0086F828009B
:101AF00070E700BFD9F80C00294600F0A1FD65E7AA
:101B000000F026FDFEE70000F0B581B0044600F0CD
:101B1000C9FD94F94560012E0FDB04F1240500BFD7
:101B2000286850B1284602F02FFB002818BF01F0AA
:101B300045F870B2013E0128F2DCFF2684F84560CA
:101B400000F0C0FD00F0AEFD94F94470012F0EDBF3
:101B500004F11005286850B1284602F015FB002852
:101B600018BF01F02BF878B2013F0128F2DC84F8AD
:101B7000446001B0BDE8F04000F0A4BD2DE9F04F95
:101B800081B0022942D3044680690E46884243D977
:101B900020789146C11E022944D3022850D0012842
:101BA0003AD106EB5605A06A226A00EB5528424559
:101BB00040F09E8005F1010A6FF35F25601916F071
:101BC000010B00F13C000FBF5FFA89F1017801F0D1
:101BD0000F0169F30B11A26A017002EB5A25012073
:101BE000A845207140F0E2806FF35F2A04EB0A0001
:101BF000BBF1000F00F13C0040F004810178C9F313
:101C0000032201F0F0011144FEE000BF0227384634
:101C100001B0BDE8F08F00BF0227384601B0BDE833
:101C2000F08F00BFA16A226A01EBD615AA421BD130
:101C3000042847D14FF4FE7000EA86004DE000BF53
:101C4000A06A226A00EB1625AA4240F08180F0B219
:101C500004EB40000027A0F83C900120207138469A
:101C600001B0BDE8F08F00BF2079D0B1607804F1F9
:101C70003C08414601230127FBF7B0FA0028C6D1F2
:101C8000D4E90721A36A00202071CB1A934208D21D
:101C9000E078022805D160780A4441460123FBF729
:101CA0009DFA607804F13C012A4601230127FBF7E5
:101CB000A1F9002818BF4FF0FF352562A7D1207881
:101CC0000428B7D04FF4FE7000EA8600211891F87E
:101CD0003F10090669F31B0189462044C0F83C9077
:101CE000012000272071384601B0BDE8F08F00BF09
:101CF0002079D8B1607804F13C0A514601230127CC
:101D0000FBF76CFA00287FF482AFD4E90721A36ABD
:101D100000202071CB1A934208D2E078022805D126
:101D200060780A4451460123FBF758FA607804F1C1
:101D30003C01424601230127FBF75CF9002840469D
:101D400018BF4FF0FF3020627FF461AF32E700BF71
:101D50002079D8B1607804F13C084146012301277D
:101D6000FBF73CFA00287FF452AFD4E90721A36ABD
:101D700000202071CB1A934208D2E078022805D1C6
:101D800060780A4441460123FBF728FA607804F1A1
:101D90003C012A4601230127FBF72CF9002818BF34
:101DA0004FF0FF3525627FF432AF50E7607804F1E1
:101DB0003C063146424601230127FBF70FFA002873
:101DC0007FF425AFD4E90721A36A00202071CB1A44
:101DD000934208D2E078022805D160780A4431465F
:101DE0000123FBF7FBF9607831462A4601230127DE
:101DF000FBF700F9002818BF4FF0FF3525627FF48C
:101E000006AFF1E6C9F30711017001202071002728
:101E1000384601B0BDE8F08F2DE9F04100F108052A
:101E2000092D01D200250AE010F0070007D0A0F12B
:101E300009018D429ABF281A00F10805002500F01B
:101E4000DDFF40F2D868C2F20008D8F8000038B1CF
:101E5000D8F80420012D4FF000042BDAB3E000BFC6
:101E60004CF63860C2F20000C21D22F0070210F0EA
:101E70000701A0EB020318BF104600224FF4803781
:101E8000C8E90502002918BF03F58037C1190839D0
:101E900021F00701C8F80010C1E900220A1AD8F899
:101EA0000010C0E90012C8E90122012D4FF0000422
:101EB000C0F28980954200F28680D8F814304CF642
:101EC000386EC2F2000E734528D34FF6FF7070448F
:101ED000834223D89C465CF8046F08F11400AE429C
:101EE00020D21968D1B34FF6FF700EEB000400BF8B
:101EF000714545D318460B46A14241D85E6800277C
:101F0000AE4238BF012702D219680029F0D103F18F
:101F1000040CD8F800108B4209D124E000F018FB23
:101F2000FEE700BF0027D8F800108B421BD00168E5
:101F300001F1080474450DD34FF6FF7171448C42D2
:101F400008D8D3F800E0C0F800E07FB100F000FB53
:101F5000FEE700BF00F0FCFAFEE700BF0127D8F85B
:101F600000108B42E3D100242DE000BF711B11292A
:101F700013D35A19560707D000F0EAFAFEE700BF5C
:101F800000F0E6FAFEE700BF5160CCF80050C2F85E
:101F900000E00260D8F804202E46D8F80810901B04
:101FA0008842C8F8040038BFC8F80800DCF8000010
:101FB00040F00040CCF80000D8F80C100020186069
:101FC000481CC8F80C0002F04DF9600704BF204619
:101FD000BDE8F08100F0BCFAFEE7000042F240608C
:101FE000C2F200000068002808BF7047016D01318F
:101FF0000165704770B540F8481D4FF0807141642D
:102000004FF002314FF00134C0E90B4141F6A50118
:102010004FF0123C4FF0033E4FF01135C0F6020175
:1020200002644FF004326FF04306C0E90953C0F870
:1020300034E0C0E90EC14FF0103C4FF0093E4FF0C4
:1020400008334FF00531C0E9016200F10C024FF096
:1020500007354FF0063432C2C0E9063EC0F820C052
:1020600070BD00002DE9F04F83B0022904D2022494
:10207000204603B0BDE8F08F06688246B0690D4681
:10208000884240F2DB8017467AB13078042803D1C9
:102090009AF80700022808D0304639464FF0FF3240
:1020A000FFF76CFD04460028E2D106F13C004FF03A
:1020B0000108AB460197029005E000BF2946834521
:1020C0000D4680F09F80504659465F46FCF71EFD46
:1020D0008346013000F0B880BBF1000F00F0928021
:1020E000BBF1010F00F0AA803078042807D03046F9
:1020F00039460022FFF742FD002840F0AB80D6E9C8
:102100000510821E914205D272790131716142F04F
:1021100001017171791C5945D0D031780429594693
:10212000CDD1781B716B471CA81E326A01EB103CA5
:10213000C0F3C80900F0070008FA00F5624538D07E
:10214000307900B3707802990123CDF800C00124E2
:10215000FBF744F800287FF48BAFD6E90721B06A7B
:10216000DDF800C0081A90424FF0000030710AD22A
:10217000F078022807D170780A4402990123FBF70E
:102180002DF8DDF800C07078029962460123012421
:10219000C846E146FAF72EFFCC46C1464FF001088B
:1021A00000286046624618BF4FF0FF3030627FF46F
:1021B0005FAF0CF1010C4FF4FF7406EB090010F84F
:1021C0003C1F00BF01EA05031B0637D06940013FF1
:1021D000017086F8048011D06B0004EA45051B06E7
:1021E000F0D109F10109B9F5007F4FF00105E4D103
:1021F0004FF000096245A3D1DBE700BFB069594643
:102200005DE700BF3078042836D1019E46B39AF8C6
:10221000070003282CD078BBDAF808500024B54218
:102220003ED050462946FCF771FC022806D3411CDB
:102230000AD0691C88420546F1D019E702242046DD
:1022400003B0BDE8F08F00BF0124204603B0BDE815
:10225000F08F00BF0446204603B0BDE8F08F00BFFA
:1022600000248AF80740204603B0BDE8F08F00BF85
:10227000DAF80800B04205D90024204603B0BDE8D2
:10228000F08F00BFDAF8181000240844B04224BFD1
:1022900002208AF80700204603B0BDE8F08F00BF97
:1022A00002208AF807000024204603B0BDE8F08F22
:1022B0002DE9F04F81B0044600680021D0F8388045
:1022C000202098F80190002200EB49100AE000BF9E
:1022D0008BB2C90341EA530118F8023019440132A4
:1022E00082423BD2022A05D10322013282420BD321
:1022F00034E000BF8BB2C90341EA530118F8023041
:1023000019440132824229D2022A05D10322013224
:1023100082420BD322E000BF8BB2C90341EA5301D2
:1023200018F8023019440132824217D2022A05D12C
:102330000322013282420BD310E000BF8BB2C903EB
:1023400041EA530118F8023019440132824205D2A1
:10235000022ABDD1032201328242C3D3A8F802105F
:10236000E16C2046FAF712FD4FF0010AC0B20028D6
:1023700052D100BFD4F800B0A66BDBF82020B242E7
:1023800034D09BF8040008B39BF801000BF13C0526
:10239000294601230127FAF721FF002840D1DBE974
:1023A0000721DBF82800081A90424FF000008BF854
:1023B00004000BD29BF80300022807D19BF8010010
:1023C0000A4429460123FAF709FF00BF9BF80100E0
:1023D0000BF13C01324601230127FAF70BFE0028DE
:1023E00018BF4FF0FF36CBF8206019D1E06B4146A3
:1023F0002022DDF7AFFF2068B9F1000F80F804A0BC
:1024000012D02046002108F12008F9F78DFCA9F12F
:102410000109C0B20028ADD0012814BF022701274E
:10242000384601B0BDE8F08F0027384601B0BDE85E
:10243000F08F0000B0B504460079E0B16078226A00
:1024400004F13C0529460123FAF7C8FE00281CBF09
:102450000120B0BDD4E90721A36A00202071CB1A66
:10246000934208D2E078022805D160780A442946D0
:102470000123FAF7B3FE607901285FD120780021AB
:102480000428617134D0032858D104F140004FF47E
:10249000FC71DDF778FF45F25220C4F2611021464D
:1024A00041F83C0F47F27220C6F24110C1F8E40136
:1024B00051E90B20012381F8EC21C1F8E801100A51
:1024C00081F8ED01100C81F8EE01100E81F8EF019A
:1024D0000020CAF6552051F8182CC1F8FC0111F85B
:1024E0003B0C013241F81C2CFAF778FE26E000BFC5
:1024F0006078626A04F13C05294601232262FAF7FA
:1025000079FDD8B9D4E905018A1E824202D2FF21A1
:1025100008E000BF101A6421A0FB01010023DDF7D1
:10252000B7FEC1B294F8AC00884207D06078226A46
:1025300084F8AC1029460123FAF750FE6078002198
:102540000022FAF7F9FC002818BF0120B0BD0000F6
:10255000EFF311804FF0500181F31188BFF34F8FDB
:10256000BFF36F8F70470000D0E901320169D1F8E5
:1025700004C09A6082688445536008BF4A600B6853
:1025800000220261581E08607047000040F220607F
:10259000C2F20000C068704780B528B942F24060BE
:1025A000C2F20000006808B3016B0878A5281CBFC0
:1025B000002080BD022000BF0A1812F8013CA52BA4
:1025C0000CD10B5CA52B07D15378A52B0AD192789F
:1025D0000430A52AF0D00238800880BD0138800878
:1025E00080BD00BF0130800880BD00BFFFF7B0FF95
:1025F000FEE700004DF29823C2F2010303604DF2A2
:102600009800C2F20100086080201060704700004E
:1026100080F31188BFF34F8FBFF36F8F70470000B7
:102620004FF0FF31024642F8081F0021C0E90322A3
:10263000C0E90012704700000021016170470000EE
:1026400010B5D1F800C01CF1010213D000F108044C
:1026500062681368634511D853681C68644511D8D3
:102660005A68146864450FD854682368A6466345C1
:10267000EED90BE00269D2F804E007E09646224664
:1026800004E000BF9E4601E096461A46C1F804E009
:10269000CEF808108A60516002680861511C016020
:1026A00010BD000080B5FFF753FF40F23C20C2F29E
:1026B0000000016801310160BFF34F8FBFF36F8FDE
:1026C00080BD000080B540F23C20C2F200000168ED
:1026D00061B10168013901600068002818BF80BD40
:1026E0000020BDE88040FFF793BF00BFFFF730FF39
:1026F000FEE7000070B5002808BF70BD4CF63866D4
:10270000A0F10805C2F200060446B5420CD34FF60C
:10271000FF703044854207D854F8040C002807D4D1
:10272000FFF716FFFEE700BFFFF712FFFEE700BF4F
:10273000296819B1FFF70CFFFEE700BF20F0004049
:1027400044F8040C00F05AFB40F2D86CC2F2000CC2
:1027500054F8041CDCF804000844CCF804000CF124
:10276000140004462268AA420AD21468AC420DD270
:102770002268AA4204D214681346AC42F2D301E0A4
:1027800023461446834204D10AE000BF1346834225
:1027900006D0B34224D34FF6FF70304483421FD893
:1027A00058681A18AA4202D101441D465960681897
:1027B000A04207D1DCF80000844203D0D4E90040F5
:1027C00008446860AB422C6018BF1D60DCF8100044
:1027D0000130CCF81000BDE8704001F043BD00BFEF
:1027E000FFF7B6FEFEE7000080B5806910F8020C26
:1027F000662811D14EF68850CEF20000016841F4EF
:1028000070010160D0F8AC1141F04041C0F8AC114A
:10281000BDE8804000F05CB9FFF79AFEFEE70000DB
:102820004EF21000CEF20000042101600021816010
:1028300040F21801C2F20001096844F6D352C1F215
:102840006202A1FB02124FF0FF3101EB92114160D5
:10285000072101607047000080B540F2D060EFF3BF
:1028600005811029C2F200000CD34EF2F032CEF2F4
:102870000002895C0278914204D2FFF769FE00BF32
:10288000FEE700BF4EF60C51CEF200010968406829
:1028900001F4E061814298BF80BDFFF759FE00BF9F
:1028A000FEE700004EF60450CEF200004FF08051DB
:1028B0000160BFF34F8FBFF36F8F704710B50028D3
:1028C00070D0002908BF10BD4DF65033C2F201038D
:1028D0005A6882426AD0DA68824269D01A4652F84F
:1028E000084F4FF0000C002C18BF62461C68D3F84C
:1028F00014E0002C08BF1A46864561D09E465EF85B
:10290000104F002C08BFF446002ADEF80C4018BF18
:102910009446844250D09E465EF8182F002A4FF00D
:10292000000208BF7246DEF80C40BCF1000F18BF71
:10293000624684424FF0000C3ED09E465EF8204F27
:10294000002C08BFF446002ADEF80C4018BF94465D
:10295000844231D01C4654F8282F4FF0000E002A34
:1029600008BFA646BCF1000FE26818BFE6468242E7
:102970004FF000022AD09C465CF8304F002C08BF74
:102980006246BEF1000FDCF80C4018BF724684426C
:1029900020D0BAB953F8382F002A1A4608BFC2E926
:1029A000001011E0FFF7D4FDFEE700BF1A4609E072
:1029B00003F1080206E000BF0EF1080202E000BFCA
:1029C00003F11002C2E9001010BD00BF04F10802BB
:1029D000F8E700BF0CF10802F4E7000080B578B317
:1029E0004DF65031C2F201010B4653F8042F4FF05F
:1029F000000C824228D00B4653F80C2F824225D07F
:102A00000B4653F8142F824222D00B4653F81C2F4A
:102A100082421FD00B4653F8242F82421CD00B4613
:102A200053F82C2F824219D00B4653F8342F824290
:102A300016D00B4653F83C2F824216D1072210E0E5
:102A4000FFF786FDFEE700BF00220AE0012208E052
:102A5000022206E0032204E0042202E0052200E054
:102A6000062241F832C0C3F800C090F84610002991
:102A700018BF80BDBDE88040FFF73CBE70B515466D
:102A80000E460446FFF70EFE94F84400FF2804BFEC
:102A9000002084F8440094F84500FF2804BF00207B
:102AA00084F84500FFF70EFEA06B28B12046BDE874
:102AB0007040FFF729B800BF04F1240031462A46D0
:102AC00000F09AF82046BDE87040FFF71DB80000FE
:102AD0000A4A1168086806C881F30B88EFF314816D
:102AE00051F0020181F31488203080F30988BFF38C
:102AF0006F8F4FF0000080F31188104740260020B0
:102B000006480068006880F3088862B661B6BFF3C3
:102B10004F8FBFF36F8F66DF00BF00BF08ED00E08F
:102B20002DE9F04381B0C8B340F22067C2F200073C
:102B30000446386901303861386901281CD142F2F5
:102B40004066C2F200067D69D7F81880D7F81C905D
:102B50003068002180F85A1030680430FFF704FD17
:102B6000306864194460306800F1040108D34846B5
:102B7000FFF766FD0BE000BFFFF7EAFCFEE700BFD2
:102B80004046FFF75DFDB86A844238BFBC6201F081
:102B900069FB00281CBF01B0BDE8F08301B0BDE8AF
:102BA000F043FFF77FBE000040F22061C2F2000157
:102BB0000A6B0260496941607047000040F2206082
:102BC000C2F20000012141627047000010B578B1E7
:102BD0000C4642F24061C2F2000109681831FFF769
:102BE0002FFD20460121BDE81040FEF7A9BB00BF24
:102BF000FFF7AEFCFEE700002DE9F04381B008B31B
:102C00000C46D0E9001342F24067C2F200073E686A
:102C10000131F3619E683D682E623E689D6806F151
:102C200018066E603E6806F118069E603B680160FB
:102C300098625AB14FF0FF30114601B0BDE8F04341
:102C4000FEF77EBBFFF784FCFEE700BF40F2206585
:102C5000C2F200056E69D5F81880D5F81C90386866
:102C6000002180F85A1038680430FFF77DFC38687E
:102C7000A4194460386800F1040105D3484601B046
:102C8000BDE8F043FFF7DCBC4046FFF7D9FCA86A7B
:102C9000844238BFAC6201B0BDE8F08370B528B3A0
:102CA000026D044622B3E06C884238BF0846012A10
:102CB0001CD1E16A814208BF70BD42F24062C2F29B
:102CC00000021268A24217D0A269E062002A5CBF2B
:102CD000C0F13800A06101EB810042F24466C2F20B
:102CE0000006616906EB8000814209D070BD00BF1B
:102CF000FFF72EFCFEE700BFFFF72AFCFEE700BF50
:102D0000251D2846FFF730FC40F22061C2F2000189
:102D1000E06A0A6A904288BF086200EB800006EB16
:102D200080014A6861619368A260E360936895607E
:102D300056F820205D60511C46F8201070BD000040
:102D4000B0B58AB044F24940C4F24C50002504901A
:102D50005C200795CDF81950CDF815508DF814501A
:102D60000895099009985C2840D14DF23C040998D7
:102D7000C2F2010420465C21DDF705FB4CF63C6005
:102D8000C2F201002063022084F8590008A8CDE9AE
:102D9000005041F2D560C0F6020004A98022002351
:102DA0000294FEF7A3FC2046FEF714FB089840F2BD
:102DB0002064C2F20004606380B101F0E9FA411CB2
:102DC00018D001280AD1FFF7C3FB4FF0FF30A062F3
:102DD000012060600020606100F070F845F6484016
:102DE000C0F6020000680AB0B0BD00BFFFF7B0FB3C
:102DF000FEE700BFFFF7ACFBFEE7000040F22060FB
:102E0000C2F20000016901310161704780B540F2F2
:102E1000206CC2F2000CDCF8100018B10120CCF8D4
:102E2000240080BD0020CCF82400DCF8201042F201
:102E3000446201EB8100C2F2000252F82030CBB1B3
:102E400001EB810002EB800E734653F8042F5268A9
:102E5000181D82421A6002D1DEF80C201A60D06878
:102E600042F24062C2F200021060CCF820101068FA
:102E700080BD00BF02EB8000A0F12803A1B158691A
:102E8000B0B9012910D01868A0B902290CD053F8A4
:102E9000140C88B9032907D053F8280C04390028EA
:102EA000A3F15003EAD0CBE7FFF752FBFEE700BFE8
:102EB0000139C5E70239C3E70339C1E7B0B584B0CA
:102EC0004EF62050CEF2000050F8181C45F695132F
:102ED000CA6AC0F601039A4204D0FFF739FB00BF6B
:102EE000FEE700BF896B44F2B552C0F60102914281
:102EF00004D0FFF72DFB00BFFEE700BF00210291C9
:102F00004FF07F4140F8041C50F8041C090E8DF866
:102F100007109DF8071011F0500240F2D061C2F284
:102F200000010A7076D09DF8072002F05002502A66
:102F300074D19DF90720B2F1FF3F51DD029A0024C0
:102F4000082A4FF0000206D0029A4FF4E063A3EB88
:102F5000022202F4E0624A60016841F47F010160EC
:102F6000016841F07F41016040F8044CFFF758FCD4
:102F700040F23C25C2F200052C60FFF7C1FDFFF7CF
:102F800045FF03942C68FFF7E3FA601C3CD000BFB8
:102F9000FEE700BF029A013202929DF8072052001C
:102FA0008DF807209DF90720B2F1FF3FC6DC029A99
:102FB000013202929DF8072052008DF807209DF9FA
:102FC0000720B2F1FF3FB9DC029A013202929DF86C
:102FD000072052008DF807209DF90720002AADD563
:102FE000029A013202929DF8072052008DF80720C4
:102FF0009DF90720002ACDD4A0E700BF039830B97F
:10300000039820B9039810B903980028F6D000203F
:1030100004B0B0BDFFF79CFAFEE700BFFFF798FAD7
:10302000FEE7000010B5FFF793FA044600F04EFFEC
:1030300030B14EF60450CEF200004FF080510160E6
:103040002046BDE81040FFF7E3BA000010B558B1C4
:103050000C46814208D80021022200F021F8002805
:1030600018BF846310BD00BFFFF772FAFEE70000CF
:1030700010B582B080B10C4681420DD813464FF096
:10308000020C00210022CDF800C000F04DF800280D
:1030900018BF846302B010BDFFF75AFAFEE70000C4
:1030A0002DE9F041E0B306460F46A0FB0101B9BB94
:1030B00007FB06F010F1510F32D850309046FEF762
:1030C000ABFE4FF0000440B3054680F84640002FA9
:1030D00018BF50302860C5E90F67FFF7E3FAD5E95C
:1030E0000F122868AC6302FB0103013901FB0201E6
:1030F000C5E90103FF20E96085F8440085F8450033
:1031000005F11000FFF78CFA05F12400FFF788FAAB
:10311000FFF7D8FA2C4685F84C802046BDE8F081B0
:10312000FFF716FAFEE7000070B582B053B120B188
:103130001C4601B90AB949B142B9FFF709FA00BF03
:10314000FEE700BFFFF704FAFEE700BF502301933C
:10315000019B502B10D1019B0123002984F846309C
:1031600014BF22602460E063A0FB010221643AB135
:10317000FFF7EEF9FEE700BFFFF7EAF9FEE700BF51
:10318000069EFFF78FFAD4E90F1220680025A56389
:1031900002FB0103013901FB0201C4E90103FF2025
:1031A000E16084F8440084F8450004F11000FFF762
:1031B00037FA04F12400FFF733FAFFF783FA2046C9
:1031C00084F84C6002B070BD2DE9F04F83B00292DC
:1031D00090B11D4617460E46044689B1022D02D114
:1031E000E06B01286CD100F051FE88B987B1FFF780
:1031F000AFF900BFFEE700BFFFF7AAF9FEE700BF87
:10320000206C0028EAD0FFF7A3F900BFFEE700BF5B
:10321000FFF748FAA06B022D56D0E16B884253D3DA
:1032200004F110080120EB460DF108090DE000BF84
:103230002046FEF769FC01F015F8FFF733FAA06BA2
:10324000E16B88424FF000003ED30299002963D021
:10325000C0071CBF5846FFF7A7FCFFF733FAFFF77C
:10326000CDFDFFF71FFA94F84400FF2804BF0020AB
:1032700084F8440094F84500FF2804BF002084F837
:103280004500FFF71FFA5846494600F03BFB00286F
:1032900048D1FFF707FAA76BD4F83CA0FFF712FA62
:1032A0005745C5D102994046FFF790FC2046FEF7EE
:1032B0002BFC00F0D7FF0028BFD1FFF7F3FABCE7E3
:1032C000FFF746F9FEE700BFA76B226CD2B19DB3B2
:1032D000E0683146DDF73EF8E168206C2268091AA3
:1032E0009142E16003D2A16840420844E060A81E18
:1032F000B0FA80F040093946002F18BF012108407C
:103300003F1A26E02068002520BBA06800F09AFE46
:10331000A56005461EE000BFFFF7D4F9002003B00A
:10332000BDE8F08F2046FEF7EFFB00F09BFF00208A
:1033300003B0BDE8F08F00BF60683146DDF70AF8E2
:10334000D4E90102216C08449042606001D32068F6
:103350006060002554F8240F791C616160B120463B
:1033600000F012FF08B1FFF79DFAFFF7ABF901205B
:1033700003B0BDE8F08F00BF002D18BFFFF792FA31
:10338000FFF7A0F9012003B0BDE8F08F2DE9F04F61
:1033900081B0B8B11F46154606460C46B1B1022FA2
:1033A00002D1F06B01283FD1FFF756FAFFF7D0F8B2
:1033B000B16B022F804611D0F06B81420ED30024F6
:1033C00073E000BFFFF7C4F8FEE700BF306C0028D1
:1033D000E5D0FFF7BDF800BFFEE700BF96F945A0B6
:1033E000B06BD6F838B0326C5FFA8AF902B33FB3EB
:1033F000F0682146DCF7AEFFF168306C3268091ADC
:103400009142F16003D2B16840420844F060B81EB6
:10341000B0FA80F040095946BBF1000F18BF0121F6
:103420000840ABEB000B18E0FFF792F8FEE700BF97
:10343000306890B9B06800F005FE0020B0600CE084
:1034400070682146DCF786FFD6E90102316C08443A
:103450009042706001D3306870600BF10100B9F1E7
:10346000FF0FB0630AD0FFF791F8504514D9B9F1B6
:103470007F0F13D1FFF76CF8FEE700BF56F8240F5B
:1034800090B1304600F080FE4FF001046DB100288D
:103490001CBF01242C6008E0012406E009F10100B2
:1034A000012486F8450000E001244046FFF7B0F80B
:1034B000204601B0BDE8F08F2DE9F04130B106465D
:1034C000006C38B1FFF744F8FEE700BFFFF740F8A3
:1034D000FEE700BF30680D4610B3FFF7BDF9FFF7F8
:1034E00037F8B16BF26B8046914211D296F94540A4
:1034F000481CE7B2FF2FB0631AD0FFF747F8A0428D
:103500002DD97F2F28D1FFF723F800BFFEE700BF9A
:1035100000264046FFF77CF83046BDE8F08100BF4A
:10352000B0680028D9D0FFF713F800BFFEE700BF4E
:1035300056F8240F98B1304600F026FE002D4FF0CB
:103540000106E6D000281CBF01262E604046FFF78A
:103550005FF83046BDE8F081781C86F8450001260A
:103560004046FFF755F83046BDE8F0812DE9F047B9
:1035700084B0039260B116460D46044691B300F044
:1035800085FC48B946B1FEF7E3FF00BFFEE700BF88
:10359000FEF7DEFFFEE700BFFFF784F8A76B4FB32F
:1035A000226C52B1D4E902308118E160994224BF03
:1035B0002168E1602846DCF7CDFE54F8100F791E33
:1035C0000028A16272D0204600F0DEFD002818BF5E
:1035D000FFF768F90126FFF775F8304604B0BDE83B
:1035E000F08700BF206C0028C9D0FEF7B1FF00BFF4
:1035F000FEE700BF002E4FF0000658D00DF1040A80
:10360000504604F12408FFF7CFFA0DF10C0900BF72
:10361000FFF758F8FFF7F2FBFFF744F894F844007F
:10362000FF2808BF84F8446094F84500FF2808BFCD
:1036300084F84560FFF746F85046494600F062F9C5
:1036400060B12046FEF760FA00F00CFEFFF72AF8A2
:10365000A76BFFF737F8CFB930E000BFFFF722F8CC
:10366000A76BFFF72FF82FB12046FEF74DFA00F0B9
:10367000F9FD0BE003994046FFF7A8FA2046FEF754
:1036800043FA00F0EFFD08B9FFF70CF9FFF70AF86D
:10369000A76B002F7FF484AF03980028B8D10026D1
:1036A000FFF710F8304604B0BDE8F0870126FFF7B9
:1036B00009F8304604B0BDE8F08700BF0026304668
:1036C00004B0BDE8F08700002DE9F04760B39146F3
:1036D00006460F4661B3FFF7BFF8FEF739FFB46B3C
:1036E00080466CB396F94450326C5FFA85FA52B159
:1036F000D6E902308118F160994224BF3168F16047
:103700003846DCF727FE601EBAF1FF0FB0631FD00A
:10371000FEF73CFFA84235D9BAF17F0F2ED1FEF754
:1037200017FF00BFFEE700BFFEF712FFFEE700BF76
:10373000306C0028CFD0FEF70BFF00BFFEE700BFC4
:1037400000264046FEF764FF3046BDE8F08700BF24
:1037500056F8100FB0B1304600F016FDB9F1000F69
:103760004FF00106EDD000281CBF0126C9F800600B
:103770004046FEF74DFF3046BDE8F0870AF10100F4
:1037800086F8440001264046FEF742FF3046BDE879
:10379000F08700002DE9F04784B0039130B1044672
:1037A000006C38B1FEF7D4FEFEE700BFFEF7D0FE96
:1037B000FEE700BF0D4600F069FB28B925B1FEF712
:1037C000C7FE00BFFEE700BFFEF76CFFA06BB8B1FD
:1037D0000138A063206810B9FEF700FCA06054F81F
:1037E000100F30B1204600F0CFFC002818BFFFF7C3
:1037F00059F80125FEF766FF284604B0BDE8F087BA
:10380000002D4FF0000570D004F12408012001AF15
:103810000DF10C0A4FF00009C0071CBF3846FFF736
:10382000C3F9FEF74FFFFFF7E9FAFEF73BFF94F805
:103830004400FF2808BF84F8445094F84500FF284E
:1038400008BF84F84550FEF73DFF3846514600F06A
:1038500059F858B12046FEF757F900F003FDFEF77E
:1038600021FFA66BFEF72EFF16BB2DE0FEF71AFF19
:10387000A66BFEF727FF2EB12046FEF745F900F0B4
:10388000F1FC15E0206838B9FEF70CFFA06800F0E5
:1038900023FC8146FEF716FF03994046FFF796F991
:1038A0002046FEF731F900F0DDFC08B9FEF7FAFF1B
:1038B000FEF7F8FEA06B00287FF48AAF039800287B
:1038C0004FF00000A8D10FE0B9F1000F14D0FEF7BF
:1038D000E9FE606A00280FBF0021206B0068C0F17C
:1038E0003801A068FFF7DAF90025FEF7EBFE28465D
:1038F00004B0BDE8F08700BF0025284604B0BDE84D
:10390000F0870000B0B5E8B10D46F9B10446FEF706
:10391000C9FE40F2206E42F24063C2F2000EC2F2D3
:103920000003DEF814106268186890F85A0088B135
:103930001868002180F85A100124FEF7C3FE2046C3
:10394000B0BD00BFFEF704FEFEE700BFFEF700FEBD
:10395000FEE700BF2B68581C0ED0DEF830C0914245
:1039600010D3206884450DD0002028600124FEF784
:10397000A9FE2046B0BD00BF0024FEF7A3FE2046EE
:10398000B0BD00BF891A8B420CD9581A2860DEF8E6
:1039900030002060DEF8140060600024FEF792FE24
:1039A0002046B0BD002001242860FEF78BFE204693
:1039B000B0BD00002DE9F04F83B007469000984657
:1039C00015468946FEF728FA08B306465C20FEF73E
:1039D00023FAC8B1DDE90CBA5C210446DCF7D3FC5C
:1039E000002084F85900384649462A464346266353
:1039F000CDE900BA0294FDF779FE2046FDF7EAFC16
:103A0000012003B0BDE8F08F3046FEF773FE4FF0A3
:103A1000FF3003B0BDE8F08F2DE9F04786B00F9D71
:103A20000746002004902DB3109C3CB35C20059009
:103A300005985C2826D105980E46DDF838A020466A
:103A40005C2198469146DCF79EFC022084F85900E0
:103A500004A82563CDE900A0384631464A464346CE
:103A60000294FDF743FE2046FDF7B4FC049806B02F
:103A7000BDE8F087FEF76CFDFEE700BFFEF768FDCE
:103A8000FEE700BFFEF764FDFEE700002DE9F0430E
:103A900081B0B8B1D1B140F22066C2F200063269FD
:103AA0000132326172693369012B13D103689A4282
:103AB000194413D299424FF0000401603CD2914264
:103AC00014D839E0FEF744FDFEE700BFFEF740FDE5
:103AD000FEE700BFFEF73CFDFEE700BF9942016034
:103AE00004D3914202D8002426E000BF42F2406491
:103AF000C2F200047769D6F81880D6F81C902068C6
:103B0000002380F85A3020688D1A0430FEF72CFD0F
:103B100020687F194760206800F1040104D34846FB
:103B2000FEF78EFD07E000BF4046FEF789FDB06A54
:103B3000874238BFB762012400F094FB002808BF19
:103B4000FEF7B0FE204601B0BDE8F083F0B581B0CD
:103B500021B1FEF7FDFC00BFFEE700BF0446D8B16F
:103B6000069F1E461546FEF79DFD002F1CBF606D8B
:103B7000386094F858000221042E84F858100FD8A9
:103B8000DFE806F01F04181E540000BF616D2943D2
:103B90006165012861D116E0FEF7DAFCFEE700BF9F
:103BA00040F22061C2F20001496951B1FEF7D0FC38
:103BB000FEE700BF616D0131616501284DD102E072
:103BC0006565012849D1D4E902326169201D4F6839
:103BD0009A60E2688742536008BF4A600A68013A07
:103BE0000A6040F22062C2F20002E16A136A99425E
:103BF00088BF116201EB810242F24463C2F200030A
:103C000003EB82077E686761B568A660E560B5680A
:103C1000B060686053F82200A76A013043F82200C0
:103C200067B1FEF795FC00BFFEE700BF022811D187
:103C30000024FEF747FD204601B0F0BD42F240608F
:103C4000C2F200000068C06A884238BFFEF72AFE50
:103C500003E000BF65650128B5D00124FEF732FD01
:103C6000204601B0F0BD0000F0B581B020B139B1FF
:103C7000FEF76EFCFEE700BFFEF76AFCFEE700BF42
:103C8000069F1E4615460446FEF7E6FDFEF760FC5D
:103C9000002F1CBF616D396094F858100222042E69
:103CA00084F858200CD8DFE806F01C03151B25000B
:103CB000626D2A436265012940F0808013E000BFF5
:103CC00040F22062C2F20002526952B1FEF740FC9B
:103CD000FEE700BF626D0132626501296ED102E02C
:103CE000656501296AD1A16A61B1FEF731FC00BFA7
:103CF000FEE700BF02291DD10024FEF789FC204603
:103D000001B0F0BD40F2206CC2F2000CDCF81020D3
:103D1000A2B1614651F84C2F04F1180601324B68EC
:103D2000A1629F68E36127629F689E60E36A7E608C
:103D30000A602DE065650129D5D03FE0D4E902672E
:103D40006369221D5D68B760E76895427E6008BFC1
:103D50005F601F6842F2446E013F1F60E36ADCF857
:103D60002070C2F2000EBB4288BFCCF8203003EBBB
:103D700083070EEB8705696865618E68A160E66060
:103D80008E688A605EF82710726001314EF8271045
:103D900042F24061C2F200010968C96A8B420DD942
:103DA000079A0124002A1CBF01211160CCF824408D
:103DB000FEF72EFC204601B0F0BD00BF0124FEF747
:103DC00027FC204601B0F0BD2DE9F04120B1FEF7FF
:103DD000BFFB00BFFEE700BF42F24066C2F2000632
:103DE000DDF8188030681D461446B8F1000F90F8D1
:103DF000580018BF022819D1FEF754FC15B13068DD
:103E0000406D28603068002590F858100020022985
:103E100004D1316801254A6DA2434A65316881F8B1
:103E20005800FEF74FFC2846BDE8F08140F22060C4
:103E3000C2F200000F46016901310161FEF732FC58
:103E4000306890F85800022804D1FEF73BFC00F0DF
:103E500009FAD1E73068416DB94341653068012105
:103E600080F85810FEF72EFC40460121FDF768FA55
:103E700000F0F8F9002808BFFEF714FDBCE70000C9
:103E800042F24060C2F200000068704740F22060D9
:103E9000C2F20000416800290FBF01200069B0FA9A
:103EA00080F0400918BF40007047000040F22060D9
:103EB000C2F200004069704780B5FEF7CDFC40F2C9
:103EC0002060C2F20000406980BD00002DE9F0478B
:103ED00040F2206AC2F2000ADAF8100040B1DAF8C3
:103EE0002C000130CAF82C000020BDE8F08700BF8C
:103EF000DAF8140010F10109CAF8149022D3DAF8A4
:103F00001800006820B1FEF723FB00BFFEE700BFEA
:103F1000DAF81800DAF81C30CAF81830CAF81C00B1
:103F2000DAF830000130CAF83000DAF8180000681A
:103F300020B1DAF81800C068006801E04FF0FF30E7
:103F4000CAF82800DAF8280042F2406C42F24468CD
:103F50008145C2F2000CC2F2000801D200205FE0ED
:103F6000DAF818004FF0000E0068002850D000204A
:103F700022E000BFE66ADAF820108E4288BFCAF855
:103F8000206006EB860108EB8102536862619F683E
:103F9000A360E7609F689D6058F821307D605A1CDF
:103FA00048F82120DCF80010C96ADAF818208E429F
:103FB00088BF0120116879B3DAF81840E468E46832
:103FC000254655F8046FB14528D3D4E90236676910
:103FD0007A689E60E668AA42736008BF7E603A68AD
:103FE000A66A013A002EC4F814E03A60C2D0D4E9BF
:103FF000072304F1180193607368276A8B427A6083
:1040000008BF77603168C4F828E001393160B1E752
:104010004FF0FF36002001E04FF0FF36CAF828606D
:10402000DCF80010C96A01EB810158F82110012960
:1040300088BF0120DAF82410002918BF0120BDE84C
:10404000F0870000B0B5002804BF0020B0BD0446D2
:1040500042F24060C2F200000068A04204D0FEF7C5
:1040600077FA00BFFEE700BF206D88B301382065F6
:104070004FF0000018BFB0BDE16AE26C914226D05B
:10408000251D2846FEF770FAE06C42F2446CC0F140
:104090003801A16140F22061E062C2F200010A6AC7
:1040A000C2F2000C904288BF086200EB80000CEB6B
:1040B0008002536862619968A360E16099689D60BD
:1040C0004D605CF8201001314CF820100120B0BD8B
:1040D000FEF73EFAFEE70000F0B581B010B342F201
:1040E0004067C2F200070446C06A3968C96A88425C
:1040F0001CD2A169002904D43968C96AC1F1380108
:10410000A16100EB800042F24466C2F200066169E0
:1041100006EB8000814213D03868C06AE06201205B
:1041200001B0F0BD002001B0F0BD00BFE16C386807
:10413000C26A0020914238BF012001B0F0BD00BF2B
:10414000251D2846FEF710FA386840F22061C06A43
:10415000C2F20001E0620A6A904288BF086200EB86
:10416000800006EB80014A6861619368A260E360A9
:104170009368956056F820205D60511C46F8201029
:10418000012001B0F0BD000070B5C068C06848B340
:10419000D0E90723816A00F1180ED1F804C09360BA
:1041A000036AF4455A6008BF4B600B6800228262C4
:1041B0005A1E40F2206C0A60C2F2000CDCF81010AB
:1041C000A1B1614651F84C2F01324B6881629C6865
:1041D000C36104629C68C3F808E0C36AC4F804E0E1
:1041E0000A6032E0FEF7B4F9FEE700BFD0E9022131
:1041F000436900F1040E5C689160C16874454A60CF
:1042000008BF59601A6800214161511E1960C36AD4
:10421000DCF8201042F244628B4288BFCCF8203098
:1042200003EB8301C2F2000202EB81046568446182
:10423000AE688560C660AE68C5F808E0C6F804E000
:1042400052F82160701C42F8210042F24060C2F234
:1042500000000068C06A834292BF00200120CCF8B1
:10426000240070BD2DE9F04381B0FEF71BFA40F247
:104270002064C2F20004206960B120690138206125
:10428000206958B10024FEF71DFA204601B0BDE8B0
:10429000F08300BFFEF75CF9FEE700BFE06800288E
:1042A000F0D0E06C42F240680028C2F2000854D01E
:1042B00042F244694FF0000EC2F200094FF0010CC7
:1042C000A26DD368D3E907679A6A03F118055068AD
:1042D000B7601F6AA8427E6008BF57601068C3F8C5
:1042E00028E0013810601A1DD3E902055F697E6875
:1042F0008560DD689642686008BF7D603868C3F8F5
:1043000014E001383860DD6A206A854288BF256282
:1043100005EB850009EB800677685E61B9689F60F0
:10432000D960B968BA604A6059F82010013149F87B
:104330002010D8F80000C06A854288BFC4F824C0A5
:10434000E06C0028BCD1A069006818B1A069C06801
:10435000006801E04FF0FF30A062E56A4DB101272F
:10436000FFF7B4FD002818BF6762013DF8D10020B7
:10437000E062606A00283FF485AFD8F80000FEF7DD
:1043800091FA0124FEF79EF9204601B0BDE8F083C2
:1043900070B586B0FEF786F940F29466C2F2000668
:1043A000306808BB06F114042046FEF739F906F11F
:1043B00028052846FEF734F942F2505242F2F053F3
:1043C000C6E9024500250A20C2F200021021C2F20D
:1043D00000030095FEF7A8FE306028B145F6030102
:1043E000C0F60201FEF76AFAFEF76CF93068E0B138
:1043F0000020CDE9040005A804A903AAFEF7FAF8F5
:10440000DDE903200221059D0023CDE9001041F6DE
:10441000DD00C0F6020007A10295FFF7FDFA0028B3
:1044200070601EBF012006B070BDFEF791F800BF9E
:10443000FEE700BF546D7220537663000FB4054B46
:1044400010B503A9044A029800F06CFA10BC5DF89C
:1044500014FB0000C5EA0108000000200FB47CB581
:104460000C0009AD01D0611E00E00021CDE9000182
:10447000064B6A462946089800F054FA002C02D0F0
:10448000009A002111707CBC5DF814FB874D020876
:104490004100080218BF04200A0E18BF40F00100B6
:1044A0004FF07F4232EA010108BF40F002000128CC
:1044B00008BF05207047000010B54FF00E402DEDED
:1044C000028BB0EE408A18EE104A00EB4400B0F1C7
:1044D000506F4AD84FF0FC40B0EB440F22D2B0EE00
:1044E000C80AF7EE000A30EEC00AF6EE000A60EEE7
:1044F000208A18EE900A00F063FC01EE100A14F016
:10450000004F1DBFDFED2D0A9FED2D0AB1EE411AC0
:10451000DFED2C0A08BF9FED2C0AF8EE001A21EE01
:10452000218A05E0DFED290A68EE088AB0EE600A0C
:104530009FED271ADFED271A30EE080A48EE811AA0
:104540009FED251A08EEA11ADFED241A48EE811A14
:104550009FED231A08EEA11A68EE281ABDEC028B13
:1045600001EE810A30EE200A10BD4FF0E440B0EBBE
:10457000440F0CD918EE100AFFF78AFF042808BF71
:1045800000F0B2F9B0EE480ABDEC028B10BD4FF05E
:104590007F40B0EB440F07D2B0EE480ABDEC028B6F
:1045A000BDE8104000F091B9012000F0B5F9BDEC74
:1045B000028BBDE8104000F08FB900000000C9BFB9
:1045C00022AAFDB90000C93F22AAFD39000000005F
:1045D00024FE1C3DC78AD83C1E67383D1B93993D7D
:1045E000AFAA2A3E70B54FF068422DED048BF0EE75
:1045F000408A18EE900AB0EE608A18EE101A02EBAC
:104600004003B3F1654F3CBF02EB4102B2F1654F8D
:104610007DD200BFC0F3C753C1F3C7529A1A1B2AF9
:1046200009DD10F0004F14BF9FED830A9FED830A50
:10463000BDEC048B70BD12F11A0F36DA11F0004F89
:1046400009D010F0004F0CBF9FED7D0A9FED7D0A51
:10465000BDEC048B70BD88EE889A19EE100AFFF746
:1046600017FF042808BF00F03FF918EE900AFFF783
:104670000FFF054618EE100AFFF70AFF044619EE71
:10468000100AFFF705FF042D18BF052D08D1042CD3
:1046900018BF052C04D1002804BF022000F03CF90B
:1046A000B0EE490ABDEC048B70BD4200B2EB410F85
:1046B0003AD910F0004F19BFDFED630A9FED630A8E
:1046C000DFED630A9FED630AB0EE481A0A46B1EEC9
:1046D000688A80F00041F0EE418A10460A1A5200C2
:1046E000B2F1807F34D2484010F0004FDFED5A1A0B
:1046F0009FED5A2A1DBFBEEE001A70EEE10A30EEA1
:10470000420AB6EE001A08BF70EEA10A00E040E0CF
:1047100008BF30EE020AB0EE682A01EE482A08EE21
:10472000818AC2EE081A15E011F0004F04BF9FED18
:104730004C0AF0EE400AD1D010F0004F19BFDFED67
:10474000490A9FED490ADFED490A9FED490AC5E78D
:10475000C8EE881A21EEA11A9FED462ADFED462AFF
:1047600041EE022A9FED452A01EE222ADFED442A7E
:1047700041EE022A9FED432ABDEC048B01EE222A72
:1047800021EE811A01EE020A30EE210A30EE200AF3
:1047900070BD4FF07F42B2EB400F28BFB2EB410F2C
:1047A00009D2F0EE480AB0EE680ABDEC048BBDE811
:1047B000704000F08DB840EA01035B0008BF41F093
:1047C000FF410BD0B2EB400F08BFB2EB410F08D155
:1047D00020F0804008EE900A21F0804108EE101A87
:1047E00018E7B2EB400F12BF5FEA410340F0FF4011
:1047F00001F000413FF40EAFB2EB410F12BF5FEA90
:10480000400200F0004041F0FF413FF403AF4A0096
:1048100092EA40033FF5FEAE002AACBF9FED1A0AB4
:104820009FED1A0A68EE808A28EE008A18EE900A38
:1048300018EE101AEEE60000DB0FC9BFDB0FC93F10
:10484000DB0F4940DB0F49C00000C9BF22AAFDB9F8
:104850000000C93F22AAFD390060ED3EC30ACE37F1
:1048600000000000000049C022AA7DBA00004940B3
:1048700022AA7D3A2DAD65BD8FB8D53D0FB511BECD
:1048800061C84C3EA8AAAABE0000804F0000802F3D
:1048900010B52DED028BB1EEC08A18EE100A20F093
:1048A0000040C0F1FF40C00F0AD010EE100A20F007
:1048B0000040C0F1FF40C00F04BF012000F02CF801
:1048C000B0EE480ABDEC028B10BD30EE000A704716
:1048D00030EE200A70470000DFED020A80EEA00AE9
:1048E00070470000000000009FED020A20EE000A61
:1048F000704700000000001002E008C8121F08C145
:10490000002AFAD170477047002001E001C1121F50
:10491000002AFBD170470000014908607047000081
:10492000040000202DE9FF4F8DB00F4605460026FC
:1049300006E025280BD0DDE90F1290476D1C761C90
:1049400028780028F5D111B03046BDE8F08F00245A
:10495000A246A1460122EC4900E0044315F8013FBC
:10496000203B02FA03F00842F7D128782A2810D019
:104970006FF02F022878A0F13001092914D80AEB32
:104980008A0102EB410144F0020400EB010A6D1CB4
:10499000F0E701CF5FEA000A03D544F40054CAF1FE
:1049A000000A44F002046D1C28782E2817D115F84F
:1049B000010F44F004042A280ED06FF02F0228784B
:1049C000A0F1300109290AD809EB890102EB410164
:1049D00000EB01096D1CF2E757F8049B6D1C287869
:1049E0006C280FD006DC4C2817D068280DD06A2818
:1049F00014D104E0742810D07A280FD10DE044F4CB
:104A000000140AE044F4801401E044F4401469788E
:104A1000814202D104F580146D1C6D1C2A786E2A27
:104A20001FD00CDC632A31D004DC002A8BD0582A3A
:104A300011D1A3E0642A68D0692A0CD165E0732AF9
:104A40002ED004DC6F2A73D0702A04D19BE0752A23
:104A50006FD0782A6ED01046DDE90F129047761C91
:104A600050E1C4F30250022806D0032809D00428DC
:104A700001CF09D0066045E101CFF117C0E900611F
:104A800040E101CF06803DE106703BE117F8040BE1
:104A90008DF8000000208DF80100EB46012003E0B6
:104AA00057F804BB4FF0FF3061074FF0000102D40C
:104AB0000DE008F10101884649450FDA8045F8DB31
:104AC0001BF808100029F4D108E008F1010188461C
:104AD0008142FADB1BF808100029F6D1DDE90F232B
:104AE000AAEB08008146214600F036F9304400EB7D
:104AF000080604E0DDE90F121BF8010B9047B8F13E
:104B00000108F7D221464846F7E00A21C4F30253D0
:104B10004FF0000B0891022B04D001CFC117032BDB
:104B200009D00AE0FF1D27F00707F7E8020108E0B7
:104B300032E01FE020E000B2C117042B01D140B2E7
:104B4000C117031E71F1000307DA4FF0000CD0EB20
:104B50000C006CEB01012D2302E0230504D52B236F
:104B60008DF82430012303E0E30701D02023F7E789
:104B7000984658E00A2110E010210EE010204FF076
:104B8000000B08900CE010214FF0000B44F00404DF
:104B90004FF00809089103E008214FF0000B08913D
:104BA000C4F30253022B04D001CF0021032B06D003
:104BB00006E0FF1D27F00707F7E8020103E080B2D7
:104BC000042B00D1C0B24FF0000823072BD5702A68
:104BD00007D0DDF820C08CF0100C5CEA0B0C05D07F
:104BE0000EE040238DF82430012308E050EA010351
:104BF00006D030238DF824308DF8252002239846E6
:104C0000DDF820C08CF0080C5CEA0B0C0BD150EAEC
:104C1000010301D1630706D530238DF824304FF00E
:104C20000108A9F10109582A04D038A20B9208AA58
:104C30000A920BE03AA2F9E75B46089ADBF728FBF9
:104C40000B9B9B5C0A9A521E0A92137050EA010257
:104C5000F2D10A98ADEB000000F1200B600702D5FD
:104C600024F4803401E04FF00109D94502DDA9EBBD
:104C70000B0000E0002000EB0B0141440890AAEB80
:104C8000010AE00306D4DDE90F232146504600F077
:104C900063F806444FF0000908E009A911F809007B
:104CA000DDE90F12904709F10109761CC145F4DBDB
:104CB000E0030CD5DDE90F232146504600F04CF807
:104CC000064404E0DDE90F1230209047761C089975
:104CD000481E08900029F5DC08E00A980A99007837
:104CE000491C0A91DDE90F129047761CBBF10001C7
:104CF000ABF1010BF1DC21465046DDE90F2300F05A
:104D000019F806446D1C1BE60928010030313233C6
:104D100034353637383961626364656600000000F7
:104D200030313233343536373839414243444546E1
:104D3000000000002DE9F041044600251E461746FC
:104D4000880404D405E039462020B0476D1C641E59
:104D5000F9D52846BDE8F0812DE9F041044600254B
:104D60001E469046C80301D5302700E0202788045E
:104D700004D505E041463846B0476D1C641EF9D5A0
:104D80002846BDE8F0814A68002A06D00A68531C0C
:104D90000B6010704868401E4860704710B50446AC
:104DA00001E0F9F78FFE14F8010B04490028F8D14F
:104DB000BDE810400A20F9F785BE00000000002081
:104DC00010B500EE100A2DED028BB1EEC08A18EE80
:104DD000100A20F00040C0F1FF40C00F0AD010EED2
:104DE000100A20F00040C0F1FF40C00F04BF0120B6
:104DF000FFF792FD18EE100ABDEC028B10BD00000B
:104E0000FA57020800000000000000000000000047
:104E1000000000000000000001020304060708096A
:104E20000000000001020304809A45418E418F80FA
:104E30004545454949498E8F9092924F994F555516
:104E400059999A9B9C9D9E9F41494F55A5A5A6A700
:104E5000A8A9AAABACADAEAFB0B1B2B3B4B5B6B75A
:104E6000B8B9BABBBCBDBEBFC0C1C2C3C4C5C6C74A
:104E7000C8C9CACBCCCDCECFD0D1D2D3D4D5D6D73A
:104E8000D8D9DADBDCDDDEDFE0E1E2E3E4E5E6E72A
:104E9000E8E9EAEBECEDEEEFF0F1F2F3F4F5F6F71A
:104EA000F8F9FAFBFCFDFEFF010002000400060019
:104EB00008000A000C0010002000400080000001E3
:104EC0000000803F00000000000000000000000023
:104ED0000001020304050607080C101418203040D6
:104EE0000101010307010000080402040801010197
:104EF000A5510208000000000000000000000000B2
:104F00000000000000100000180000000000000079
:104F100000000000B5510208000000000000000081
:104F20000000000000000000000200001800000067
:104F30000000000000000000925102080000000084
:104F40000000000000000000000000000010000051
:104F50001800000000000000000000007551020869
:104F60000000000000000000000000000000000041
:104F70000010000020000000000000000000000001
:104F80002A5102080000000000000000000000009C
:104F900000000000000800001800000000000000F1
:104FA000000000009813002011080800FC130020E6
:104FB0001108080001020304050607080D0E0F0A78
:104FC0000B0C0009B44F0208BC4F02080D0E0F0A6B
:104FD0000B0C07080102030405060009CC4F020868
:104FE000D44F02080001040805090E0C0302070B48
:104FF000060A0D0F4E5102080000000000000000DC
:105000000000000000000000001800000800000080
:1050100000000000000000005B426F6F745D206BB9
:1050200065726E656C20696E697469616C697A6518
:10503000640D005B426F6F745D206672656572740B
:105040006F7320696E697420646F6E650D005B423A
:105050006F6F745D206265666F7265206B65726E3E
:10506000656C0D005B426F6F745D207374617274C8
:10507000696E67207363686564756C65720D005BAB
:1050800052544F535D2068616E646C657320646593
:105090006661756C743D30782530386C58207761C6
:1050A000746368646F673D30782530386C582074BD
:1050B0006573743D30782530386C58206672616DA8
:1050C000653D30782530386C58207379733D3078E1
:1050D0002530386C582074696D653D30782530383E
:1050E0006C5820696D753D30782530386C582074C7
:1050F0006F7563683D30782530386C582064617472
:10510000613D30782530386C582072733438353D25
:1051100030782530386C582073746F726167653D44
:1051200030782530386C580D0A0072733438355495
:1051300061736B00746F7563684164635461736B72
:105140000074696D6553796E635461736B00737499
:105150006F726167655461736B0077617463686433
:105160006F675461736B0075617274446562756733
:105170005461736B00696D7543616E5461736B00AC
:1051800073797374656D4D616E6167657254617397
:105190006B006672616D65417373656D626C6572FB
:1051A0005461736B006461746150726F63657373F3
:1051B0005461736B0064656661756C745461736BE4
:1051C000005B494D555F4255535D207374617274A5
:1051D00065643D3078256C782073746174653D2872
:1051E000256C752C256C7529206163743D28256C10
:1051F000752C256C7529206C65633D28256C752CF4
:10520000256C752920646C65633D28256C752C25FB
:105210006C75292074786572723D28256C752C2573
:105220006C75292072786572723D28256C752C2565
:105230006C7529207761726E3D28256C752C256C64
:1052400075292065703D28256C752C256C752920E5
:10525000626F3D28256C752C256C75290D0A005B45
:105260004652414D455D20617373656D626C6564A6
:105270003D256C7520696D755F776169743D256C9E
:105280007520746F7563685F776169743D256C750F
:1052900020696D755F7374616C653D256C75207454
:1052A0006F7563685F7374616C653D256C75206D07
:1052B00069736D617463683D256C75207261775FF9
:1052C000616C6C6F635F6661696C3D256C75207203
:1052D00061775F7075625F6661696C3D256C7520F2
:1052E00064745F75733D256C75206C6173745F69C0
:1052F000643D256C750D0A005B434F554E545D208F
:10530000696D753D256C7520746F7563683D256CFE
:1053100075207261773D256C752066756C6C3D2536
:105320006C752070726F6365737365643D256C7571
:10533000207261775F726563763D256C75206472BB
:105340006F707328693D256C752C743D256C752C28
:10535000723D256C752C663D256C752920616C6C41
:105360006F635F6661696C3D256C7520717565754D
:10537000655F6661696C3D256C750D0A005B494D82
:10538000555F43414E5D206972713D256C752072F9
:10539000783D256C75207061727365643D256C7570
:1053A00020756E7061727365643D256C7520726541
:1053B0006A65637465643D256C75207075623D2572
:1053C0006C752064726F703D256C7520696E697410
:1053D0005F6572723D256C75206572723D256C7536
:1053E000206C6173743D30782530386C7820657896
:1053F000743D256C7520646C633D256C7520636677
:10540000675F74783D256C75206366675F726570B1
:105410006C793D256C75206366675F6F6B3D3078F6
:105420002530346C78206366675F6661696C3D3057
:10543000782530346C78206366675F7265747279A2
:105440003D256C75207265635F73746174653D25DD
:105450006C75207265635F6E6F64653D256C7520A9
:105460006275735F7265696E69743D256C75207035
:1054700077725F6379636C653D256C752066726534
:1054800073683D3078253034782066697273745FB4
:105490006E6F64653D256C75207365656E3D307873
:1054A0002530386C780D0A0020696D755F72783D83
:1054B000256C7520687A3D00256C752E256C75006D
:1054C0005B506F7765725D5B42515D20636F6E6606
:1054D00069677572656420767265673D25756D56DE
:1054E00020696368673D25756D412069696E647048
:1054F0006D3D25756D4120697465726D3D25756D35
:10550000410D0A005B506F7765725D2070657269AE
:1055100070686572616C207265636F766572792060
:1055200074696D656F757420696D755F726561640E
:10553000793D257520746F7563685F726561647964
:105540003D2575206D61736B3D3078253034580DE5
:105550000A005B506F7765725D20706572697068D4
:105560006572616C20706F776572206F666620745B
:105570007269676765723D256C756D7320656C6136
:10558000707365643D256C756D7320636F6D706C11
:105590006574653D25750D0A005B506F7765725D1A
:1055A000207065726970686572616C20706F7765D4
:1055B00072206F6666206279206372697469636124
:1055C0006C206261747465727920636F6D706C65B4
:1055D00074653D25750D0A005B506F7765725D5BE4
:1055E00042515D206661696C656420737461676512
:1055F0003D257528257329207374617475733D25C5
:10560000750D0A005B506F7765725D207065726979
:1056100070686572616C207265636F76657279205F
:10562000726561647920696D753D30782530345834
:105630002066756C6C3D256C750D0A005B506F77AC
:1056400065725D5B42515D207265636F7665726560
:10565000640D005B506F7765725D206175746F6DCE
:1056600061746963207065726970686572616C202D
:10567000706F776572206379636C652073746172F3
:105680007465640D005B506F7765725D20494D5500
:10569000207265636F7665727920726571756573C6
:1056A0007473207065726970686572616C20706FC8
:1056B000776572206379636C650D006164630073C4
:1056C00074617475735F72656164006368617267A9
:1056D000655F766F6C74616765006E6F6E650069FB
:1056E0006E746572727570745F636F6E6669670061
:1056F0007761746368646F670065787465726E6162
:105700006C5F696C696D00696E69740063686172D1
:1057100067655F63757272656E74007465726D693A
:105720006E6174696F6E5F63757272656E74006925
:105730006E7075745F63757272656E740063686114
:105740007267655F736166657479005B53445D20C1
:105750007265636F7264207374617274206661692C
:105760006C6564207374617475733D257520657272
:10577000723D3078253034580D0A005B53445D206B
:105780007265636F726420737461727465642066FD
:10579000696C653D25730D0A005B53445D206469A7
:1057A000736B20696E69743D256C75207265737525
:1057B0006C743D256C752068616C3D256C752065A9
:1057C00072723D30782530386C582073746174657E
:1057D0005F6265666F72653D256C752073746174D8
:1057E000655F61667465723D256C752063617264E6
:1057F0003D256C750D0A00303A007364446D6153A9
:10580000656D00546D7251007D1D0100632C001EFA
:105810009601A01E5A01001F0806101F0606201F31
:105820000806301F0806401F0606511F0700591FB3
:10583000521F5B1F541F5D1F561F5F1F601F08060E
:10584000701F0E00BA1FBB1FC81FC91FCA1FCB1F66
:10585000DA1FDB1FF81FF91FEA1FEB1FFA1FFB1FE0
:10586000801F0806901F0806A01F0806B01F04002E
:10587000B81FB91FB21FBC1FCC1F0100C31FD01F10
:105880000206E01F0206E51F0100EC1FF31F0100E6
:10589000FC1F4E21010032217021100284210100E1
:1058A0008321D0241A05302C2F04602C0201672C90
:1058B0000601752C0201802C6401002D260841FF91
:1058C0001A03000061001A03E0001703F800070341
:1058D000FF000100780100013001320106013901A9
:1058E00010014A012E017901060180014D00430299
:1058F000810182018201840184018601870187017F
:1059000089018A018B018B018D018E018F0190012C
:105910009101910193019401F6019601970198017B
:1059200098013D029B019C019D0120029F01A00165
:10593000A001A201A201A401A401A601A701A7013F
:10594000A901AA01AB01AC01AC01AE01AF01AF01ED
:10595000B101B201B301B301B501B501B701B8019D
:10596000B801BA01BB01BC01BC01BE01F701C00115
:10597000C101C201C301C401C501C401C701C801FD
:10598000C701CA01CB01CA01CD011001DD0101002F
:105990008E01DE011201F3010300F101F401F401B3
:1059A000F8012801220212013A020900652C3B028B
:1059B0003B023D02662C3F02400241024102460288
:1059C0000A015302400081018601550289018A01C2
:1059D00058028F015A0290015C025D025E025F0272
:1059E0009301610262029401640265026602670229
:1059F000970196016A02622C6C026D026E029C0194
:105A0000700271029D01730274029F017602770297
:105A1000780279027A027B027C02642C7E027F0289
:105A2000A60181028202A901840285028602870200
:105A3000AE014402B101B20145028D028E028F0215
:105A400090029102B7017B030300FD03FE03FF03F5
:105A5000AC0304008603880389038A03B10311039E
:105A6000C2030200A303A303C4030803CC0303007F
:105A70008C038E038F03D8031801F2030A00F90385
:105A8000F303F403F503F603F703F703F903FA034B
:105A9000FA033004200350041007600422018A0432
:105AA0003601C1040E01CF040100C004D00444013A
:105AB000610526040000000080510208000000007B
:105AC00000000000000000000000000000080000CE
:105AD0000800000000000000000000004151020822
:105AE00000000000000000000000000000000000B6
:105AF000000400002800000000000000000000007A
:105B00003451020800000000000000000000000006
:105B10000000000000100000200000000000000055
:105B200000000000675102080000000000000000B3
:105B3000000000000000000000100000080000004D
:105B40000000000000000000C700FC00E900E200C7
:105B5000E400E000E500E700EA00EB00E800EF0009
:105B6000EE00EC00C400C500C900E600C600F40069
:105B7000F600F200FB00F900FF00D600DC00A200F6
:105B8000A300A500A7209201E100ED00F300FA00B8
:105B9000F100D100AA00BA00BF001023AC00BD0084
:105BA000BC00A100AB00BB009125922593250225E6
:105BB0002425612562255625552563255125572520
:105BC0005D255C255B251025142534252C251C25F9
:105BD00000253C255E255F255A2554256925662527
:105BE000602550256C256725682564256525592580
:105BF0005825522553256B256A2518250C258825FF
:105C000084258C2590258025B103DF009303C003F4
:105C1000A303C303B500C403A6039803A903B403F5
:105C20001E22C603B50329226122B1006522642227
:105C300020232123F7004822B0001922B7001A229E
:105C40007F20B200A025A000370000005A510208B2
:105C500000000000F4D201205C00000050D30120BD
:105C600000080000300000000000000000000000FC
:105C7000905C02080000002040020000540400086C
:105C8000C85C02084002002050DD010008490208FB
:105C900081140101011BFFFF08314210281490D02C
:105CA000030102030405060708090A0B0C0D0E0F79
:105CB000101C21E3803F09FD1009EF10211A01019A
:085CC0001AFF011AAA010000FD
:040000050800024DA0
:00000001FF
